{
    "shapes": [
        {
            "shape_type": "polygon",
            "points": [
                [
                    312.2618811183553,
                    148.25661191203713
                ],
                [
                    307.9056289011405,
                    266.97844507237295
                ],
                [
                    464.18543812212624,
                    256.8035643092569
                ],
                [
                    466.8881408248289,
                    142.49513823612494
                ]
            ],
            "flags": {},
            "group_id": null,
            "label": "pickable_smartpac"
        },
        {
            "shape_type": "polygon",
            "points": [
                [
                    136.49597579949057,
                    25.99391670650284
                ],
                [
                    107.3640951411706,
                    38.028321175692376
                ],
                [
                    205.738078881008,
                    117.54051629764359
                ],
                [
                    231.59173741759335,
                    100.46734556593628
                ]
            ],
            "flags": {},
            "group_id": null,
            "label": "pickable_box"
        }
    ],
    "imagePath": "1616051123-769797-por1094.png",
    "flags": {},
    "imageWidth": 640,
    "imageHeight": 360
}