{
    "shapes": [
        {
            "shape_type": "polygon",
            "points": [
                [
                    356.6685045723507,
                    142.3577273283156
                ],
                [
                    373.68814846365234,
                    259.69791351876916
                ],
                [
                    470.3495157132549,
                    253.81556057759272
                ],
                [
                    472.89323590403393,
                    139.34815199253708
                ]
            ],
            "flags": {},
            "group_id": null,
            "label": "pickable_smartpac"
        },
        {
            "shape_type": "polygon",
            "points": [
                [
                    419.79307692152196,
                    43.481697302552966
                ],
                [
                    407.07447596762694,
                    147.1382950767978
                ],
                [
                    286.5657319294711,
                    133.94274658713167
                ],
                [
                    299.92026293106096,
                    27.58344611018413
                ]
            ],
            "flags": {},
            "group_id": null,
            "label": "pickable_smartpac"
        },
        {
            "shape_type": "polygon",
            "points": [
                [
                    191.63895759093205,
                    110.17856164647613
                ],
                [
                    172.39985585358167,
                    193.82255162031896
                ],
                [
                    272.71009370259924,
                    220.91665710118764
                ],
                [
                    296.8052333096313,
                    140.87529205465196
                ]
            ],
            "flags": {},
            "group_id": null,
            "label": "pickable_flat"
        }
    ],
    "imagePath": "1616051157-095519-por1094.png",
    "flags": {},
    "imageWidth": 640,
    "imageHeight": 360
}