{
    "shapes": [
        {
            "shape_type": "polygon",
            "points": [
                [
                    293.4683912035029,
                    59.04738644316807
                ],
                [
                    412.3500227684189,
                    23.396893241355226
                ],
                [
                    470.01908879525627,
                    183.48975736647736
                ],
                [
                    347.3984542977889,
                    221.32855590908827
                ]
            ],
            "flags": {},
            "group_id": null,
            "label": "pickable_flat"
        },
        {
            "shape_type": "polygon",
            "points": [
                [
                    378.4861049041561,
                    247.74396013197912
                ],
                [
                    454.9566931394502,
                    196.0746437567804
                ],
                [
                    465.17802478318936,
                    212.11632904914885
                ],
                [
                    387.3051641474925,
                    265.17256376797525
                ]
            ],
            "flags": {},
            "group_id": null,
            "label": "pickable_polybag"
        },
        {
            "shape_type": "polygon",
            "points": [
                [
                    412.8552863968813,
                    237.5442019097846
                ],
                [
                    410.16579984431405,
                    255.39261266773076
                ],
                [
                    463.34428395189354,
                    256.49285716650826
                ],
                [
                    465.0557753944363,
                    235.7104610784887
                ]
            ],
            "flags": {},
            "group_id": null,
            "label": "pickable_polybag"
        },
        {
            "shape_type": "polygon",
            "points": [
                [
                    253.98006247708113,
                    165.36146866592352
                ],
                [
                    250.5405661725846,
                    268.1749265570444
                ],
                [
                    347.4439551956326,
                    259.73850975484964
                ],
                [
                    346.9108781335525,
                    172.96276352910098
                ]
            ],
            "flags": {},
            "group_id": null,
            "label": "pickable_smartpac"
        }
    ],
    "imagePath": "1616050655-909133-por1094.png",
    "flags": {},
    "imageWidth": 640,
    "imageHeight": 360
}