{
    "shapes": [
        {
            "shape_type": "polygon",
            "points": [
                [
                    60.43344352091248,
                    116.56728094073007
                ],
                [
                    180.32591663919203,
                    111.72857126331073
                ],
                [
                    183.28290588650387,
                    207.42749599449354
                ],
                [
                    59.89580911231033,
                    211.72857126331073
                ]
            ],
            "flags": {},
            "group_id": null,
            "label": "pickable_smartpac"
        }
    ],
    "imagePath": "1616051419-260377-por1094.png",
    "flags": {},
    "imageWidth": 640,
    "imageHeight": 360
}