{
    "shapes": [
        {
            "shape_type": "polygon",
            "points": [
                [
                    259.21933835395373,
                    70.27325652015477
                ],
                [
                    188.25159641846986,
                    174.03669738036984
                ],
                [
                    324.27310179481395,
                    261.40228877821926
                ],
                [
                    393.3591233001903,
                    167.585084477144
                ]
            ],
            "flags": {},
            "group_id": null,
            "label": "pickable_flat"
        }
    ],
    "imagePath": "1616051417-254952-por1094.png",
    "flags": {},
    "imageWidth": 640,
    "imageHeight": 360
}