{
    "shapes": [
        {
            "shape_type": "polygon",
            "points": [
                [
                    80.04285842283942,
                    90.46016467670239
                ],
                [
                    179.43907313300963,
                    142.2382632074316
                ],
                [
                    150.02730842712728,
                    203.44653029805164
                ],
                [
                    48.75544833173778,
                    150.66433633938712
                ]
            ],
            "flags": {},
            "group_id": null,
            "label": "pickable_box"
        },
        {
            "shape_type": "polygon",
            "points": [
                [
                    281.66685687549926,
                    1.846536492175467
                ],
                [
                    315.41685687549926,
                    106.84653649217546
                ],
                [
                    207.41685687549926,
                    150.59653649217546
                ],
                [
                    175.91685687549926,
                    41.84653649217547
                ]
            ],
            "flags": {},
            "group_id": null,
            "label": "pickable_smartpac"
        },
        {
            "shape_type": "polygon",
            "points": [
                [
                    150.16685687549926,
                    216.09653649217546
                ],
                [
                    211.66685687549926,
                    291.59653649217546
                ],
                [
                    336.16685687549926,
                    184.59653649217546
                ],
                [
                    242.16685687549926,
                    130.59653649217546
                ]
            ],
            "flags": {},
            "group_id": null,
            "label": "pickable_smartpac"
        }
    ],
    "imagePath": "1616051528-175572-por1094.png",
    "flags": {},
    "imageWidth": 640,
    "imageHeight": 360
}