{
    "shapes": [
        {
            "shape_type": "polygon",
            "points": [
                [
                    307.76054735173847,
                    104.5522017271397
                ],
                [
                    359.3734505775449,
                    185.46618022176335
                ],
                [
                    246.2014075667922,
                    258.3156425873548
                ],
                [
                    193.78205272808253,
                    175.51994366262358
                ]
            ],
            "flags": {},
            "group_id": null,
            "label": "pickable_box"
        },
        {
            "shape_type": "polygon",
            "points": [
                [
                    410.3922247800675,
                    127.98861742794901
                ],
                [
                    353.3922247800675,
                    207.238617427949
                ],
                [
                    422.3922247800675,
                    265.488617427949
                ],
                [
                    489.1422247800675,
                    187.988617427949
                ]
            ],
            "flags": {},
            "group_id": null,
            "label": "pickable_polybag"
        }
    ],
    "imagePath": "1616050895-330871-por1094.png",
    "flags": {},
    "imageWidth": 640,
    "imageHeight": 360
}