{
    "shapes": [
        {
            "shape_type": "polygon",
            "points": [
                [
                    51.77003910068422,
                    92.10470712083615
                ],
                [
                    138.59799608993154,
                    31.08320174449206
                ],
                [
                    198.71577614619258,
                    113.90453360557468
                ],
                [
                    97.46896383186701,
                    167.10470712083614
                ]
            ],
            "flags": {},
            "group_id": null,
            "label": "pickable_smartpac"
        },
        {
            "shape_type": "polygon",
            "points": [
                [
                    169.3976598045537,
                    147.09415773646444
                ],
                [
                    216.3232261475958,
                    49.521342202483865
                ],
                [
                    291.56594459419773,
                    80.91292796300166
                ],
                [
                    247.71481190811357,
                    178.3239311992476
                ]
            ],
            "flags": {},
            "group_id": null,
            "label": "pickable_flat"
        },
        {
            "shape_type": "polygon",
            "points": [
                [
                    359.7994231541887,
                    33.39780819597199
                ],
                [
                    360.0171533253361,
                    149.62153670891436
                ],
                [
                    460.56616859827767,
                    149.03383244022848
                ],
                [
                    457.3015542907186,
                    35.21357046045731
                ]
            ],
            "flags": {},
            "group_id": null,
            "label": "pickable_smartpac"
        }
    ],
    "imagePath": "1616050539-053695-por1094.png",
    "flags": {},
    "imageWidth": 640,
    "imageHeight": 360
}