{
    "shapes": [
        {
            "shape_type": "polygon",
            "points": [
                [
                    321.21180742334593,
                    149.8399677245831
                ],
                [
                    320.3040153132077,
                    258.0504278412016
                ],
                [
                    465.0276445676288,
                    256.0642908110763
                ],
                [
                    461.5152478734139,
                    152.34528254661345
                ]
            ],
            "flags": {},
            "group_id": null,
            "label": "pickable_flat"
        }
    ],
    "imagePath": "1616051306-608924-por1094.png",
    "flags": {},
    "imageWidth": 640,
    "imageHeight": 360
}