{
    "shapes": [
        {
            "shape_type": "polygon",
            "points": [
                [
                    455.61004442207917,
                    18.43947491714239
                ],
                [
                    353.9971411962727,
                    69.78356093864777
                ],
                [
                    385.4487540994985,
                    156.342700723594
                ],
                [
                    460.03553095900264,
                    122.32732704546372
                ]
            ],
            "flags": {},
            "group_id": null,
            "label": "pickable_smartpac"
        },
        {
            "shape_type": "polygon",
            "points": [
                [
                    65.40725670655897,
                    112.9098881113575
                ],
                [
                    55.65725670655896,
                    175.6598881113575
                ],
                [
                    167.65725670655897,
                    200.6598881113575
                ],
                [
                    181.40725670655897,
                    119.4098881113575
                ]
            ],
            "flags": {},
            "group_id": null,
            "label": "pickable_polybag"
        }
    ],
    "imagePath": "1616051137-895480-por1094.png",
    "flags": {},
    "imageWidth": 640,
    "imageHeight": 360
}