{
    "shapes": [
        {
            "shape_type": "polygon",
            "points": [
                [
                    109.4401168235479,
                    143.89341667044866
                ],
                [
                    126.09482797147975,
                    202.0101836780441
                ],
                [
                    260.0801580448294,
                    160.68989027951108
                ],
                [
                    241.33926844244115,
                    103.74635822451634
                ]
            ],
            "flags": {},
            "group_id": null,
            "label": "pickable_box"
        },
        {
            "shape_type": "polygon",
            "points": [
                [
                    369.9798283229981,
                    136.58948544436632
                ],
                [
                    376.1455737552106,
                    249.78501745726362
                ],
                [
                    457.00577642679053,
                    244.01847362185748
                ],
                [
                    451.2436403099966,
                    132.25667357282958
                ]
            ],
            "flags": {},
            "group_id": null,
            "label": "pickable_box"
        },
        {
            "shape_type": "polygon",
            "points": [
                [
                    199.79970630192562,
                    211.77356139195157
                ],
                [
                    308.48651948873896,
                    126.58150344989359
                ],
                [
                    372.60190410412355,
                    221.1391957575859
                ],
                [
                    250.67882718104653,
                    280.36996498835515
                ]
            ],
            "flags": {},
            "group_id": null,
            "label": "pickable_flat"
        }
    ],
    "imagePath": "1616050764-215787-por1094.png",
    "flags": {},
    "imageWidth": 640,
    "imageHeight": 360
}