{
    "shapes": [
        {
            "shape_type": "polygon",
            "points": [
                [
                    393.03177421806413,
                    110.40824624240355
                ],
                [
                    429.24901564710945,
                    159.97699416907628
                ],
                [
                    290.19942887024996,
                    261.0100520203159
                ],
                [
                    252.34335744682966,
                    210.7893778824595
                ]
            ],
            "flags": {},
            "group_id": null,
            "label": "pickable_box"
        },
        {
            "shape_type": "polygon",
            "points": [
                [
                    266.2659977860346,
                    109.06582991162237
                ],
                [
                    246.06649653915179,
                    226.27281245526328
                ],
                [
                    96.93931449426401,
                    199.09076756748274
                ],
                [
                    118.13632197556076,
                    81.63440846523834
                ]
            ],
            "flags": {},
            "group_id": null,
            "label": "pickable_polybag"
        }
    ],
    "imagePath": "1616051404-392487-por1094.png",
    "flags": {},
    "imageWidth": 640,
    "imageHeight": 360
}