{
    "shapes": [
        {
            "shape_type": "polygon",
            "points": [
                [
                    126.93208714362561,
                    178.19661108122642
                ],
                [
                    119.93908015061862,
                    272.6022054868209
                ],
                [
                    225.18383539537388,
                    269.80500268961805
                ],
                [
                    216.79222700376548,
                    160.01479289940826
                ]
            ],
            "flags": {},
            "group_id": null,
            "label": "pickable_polybag"
        },
        {
            "shape_type": "polygon",
            "points": [
                [
                    249.2326360570778,
                    200.28473800806304
                ],
                [
                    327.7272597129917,
                    135.23097456720288
                ],
                [
                    399.5014532613788,
                    224.20946919085875
                ],
                [
                    321.0068296054649,
                    299.74710359946084
                ]
            ],
            "flags": {},
            "group_id": null,
            "label": "pickable_smartpac"
        },
        {
            "shape_type": "polygon",
            "points": [
                [
                    366.1681199280455,
                    191.68258747042864
                ],
                [
                    399.7702704656799,
                    193.02667349193402
                ],
                [
                    523.1573672398735,
                    286.5750605887082
                ],
                [
                    471.81328121836805,
                    274.7471035994608
                ]
            ],
            "flags": {},
            "group_id": null,
            "label": "pickable_smartpac"
        }
    ],
    "imagePath": "1616051332-602773-por1094.png",
    "flags": {},
    "imageWidth": 640,
    "imageHeight": 360
}