{
    "shapes": [
        {
            "shape_type": "polygon",
            "points": [
                [
                    250.23562639447184,
                    198.6530828700585
                ],
                [
                    336.60495281468667,
                    125.97636369946319
                ],
                [
                    390.06019463891244,
                    193.0659983024668
                ],
                [
                    307.8662359743655,
                    262.859321036966
                ]
            ],
            "flags": {},
            "group_id": null,
            "label": "pickable_flat"
        },
        {
            "shape_type": "polygon",
            "points": [
                [
                    370.39072726245206,
                    38.243426942219926
                ],
                [
                    398.31617599179265,
                    120.31568273275366
                ],
                [
                    503.3682907954181,
                    92.73260116175668
                ],
                [
                    472.24572364166835,
                    0
                ]
            ],
            "flags": {},
            "group_id": null,
            "label": "pickable_smartpac"
        }
    ],
    "imagePath": "1616051229-752165-por1094.png",
    "flags": {},
    "imageWidth": 640,
    "imageHeight": 360
}