{
    "shapes": [
        {
            "shape_type": "polygon",
            "points": [
                [
                    241.50909987448446,
                    51.16824573276187
                ],
                [
                    256.8983294132742,
                    155.4204451462516
                ],
                [
                    331.091877800371,
                    147.01157640013952
                ],
                [
                    313.509899661208,
                    41.78408150988797
                ]
            ],
            "flags": {},
            "group_id": null,
            "label": "pickable_box"
        },
        {
            "shape_type": "polygon",
            "points": [
                [
                    316.1958500744311,
                    43.023750931375574
                ],
                [
                    329.62560214054685,
                    138.06507324542508
                ],
                [
                    390.9892385041832,
                    128.56094101402022
                ],
                [
                    376.7330401570758,
                    34.346064980962346
                ]
            ],
            "flags": {},
            "group_id": null,
            "label": "pickable_box"
        },
        {
            "shape_type": "polygon",
            "points": [
                [
                    363.9453732784996,
                    16.947781446315172
                ],
                [
                    471.69388578637063,
                    16.990036127607294
                ],
                [
                    460.88307497555985,
                    99.16870801216155
                ],
                [
                    388.2280670264342,
                    106.33820782872019
                ]
            ],
            "flags": {},
            "group_id": null,
            "label": "pickable_smartpac"
        },
        {
            "shape_type": "polygon",
            "points": [
                [
                    139.0280208303059,
                    156.83956461660532
                ],
                [
                    223.62554883368546,
                    91.56445587938101
                ],
                [
                    288.2316966243793,
                    182.95445497755722
                ],
                [
                    221.73567076976389,
                    262.3460061620565
                ]
            ],
            "flags": {},
            "group_id": null,
            "label": "pickable_polybag"
        }
    ],
    "imagePath": "1616050907-002374-por1094.png",
    "flags": {},
    "imageWidth": 640,
    "imageHeight": 360
}