{
    "shapes": [
        {
            "shape_type": "polygon",
            "points": [
                [
                    349.9617990345257,
                    176.5469425782519
                ],
                [
                    344.8855257146768,
                    254.23445527664407
                ],
                [
                    453.13765098823166,
                    254.1850890687852
                ],
                [
                    453.3551344000198,
                    180.17425959988003
                ]
            ],
            "flags": {},
            "group_id": null,
            "label": "pickable_flat"
        },
        {
            "shape_type": "polygon",
            "points": [
                [
                    261.1185682517653,
                    151.47157070520328
                ],
                [
                    218.08104959951595,
                    264.85588296698944
                ],
                [
                    122.51236422285417,
                    236.64317986506916
                ],
                [
                    160.1785385212294,
                    115.66829064793474
                ]
            ],
            "flags": {},
            "group_id": null,
            "label": "pickable_smartpac"
        }
    ],
    "imagePath": "1616051243-885115-por1094.png",
    "flags": {},
    "imageWidth": 640,
    "imageHeight": 360
}