{
    "shapes": [
        {
            "shape_type": "polygon",
            "points": [
                [
                    366.2714301827205,
                    139.57338897661478
                ],
                [
                    365.8782017103132,
                    227.7943078426949
                ],
                [
                    452.0352265037016,
                    227.58769627244698
                ],
                [
                    452.4484496441975,
                    141.63728304930652
                ]
            ],
            "flags": {},
            "group_id": null,
            "label": "pickable_box"
        },
        {
            "shape_type": "polygon",
            "points": [
                [
                    70.69477392746555,
                    30.23125551339975
                ],
                [
                    139.7358698178765,
                    102.28605003394769
                ],
                [
                    39.73586981787651,
                    138.72440619833125
                ],
                [
                    0,
                    66.6696116777833
                ]
            ],
            "flags": {},
            "group_id": null,
            "label": "pickable_smartpac"
        }
    ],
    "imagePath": "1616051440-921980-por1094.png",
    "flags": {},
    "imageWidth": 640,
    "imageHeight": 360
}