{
    "shapes": [
        {
            "shape_type": "polygon",
            "points": [
                [
                    369.34865954239035,
                    219.8642497015727
                ],
                [
                    461.34591814306464,
                    185.97691465846745
                ],
                [
                    469.5788472316086,
                    207.83405376159587
                ],
                [
                    379.2767804589536,
                    243.92308396827315
                ]
            ],
            "flags": {},
            "group_id": null,
            "label": "pickable_polybag"
        },
        {
            "shape_type": "polygon",
            "points": [
                [
                    368.1480046242954,
                    244.2410489921205
                ],
                [
                    455.5883861823241,
                    214.67030177431448
                ],
                [
                    462.90158173081375,
                    233.4302381813097
                ],
                [
                    373.2354450058535,
                    263.1599679110394
                ]
            ],
            "flags": {},
            "group_id": null,
            "label": "pickable_polybag"
        },
        {
            "shape_type": "polygon",
            "points": [
                [
                    411.07328284369135,
                    242.01529382518888
                ],
                [
                    408.8475276767597,
                    258.3904925533288
                ],
                [
                    464.6503893619743,
                    256.8006674340919
                ],
                [
                    463.85547680235584,
                    240.1075036821046
                ]
            ],
            "flags": {},
            "group_id": null,
            "label": "pickable_polybag"
        },
        {
            "shape_type": "polygon",
            "points": [
                [
                    0,
                    77.38604255206006
                ],
                [
                    89.84366453086022,
                    23.17025833627584
                ],
                [
                    182.148859336055,
                    168.94698161299917
                ],
                [
                    73.46254564974133,
                    234.12929929531683
                ]
            ],
            "flags": {},
            "group_id": null,
            "label": "pickable_flat"
        }
    ],
    "imagePath": "1616050637-972584-por1094.png",
    "flags": {},
    "imageWidth": 640,
    "imageHeight": 360
}