{
    "shapes": [
        {
            "shape_type": "polygon",
            "points": [
                [
                    323.3487292277615,
                    67.13636363636364
                ],
                [
                    250.69326641100835,
                    167.48375817730656
                ],
                [
                    383.4889653357396,
                    260.22569366117756
                ],
                [
                    456.33842770133094,
                    168.55902699451087
                ]
            ],
            "flags": {},
            "group_id": null,
            "label": "pickable_flat"
        }
    ],
    "imagePath": "1616051420-456404-por1094.png",
    "flags": {},
    "imageWidth": 640,
    "imageHeight": 360
}