{
    "shapes": [
        {
            "shape_type": "polygon",
            "points": [
                [
                    198.63619445071058,
                    64.98620197007295
                ],
                [
                    253.02613491103227,
                    55.12660897265004
                ],
                [
                    266.6624985473959,
                    160.70512136934425
                ],
                [
                    209.84431672921417,
                    169.17619574950953
                ]
            ],
            "flags": {},
            "group_id": null,
            "label": "pickable_box"
        },
        {
            "shape_type": "polygon",
            "points": [
                [
                    258.6200856921489,
                    20.24144427465112
                ],
                [
                    261.8171451726308,
                    95.47466242230777
                ],
                [
                    367.2225505780362,
                    90.70518706459713
                ],
                [
                    362.9300227560966,
                    15.983406460463568
                ]
            ],
            "flags": {},
            "group_id": null,
            "label": "pickable_box"
        },
        {
            "shape_type": "polygon",
            "points": [
                [
                    350.4254486338753,
                    117.03082883141536
                ],
                [
                    465.82829578672255,
                    110.1179916685782
                ],
                [
                    461.1936804021072,
                    222.75260705319357
                ],
                [
                    346.77060347903006,
                    212.36799166857818
                ]
            ],
            "flags": {},
            "group_id": null,
            "label": "pickable_smartpac"
        },
        {
            "shape_type": "polygon",
            "points": [
                [
                    77.05327622594356,
                    80.19033312912802
                ],
                [
                    160.76828894858988,
                    24.97404814185067
                ],
                [
                    204.0252864040606,
                    127.00967155151987
                ],
                [
                    132.7784670656382,
                    184.26157994846645
                ]
            ],
            "flags": {},
            "group_id": null,
            "label": "pickable_smartpac"
        }
    ],
    "imagePath": "1616050806-476236-por1094.png",
    "flags": {},
    "imageWidth": 640,
    "imageHeight": 360
}