{
    "shapes": [
        {
            "shape_type": "polygon",
            "points": [
                [
                    28.84270453585814,
                    37.6868871785407
                ],
                [
                    35.86749792428789,
                    179.21581279837537
                ],
                [
                    128.42948139536227,
                    137.6868871785407
                ],
                [
                    109.21460536230443,
                    23.430688831433258
                ]
            ],
            "flags": {},
            "group_id": null,
            "label": "pickable_flat"
        },
        {
            "shape_type": "polygon",
            "points": [
                [
                    173.14696844443276,
                    17.061971463347277
                ],
                [
                    163.39696844443276,
                    139.81197146334728
                ],
                [
                    309.8969684444328,
                    156.31197146334728
                ],
                [
                    316.1469684444328,
                    48.06197146334728
                ]
            ],
            "flags": {},
            "group_id": null,
            "label": "pickable_box"
        },
        {
            "shape_type": "polygon",
            "points": [
                [
                    242.9990394503499,
                    158.56197146334728
                ],
                [
                    259.59075542668126,
                    256.8430365521046
                ],
                [
                    379.4132406337819,
                    243.3814980905662
                ],
                [
                    375.8629447757937,
                    140.71877619707507
                ]
            ],
            "flags": {},
            "group_id": null,
            "label": "pickable_smartpac"
        }
    ],
    "imagePath": "1616051377-602320-por1094.png",
    "flags": {},
    "imageWidth": 640,
    "imageHeight": 360
}