{
    "shapes": [
        {
            "shape_type": "polygon",
            "points": [
                [
                    176.6625874125874,
                    207.59090909090907
                ],
                [
                    356.86815291227055,
                    177.83505286446461
                ],
                [
                    333.33874114756463,
                    249.5361657420481
                ],
                [
                    178.01282699812114,
                    283.5584232937174
                ]
            ],
            "flags": {},
            "group_id": null,
            "label": "pickable_smartpac"
        },
        {
            "shape_type": "polygon",
            "points": [
                [
                    201.57714820950113,
                    42.95156592215419
                ],
                [
                    238.44777758013052,
                    163.16135613194433
                ],
                [
                    405.75546988782287,
                    140.25925822984647
                ],
                [
                    366.41980555215855,
                    32.39212536271359
                ]
            ],
            "flags": {},
            "group_id": null,
            "label": "pickable_smartpac"
        }
    ],
    "imagePath": "1616051079-184276-por1094.png",
    "flags": {},
    "imageWidth": 640,
    "imageHeight": 360
}