{
    "shapes": [
        {
            "shape_type": "polygon",
            "points": [
                [
                    19.37357782829244,
                    173.13832445470163
                ],
                [
                    38.459599333668784,
                    42.76198036868013
                ],
                [
                    190.61013696807737,
                    78.51466854072314
                ],
                [
                    161.57787890356124,
                    184.1598298310457
                ]
            ],
            "flags": {},
            "group_id": null,
            "label": "pickable_polybag"
        },
        {
            "shape_type": "polygon",
            "points": [
                [
                    267.40773384481895,
                    133.90375826927507
                ],
                [
                    386.29930738755525,
                    133.77237802161576
                ],
                [
                    387.6991865781322,
                    240.86389115964053
                ],
                [
                    268.9331270562587,
                    243.83940401887432
                ]
            ],
            "flags": {},
            "group_id": null,
            "label": "pickable_smartpac"
        }
    ],
    "imagePath": "1616050779-547247-por1094.png",
    "flags": {},
    "imageWidth": 640,
    "imageHeight": 360
}