{
    "shapes": [
        {
            "shape_type": "polygon",
            "points": [
                [
                    158.19678499934534,
                    134.80272584772925
                ],
                [
                    267.12551511575873,
                    160.66693983511038
                ],
                [
                    288.199895281048,
                    81.94793157064755
                ],
                [
                    177.45609362815546,
                    54.055369587176486
                ]
            ],
            "flags": {},
            "group_id": null,
            "label": "pickable_box"
        },
        {
            "shape_type": "polygon",
            "points": [
                [
                    271.7525185117696,
                    159.9368358833755
                ],
                [
                    349.01413220370114,
                    150.52363294939016
                ],
                [
                    362.8283131327965,
                    257.6140974970674
                ],
                [
                    285.688948829618,
                    267.3940485973119
                ]
            ],
            "flags": {},
            "group_id": null,
            "label": "pickable_box"
        },
        {
            "shape_type": "polygon",
            "points": [
                [
                    352.2635917550807,
                    172.5200595539426
                ],
                [
                    460.6830895394234,
                    150.06806546236209
                ],
                [
                    474.27245438432743,
                    231.1611230694522
                ],
                [
                    366.2960880623185,
                    253.16998569869887
                ]
            ],
            "flags": {},
            "group_id": null,
            "label": "pickable_box"
        }
    ],
    "imagePath": "1616050714-155212-por1094.png",
    "flags": {},
    "imageWidth": 640,
    "imageHeight": 360
}