{
    "shapes": [
        {
            "shape_type": "polygon",
            "points": [
                [
                    187.47458863040868,
                    156.82183028641407
                ],
                [
                    204.82996053123503,
                    90.08629309633146
                ],
                [
                    300.0778944155326,
                    104.54910301368682
                ],
                [
                    290.5737621841277,
                    173.55736747649675
                ]
            ],
            "flags": {},
            "group_id": null,
            "label": "pickable_polybag"
        }
    ],
    "imagePath": "1616050681-760007-por1094.png",
    "flags": {},
    "imageWidth": 640,
    "imageHeight": 360
}