{
    "shapes": [
        {
            "shape_type": "polygon",
            "points": [
                [
                    222.67011834319524,
                    60.95992469069393
                ],
                [
                    234.6549565743678,
                    171.52514148758232
                ],
                [
                    408.4152871528801,
                    152.31026545452443
                ],
                [
                    383.6218987231281,
                    22.558199338821957
                ]
            ],
            "flags": {},
            "group_id": null,
            "label": "pickable_flat"
        },
        {
            "shape_type": "polygon",
            "points": [
                [
                    305.97900161731457,
                    161.23733634351882
                ],
                [
                    315.53502698729346,
                    268.7531925803051
                ],
                [
                    473.9081654767111,
                    259.60505002518596
                ],
                [
                    462.45914937653214,
                    150.87070297688544
                ]
            ],
            "flags": {},
            "group_id": null,
            "label": "pickable_smartpac"
        }
    ],
    "imagePath": "1616051223-419205-por1094.png",
    "flags": {},
    "imageWidth": 640,
    "imageHeight": 360
}