{
    "shapes": [
        {
            "shape_type": "polygon",
            "points": [
                [
                    456.0525299762272,
                    126.17909096693215
                ],
                [
                    458.96336301040003,
                    236.12156594304523
                ],
                [
                    294.2742329469384,
                    242.86255583911537
                ],
                [
                    302.8090317223789,
                    120.70683181173357
                ]
            ],
            "flags": {},
            "group_id": null,
            "label": "pickable_smartpac"
        },
        {
            "shape_type": "polygon",
            "points": [
                [
                    242.57582213517065,
                    43.412964473877246
                ],
                [
                    232.91150359037167,
                    114.58801685115276
                ],
                [
                    130.58876520406358,
                    100.52933714455128
                ],
                [
                    142.08020774685087,
                    27.301953281470595
                ]
            ],
            "flags": {},
            "group_id": null,
            "label": "pickable_box"
        }
    ],
    "imagePath": "1616051054-707975-por1094.png",
    "flags": {},
    "imageWidth": 640,
    "imageHeight": 360
}