{
    "shapes": [
        {
            "shape_type": "polygon",
            "points": [
                [
                    112.87399139322217,
                    177.03953738569123
                ],
                [
                    268.0138515330824,
                    164.1374394835933
                ],
                [
                    279.2530424496926,
                    267.8677951494328
                ],
                [
                    137.69916621839698,
                    271.794782140936
                ]
            ],
            "flags": {},
            "group_id": null,
            "label": "pickable_polybag"
        },
        {
            "shape_type": "polygon",
            "points": [
                [
                    236.09922574230043,
                    20.167334996006332
                ],
                [
                    247.38435627876788,
                    125.80234531016103
                ],
                [
                    326.33201434407306,
                    117.94555186513229
                ],
                [
                    312.40820365555646,
                    12.129849284723827
                ]
            ],
            "flags": {},
            "group_id": null,
            "label": "pickable_box"
        },
        {
            "shape_type": "polygon",
            "points": [
                [
                    334.3143896793895,
                    35.41432712802521
                ],
                [
                    338.8558097977327,
                    150.39953422861691
                ],
                [
                    461.1930879042416,
                    144.63030345938617
                ],
                [
                    456.7552180817564,
                    32.500125944593236
                ]
            ],
            "flags": {},
            "group_id": null,
            "label": "pickable_smartpac"
        }
    ],
    "imagePath": "1616050743-884622-por1094.png",
    "flags": {},
    "imageWidth": 640,
    "imageHeight": 360
}