{
    "shapes": [
        {
            "shape_type": "polygon",
            "points": [
                [
                    204.85897843415324,
                    6.7778130959949
                ],
                [
                    300.1069123184508,
                    10.910044500953578
                ],
                [
                    292.04906107878134,
                    139.21582962492053
                ],
                [
                    199.69368917795484,
                    123.10012714558168
                ]
            ],
            "flags": {},
            "group_id": null,
            "label": "pickable_smartpac"
        },
        {
            "shape_type": "polygon",
            "points": [
                [
                    37.07593287220876,
                    43.07440108995331
                ],
                [
                    191.72709566290644,
                    77.95812202018587
                ],
                [
                    161.26197938383666,
                    189.35347085739517
                ],
                [
                    20.09918868616224,
                    175.16742434576727
                ]
            ],
            "flags": {},
            "group_id": null,
            "label": "pickable_polybag"
        }
    ],
    "imagePath": "1616050782-147977-por1094.png",
    "flags": {},
    "imageWidth": 640,
    "imageHeight": 360
}