{
    "shapes": [
        {
            "shape_type": "polygon",
            "points": [
                [
                    381.35812264658415,
                    129.21490048413125
                ],
                [
                    374.36511565357716,
                    242.15196342119418
                ],
                [
                    460.72875201721354,
                    253.69042495965573
                ],
                [
                    475.7637170521786,
                    145.29881656804733
                ]
            ],
            "flags": {},
            "group_id": null,
            "label": "pickable_smartpac"
        },
        {
            "shape_type": "polygon",
            "points": [
                [
                    147.44203873050026,
                    168.02608929532008
                ],
                [
                    149.88959117805268,
                    269.7743410435718
                ],
                [
                    274.0154653039268,
                    267.6764389456697
                ],
                [
                    270.16931145777295,
                    165.92818719741794
                ]
            ],
            "flags": {},
            "group_id": null,
            "label": "pickable_smartpac"
        },
        {
            "shape_type": "polygon",
            "points": [
                [
                    0.9259259259259258,
                    57.474945149162956
                ],
                [
                    28.57035203740134,
                    132.47494514916295
                ],
                [
                    152.18146314851245,
                    88.95642663064443
                ],
                [
                    146.16294462999392,
                    31.086056260274066
                ]
            ],
            "flags": {},
            "group_id": null,
            "label": "pickable_smartpac"
        }
    ],
    "imagePath": "1616051410-123784-por1094.png",
    "flags": {},
    "imageWidth": 640,
    "imageHeight": 360
}