{
    "shapes": [
        {
            "shape_type": "polygon",
            "points": [
                [
                    40.0199827054666,
                    191.72866380930896
                ],
                [
                    63.55364729520817,
                    95.8825140077999
                ],
                [
                    174.62558481887035,
                    140.29592522459734
                ],
                [
                    131.10480242278234,
                    220.73602302410833
                ]
            ],
            "flags": {},
            "group_id": null,
            "label": "pickable_polybag"
        },
        {
            "shape_type": "polygon",
            "points": [
                [
                    175.99168115651548,
                    113.79326990379418
                ],
                [
                    283.22360135601673,
                    86.61122501601362
                ],
                [
                    302.42559636848557,
                    162.1723222728715
                ],
                [
                    211.6525290368147,
                    265.4142175347169
                ]
            ],
            "flags": {},
            "group_id": null,
            "label": "pickable_smartpac"
        },
        {
            "shape_type": "polygon",
            "points": [
                [
                    292.5625380832964,
                    99.81413160190668
                ],
                [
                    303.11915996429445,
                    226.4707099823244
                ],
                [
                    466.075014090974,
                    209.59598959209742
                ],
                [
                    457.5882868714058,
                    88.2583316602644
                ]
            ],
            "flags": {},
            "group_id": null,
            "label": "pickable_flat"
        }
    ],
    "imagePath": "1616050691-891867-por1094.png",
    "flags": {},
    "imageWidth": 640,
    "imageHeight": 360
}