{
    "shapes": [
        {
            "shape_type": "polygon",
            "points": [
                [
                    365.9596774193548,
                    120.83333333333333
                ],
                [
                    353.32526881720423,
                    262.76881720430106
                ],
                [
                    454.4005376344085,
                    256.5860215053763
                ],
                [
                    468.6478494623655,
                    125.4032258064516
                ]
            ],
            "flags": {},
            "group_id": null,
            "label": "pickable_flat"
        },
        {
            "shape_type": "polygon",
            "points": [
                [
                    188.80913978494624,
                    121.11622473681247
                ],
                [
                    248.75537634408605,
                    181.04838709677418
                ],
                [
                    165.95967741935482,
                    254.4354838709677
                ],
                [
                    112.95405131845308,
                    189.82142387675157
                ]
            ],
            "flags": {},
            "group_id": null,
            "label": "pickable_flat"
        }
    ],
    "imagePath": "1616051312-669752-por1094.png",
    "flags": {},
    "imageWidth": 640,
    "imageHeight": 360
}