{
    "shapes": [
        {
            "shape_type": "polygon",
            "points": [
                [
                    43.250746099408225,
                    156.84122282698166
                ],
                [
                    173.54503664243123,
                    42.51185745602618
                ],
                [
                    252.30847750264627,
                    126.9204596065638
                ],
                [
                    88.86761728759251,
                    241.16777143452077
                ]
            ],
            "flags": {},
            "group_id": null,
            "label": "pickable_flat"
        },
        {
            "shape_type": "polygon",
            "points": [
                [
                    328.63239994055004,
                    215.1203528835659
                ],
                [
                    388.07388855945806,
                    118.77885030012784
                ],
                [
                    472.53293757495874,
                    175.98325610937238
                ],
                [
                    449.6565934889371,
                    263.68218084055525
                ]
            ],
            "flags": {},
            "group_id": null,
            "label": "pickable_smartpac"
        },
        {
            "shape_type": "polygon",
            "points": [
                [
                    178.00087856394205,
                    272.8262606857229
                ],
                [
                    293.3207658340187,
                    259.6490183293777
                ],
                [
                    288.7806359131781,
                    142.54809894419438
                ],
                [
                    174.9170882932853,
                    142.32801446015048
                ]
            ],
            "flags": {},
            "group_id": null,
            "label": "pickable_smartpac"
        }
    ],
    "imagePath": "1616051034-849013-por1094.png",
    "flags": {},
    "imageWidth": 640,
    "imageHeight": 360
}