{
    "shapes": [
        {
            "shape_type": "polygon",
            "points": [
                [
                    403.77286175363093,
                    19.6495427649274
                ],
                [
                    335.2413932221624,
                    108.11108122646587
                ],
                [
                    402.0246100053792,
                    157.06213017751483
                ],
                [
                    471.2553792361484,
                    66.85233996772459
                ]
            ],
            "flags": {},
            "group_id": null,
            "label": "pickable_box"
        },
        {
            "shape_type": "polygon",
            "points": [
                [
                    425.800833781603,
                    111.60758472296936
                ],
                [
                    349.5770575578268,
                    205.66352877891342
                ],
                [
                    418.45817643894566,
                    269.29989241527704
                ],
                [
                    485.2413932221624,
                    182.58660570199035
                ]
            ],
            "flags": {},
            "group_id": null,
            "label": "pickable_smartpac"
        },
        {
            "shape_type": "polygon",
            "points": [
                [
                    138.5735610543303,
                    78.46073157611622
                ],
                [
                    120.11202259279179,
                    260.38380849919315
                ],
                [
                    267.80433028509947,
                    262.30688542227006
                ],
                [
                    278.9581764389456,
                    105.76842388380855
                ]
            ],
            "flags": {},
            "group_id": null,
            "label": "pickable_polybag"
        },
        {
            "shape_type": "polygon",
            "points": [
                [
                    29.342791823561004,
                    79.229962345347
                ],
                [
                    24.342791823561004,
                    156.15303926842392
                ],
                [
                    111.65048413125331,
                    228.07611619150083
                ],
                [
                    119.72740720817639,
                    156.9222700376547
                ]
            ],
            "flags": {},
            "group_id": null,
            "label": "pickable_smartpac"
        }
    ],
    "imagePath": "1616051371-194922-por1094.png",
    "flags": {},
    "imageWidth": 640,
    "imageHeight": 360
}