{
    "shapes": [
        {
            "shape_type": "polygon",
            "points": [
                [
                    354.2799281138441,
                    15.72817741698862
                ],
                [
                    366.9531639688983,
                    206.0015404176244
                ],
                [
                    464.02471411962733,
                    197.9696651570101
                ],
                [
                    462.7850446981397,
                    26.06883871072909
                ]
            ],
            "flags": {},
            "group_id": null,
            "label": "pickable_flat"
        },
        {
            "shape_type": "polygon",
            "points": [
                [
                    417.98651537474,
                    242.75942519521888
                ],
                [
                    418.563438451663,
                    261.25054945557383
                ],
                [
                    464.7172846055091,
                    247.49315300586974
                ],
                [
                    463.68178164692927,
                    232.10853762125436
                ]
            ],
            "flags": {},
            "group_id": null,
            "label": "pickable_polybag"
        }
    ],
    "imagePath": "1616050664-835764-por1094.png",
    "flags": {},
    "imageWidth": 640,
    "imageHeight": 360
}