{
    "shapes": [
        {
            "shape_type": "polygon",
            "points": [
                [
                    242.3164348810074,
                    131.64686418927337
                ],
                [
                    282.1287435435835,
                    259.44810977126764
                ],
                [
                    333.00314735916373,
                    243.3908760669751
                ],
                [
                    292.93955435439426,
                    116.20486652802438
                ]
            ],
            "flags": {},
            "group_id": null,
            "label": "pickable_box"
        },
        {
            "shape_type": "polygon",
            "points": [
                [
                    388.56252319795135,
                    107.92387794952448
                ],
                [
                    401.91311491392764,
                    222.47269451757182
                ],
                [
                    464.1912214228034,
                    218.03482469508663
                ],
                [
                    460.9367835529809,
                    109.30701404419902
                ]
            ],
            "flags": {},
            "group_id": null,
            "label": "pickable_smartpac"
        }
    ],
    "imagePath": "1616050857-204464-por1094.png",
    "flags": {},
    "imageWidth": 640,
    "imageHeight": 360
}