{
    "shapes": [
        {
            "shape_type": "polygon",
            "points": [
                [
                    17.65344271113502,
                    94.43383539537385
                ],
                [
                    119.19190424959656,
                    30.867401828940295
                ],
                [
                    219.40169445938676,
                    184.7834857450242
                ],
                [
                    109.47162452931684,
                    240.86740182894027
                ]
            ],
            "flags": {},
            "group_id": null,
            "label": "pickable_flat"
        }
    ],
    "imagePath": "1616050662-029321-por1094.png",
    "flags": {},
    "imageWidth": 640,
    "imageHeight": 360
}