{
    "shapes": [
        {
            "shape_type": "polygon",
            "points": [
                [
                    111.56679704609999,
                    176.67490930755085
                ],
                [
                    188.63291274857934,
                    66.71756459947302
                ],
                [
                    332.8477887816371,
                    185.5192174920351
                ],
                [
                    252.68249952543871,
                    293.16384559120866
                ]
            ],
            "flags": {},
            "group_id": null,
            "label": "pickable_smartpac"
        },
        {
            "shape_type": "polygon",
            "points": [
                [
                    428.91363631570675,
                    280.7506955875517
                ],
                [
                    473.1614239263262,
                    203.16957464359893
                ],
                [
                    464.90183690567727,
                    72.19612331616536
                ],
                [
                    441.30301684668024,
                    174.85099057280246
                ]
            ],
            "flags": {},
            "group_id": null,
            "label": "pickable_smartpac"
        }
    ],
    "imagePath": "1616051063-243334-por1094.png",
    "flags": {},
    "imageWidth": 640,
    "imageHeight": 360
}