{
    "shapes": [
        {
            "shape_type": "polygon",
            "points": [
                [
                    147.7047710354162,
                    76.47180239115721
                ],
                [
                    203.49167230618843,
                    221.1394465749304
                ],
                [
                    312.4276825325212,
                    184.02688172043008
                ],
                [
                    254.63198360779003,
                    47.73655913978492
                ]
            ],
            "flags": {},
            "group_id": null,
            "label": "pickable_polybag"
        },
        {
            "shape_type": "polygon",
            "points": [
                [
                    236.35685697489217,
                    259.7289167333156
                ],
                [
                    272.2822817780324,
                    172.6473203999091
                ],
                [
                    382.63784871042935,
                    204.5636274771172
                ],
                [
                    364.869253669107,
                    262.6214787167866
                ]
            ],
            "flags": {},
            "group_id": null,
            "label": "pickable_smartpac"
        },
        {
            "shape_type": "polygon",
            "points": [
                [
                    366.6972766211387,
                    144.5318320241058
                ],
                [
                    461.67655978292004,
                    140.16764306754587
                ],
                [
                    458.01163831695146,
                    28.12575825079195
                ],
                [
                    362.7236802017682,
                    30.394519158296312
                ]
            ],
            "flags": {},
            "group_id": null,
            "label": "pickable_smartpac"
        },
        {
            "shape_type": "polygon",
            "points": [
                [
                    350.46828973971833,
                    162.18024785088997
                ],
                [
                    365.8198181642279,
                    262.9100549385066
                ],
                [
                    466.871598099503,
                    261.6155565566296
                ],
                [
                    461.1272615299237,
                    152.2304432880212
                ]
            ],
            "flags": {},
            "group_id": null,
            "label": "pickable_polybag"
        },
        {
            "shape_type": "polygon",
            "points": [
                [
                    164.7587035168067,
                    155.56059463558225
                ],
                [
                    249.3740881321913,
                    227.25290232788996
                ],
                [
                    179.52793428603746,
                    298.9452100201975
                ],
                [
                    94.91254967065285,
                    245.4067484817361
                ]
            ],
            "flags": {},
            "group_id": null,
            "label": "pickable_smartpac"
        }
    ],
    "imagePath": "1616050823-742901-por1094.png",
    "flags": {},
    "imageWidth": 640,
    "imageHeight": 360
}