{
    "shapes": [
        {
            "shape_type": "polygon",
            "points": [
                [
                    371.7749645459436,
                    218.88432197173452
                ],
                [
                    365.9898405790015,
                    238.92564428578413
                ],
                [
                    461.2693081846722,
                    242.18380035142684
                ],
                [
                    463.11337393248135,
                    221.47501426830917
                ]
            ],
            "flags": {},
            "group_id": null,
            "label": "pickable_polybag"
        },
        {
            "shape_type": "polygon",
            "points": [
                [
                    403.0981326338176,
                    237.32793573620395
                ],
                [
                    400.0774649072675,
                    255.7699071193518
                ],
                [
                    463.32097093152214,
                    257.35973223858866
                ],
                [
                    464.43384851498803,
                    242.1926692105631
                ]
            ],
            "flags": {},
            "group_id": null,
            "label": "pickable_polybag"
        }
    ],
    "imagePath": "1616050617-237823-por1094.png",
    "flags": {},
    "imageWidth": 640,
    "imageHeight": 360
}