{
    "shapes": [
        {
            "shape_type": "polygon",
            "points": [
                [
                    325.6518228543779,
                    141.85286275263184
                ],
                [
                    389.08584511192953,
                    178.41884049508022
                ],
                [
                    337.5755112486545,
                    269.3568373154299
                ],
                [
                    271.7567513122475,
                    231.51899947759213
                ]
            ],
            "flags": {},
            "group_id": null,
            "label": "pickable_box"
        },
        {
            "shape_type": "polygon",
            "points": [
                [
                    288.58400196302716,
                    47.1354577411092
                ],
                [
                    345.3330029620286,
                    158.698644554296
                ],
                [
                    476.6791568081825,
                    106.5832599389114
                ],
                [
                    424.7560798851055,
                    0
                ]
            ],
            "flags": {},
            "group_id": null,
            "label": "pickable_polybag"
        },
        {
            "shape_type": "polygon",
            "points": [
                [
                    285.37564689037595,
                    125.38235746166183
                ],
                [
                    252.97955887081605,
                    179.17208851300657
                ],
                [
                    289.7845729881604,
                    200.70703114789092
                ],
                [
                    322.1727129050459,
                    147.14274865970583
                ]
            ],
            "flags": {},
            "group_id": null,
            "label": "pickable_box"
        }
    ],
    "imagePath": "1616050916-398788-por1094.png",
    "flags": {},
    "imageWidth": 640,
    "imageHeight": 360
}