{
    "shapes": [
        {
            "shape_type": "polygon",
            "points": [
                [
                    395.4885872643036,
                    44.120617145092645
                ],
                [
                    335.9844550328986,
                    151.35202210377034
                ],
                [
                    443.6290831320721,
                    202.17846838476208
                ],
                [
                    482.6786699089316,
                    113.54210474839842
                ]
            ],
            "flags": {},
            "group_id": null,
            "label": "pickable_smartpac"
        }
    ],
    "imagePath": "1616051249-879028-por1094.png",
    "flags": {},
    "imageWidth": 640,
    "imageHeight": 360
}