{
    "shapes": [
        {
            "shape_type": "polygon",
            "points": [
                [
                    119.50104679514784,
                    146.35410596621966
                ],
                [
                    208.55063357200737,
                    154.41195720588908
                ],
                [
                    204.41840216704867,
                    261.6433621645668
                ],
                [
                    121.98038563812305,
                    255.6516266273767
                ]
            ],
            "flags": {},
            "group_id": null,
            "label": "pickable_box"
        },
        {
            "shape_type": "polygon",
            "points": [
                [
                    243.6739910404976,
                    72.46883328770487
                ],
                [
                    207.6857904505271,
                    184.77105908550587
                ],
                [
                    345.1489172941849,
                    259.19449700451895
                ],
                [
                    370.89478189968884,
                    153.04461462522025
                ]
            ],
            "flags": {},
            "group_id": null,
            "label": "pickable_smartpac"
        },
        {
            "shape_type": "polygon",
            "points": [
                [
                    319.38335145594766,
                    50.45610154664878
                ],
                [
                    305.3955214521559,
                    177.93827978105534
                ],
                [
                    478.1973615702012,
                    189.3914827041689
                ],
                [
                    488.69820442466835,
                    70.58046940579844
                ]
            ],
            "flags": {},
            "group_id": null,
            "label": "pickable_flat"
        },
        {
            "shape_type": "polygon",
            "points": [
                [
                    358.1240067840278,
                    252.99464087387935
                ],
                [
                    366.6632631001301,
                    181.86782488421412
                ],
                [
                    465.19038794034475,
                    188.52330996684114
                ],
                [
                    466.94280270112125,
                    253.39685222210153
                ]
            ],
            "flags": {},
            "group_id": null,
            "label": "pickable_smartpac"
        }
    ],
    "imagePath": "1616050750-353476-por1094.png",
    "flags": {},
    "imageWidth": 640,
    "imageHeight": 360
}