{
    "shapes": [
        {
            "shape_type": "polygon",
            "points": [
                [
                    51.28425358760346,
                    91.8454048019805
                ],
                [
                    139.72511380265723,
                    32.705619855743926
                ],
                [
                    199.24648804865777,
                    114.27656137161071
                ],
                [
                    97.5208127273884,
                    166.5765875976794
                ]
            ],
            "flags": {},
            "group_id": null,
            "label": "pickable_smartpac"
        },
        {
            "shape_type": "polygon",
            "points": [
                [
                    169.2747382699192,
                    147.99178117350166
                ],
                [
                    216.71258707763104,
                    49.64069035665744
                ],
                [
                    291.234812009797,
                    81.70432708512087
                ],
                [
                    247.90359221338198,
                    178.7467361033382
                ]
            ],
            "flags": {},
            "group_id": null,
            "label": "pickable_flat"
        },
        {
            "shape_type": "polygon",
            "points": [
                [
                    359.65874982953335,
                    33.04173269754356
                ],
                [
                    456.1535951903581,
                    35.72214506867758
                ],
                [
                    462.13297663365705,
                    148.50565022331676
                ],
                [
                    361.1020487986055,
                    150.36132032640955
                ]
            ],
            "flags": {},
            "group_id": null,
            "label": "pickable_smartpac"
        },
        {
            "shape_type": "polygon",
            "points": [
                [
                    353.67936838623433,
                    151.39224816146108
                ],
                [
                    349.7618426130385,
                    252.21699042950232
                ],
                [
                    463.98864673674984,
                    258.6087430068219
                ],
                [
                    465.6381312728323,
                    163.1448254810487
                ]
            ],
            "flags": {},
            "group_id": null,
            "label": "pickable_smartpac"
        }
    ],
    "imagePath": "1616050537-261919-por1094.png",
    "flags": {},
    "imageWidth": 640,
    "imageHeight": 360
}