{
    "shapes": [
        {
            "shape_type": "polygon",
            "points": [
                [
                    117.41834117082257,
                    146.44450359400733
                ],
                [
                    207.528556224586,
                    154.25570314714236
                ],
                [
                    204.34640479829966,
                    261.423991603554
                ],
                [
                    121.83194198838233,
                    256.99837176884324
                ]
            ],
            "flags": {},
            "group_id": null,
            "label": "pickable_box"
        },
        {
            "shape_type": "polygon",
            "points": [
                [
                    367.7457252304591,
                    131.02499267972345
                ],
                [
                    359.1349039021765,
                    252.90387711318988
                ],
                [
                    466.2387205545184,
                    254.46193358272757
                ],
                [
                    464.46276427036537,
                    133.42368221660732
                ]
            ],
            "flags": {},
            "group_id": null,
            "label": "pickable_smartpac"
        }
    ],
    "imagePath": "1616050758-486182-por1094.png",
    "flags": {},
    "imageWidth": 640,
    "imageHeight": 360
}