{
    "shapes": [
        {
            "shape_type": "polygon",
            "points": [
                [
                    131.10316442371155,
                    30.48207109211473
                ],
                [
                    222.67709129175606,
                    4.72690416047721
                ],
                [
                    264.8074569515335,
                    131.27698365173316
                ],
                [
                    174.34640766695478,
                    157.82706314298915
                ]
            ],
            "flags": {},
            "group_id": null,
            "label": "pickable_box"
        },
        {
            "shape_type": "polygon",
            "points": [
                [
                    261.4718913295053,
                    88.60284900136965
                ],
                [
                    271.1820571550282,
                    221.69297156806036
                ],
                [
                    351.9318769098946,
                    233.3872758218455
                ],
                [
                    367.3291371838673,
                    102.65908548298464
                ]
            ],
            "flags": {},
            "group_id": null,
            "label": "pickable_flat"
        },
        {
            "shape_type": "polygon",
            "points": [
                [
                    351.36655817350055,
                    159.70018137339562
                ],
                [
                    370.75235275704676,
                    57.59491821550089
                ],
                [
                    466.45904667631095,
                    76.89725171916294
                ],
                [
                    459.1774932782527,
                    180.78074686479403
                ]
            ],
            "flags": {},
            "group_id": null,
            "label": "pickable_smartpac"
        }
    ],
    "imagePath": "1616050767-483155-por1094.png",
    "flags": {},
    "imageWidth": 640,
    "imageHeight": 360
}