{
    "shapes": [
        {
            "shape_type": "polygon",
            "points": [
                [
                    300.27663326597457,
                    193.61861872994288
                ],
                [
                    467.89026962961094,
                    197.709527820852
                ],
                [
                    465.5952354455086,
                    253.7866046438719
                ],
                [
                    299.19710044049816,
                    250.72777429986752
                ]
            ],
            "flags": {},
            "group_id": null,
            "label": "pickable_box"
        },
        {
            "shape_type": "polygon",
            "points": [
                [
                    266.9187059493651,
                    123.88860042198985
                ],
                [
                    258.78617582888324,
                    182.3223353617489
                ],
                [
                    369.4789469132206,
                    196.93076909668866
                ],
                [
                    377.15966980478686,
                    138.79823897620673
                ]
            ],
            "flags": {},
            "group_id": null,
            "label": "pickable_box"
        },
        {
            "shape_type": "polygon",
            "points": [
                [
                    64.89766302946359,
                    109.79245488957285
                ],
                [
                    54.76779289959346,
                    174.20803930515726
                ],
                [
                    165.9366240684246,
                    200.70154579866377
                ],
                [
                    182.04052017232073,
                    119.66258475970272
                ]
            ],
            "flags": {},
            "group_id": null,
            "label": "pickable_polybag"
        },
        {
            "shape_type": "polygon",
            "points": [
                [
                    454.9775329111628,
                    18.051256273374232
                ],
                [
                    356.1056965682082,
                    69.21674397421316
                ],
                [
                    385.50637906500896,
                    156.27241011952808
                ],
                [
                    461.2275329111628,
                    121.89741011952808
                ]
            ],
            "flags": {},
            "group_id": null,
            "label": "pickable_smartpac"
        }
    ],
    "imagePath": "1616051131-902942-por1094.png",
    "flags": {},
    "imageWidth": 640,
    "imageHeight": 360
}