{
    "shapes": [
        {
            "shape_type": "polygon",
            "points": [
                [
                    117.39981461879721,
                    273.5173581587973
                ],
                [
                    226.11851527298174,
                    269.6712043126435
                ],
                [
                    218.31905666707152,
                    159.5463828974995
                ],
                [
                    127.45884161330807,
                    178.0947699942737
                ]
            ],
            "flags": {},
            "group_id": null,
            "label": "pickable_polybag"
        },
        {
            "shape_type": "polygon",
            "points": [
                [
                    360.0067387073066,
                    174.2346850574028
                ],
                [
                    491.3666207132064,
                    263.41462606035265
                ],
                [
                    518.4561301773492,
                    297.1600495029901
                ],
                [
                    379.24641422353085,
                    212.74943431993967
                ]
            ],
            "flags": {},
            "group_id": null,
            "label": "pickable_smartpac"
        }
    ],
    "imagePath": "1616051339-934150-por1094.png",
    "flags": {},
    "imageWidth": 640,
    "imageHeight": 360
}