{
    "shapes": [
        {
            "shape_type": "polygon",
            "points": [
                [
                    288.92069294342025,
                    134.78716444845477
                ],
                [
                    409.37523839796575,
                    149.45658593605808
                ],
                [
                    421.9785441830897,
                    43.46485039886798
                ],
                [
                    303.17689129052775,
                    26.935924779033265
                ]
            ],
            "flags": {},
            "group_id": null,
            "label": "pickable_smartpac"
        },
        {
            "shape_type": "polygon",
            "points": [
                [
                    278.2006607632111,
                    128.44193418930655
                ],
                [
                    277.6106902617362,
                    261.18529702116496
                ],
                [
                    392.87297519393326,
                    265.6641306711055
                ],
                [
                    409.2778617558879,
                    140.35872054894133
                ]
            ],
            "flags": {},
            "group_id": null,
            "label": "pickable_polybag"
        }
    ],
    "imagePath": "1616051155-230457-por1094.png",
    "flags": {},
    "imageWidth": 640,
    "imageHeight": 360
}