{
    "shapes": [
        {
            "shape_type": "polygon",
            "points": [
                [
                    467.05021054214603,
                    198.67204826904802
                ],
                [
                    466.01715269090636,
                    254.45717223599019
                ],
                [
                    299.0750039305758,
                    251.15138711202323
                ],
                [
                    299.4882270710717,
                    192.88692430210588
                ]
            ],
            "flags": {},
            "group_id": null,
            "label": "pickable_box"
        },
        {
            "shape_type": "polygon",
            "points": [
                [
                    64.68125259177265,
                    110.10563367098783
                ],
                [
                    55.18125259177265,
                    176.10563367098783
                ],
                [
                    167.18125259177265,
                    200.10563367098783
                ],
                [
                    182.68125259177265,
                    119.10563367098783
                ]
            ],
            "flags": {},
            "group_id": null,
            "label": "pickable_polybag"
        },
        {
            "shape_type": "polygon",
            "points": [
                [
                    455.5682584069751,
                    18.502097489025484
                ],
                [
                    354.5071144227541,
                    68.14904028981444
                ],
                [
                    386.3710197481979,
                    156.61057875135288
                ],
                [
                    461.30987576397695,
                    120.97152549691502
                ]
            ],
            "flags": {},
            "group_id": null,
            "label": "pickable_smartpac"
        }
    ],
    "imagePath": "1616051135-767335-por1094.png",
    "flags": {},
    "imageWidth": 640,
    "imageHeight": 360
}