{
    "shapes": [
        {
            "shape_type": "polygon",
            "points": [
                [
                    157.9229597945479,
                    143.93713523862405
                ],
                [
                    200.62268431245423,
                    262.2544728374866
                ],
                [
                    307.23425456038814,
                    226.51067118459403
                ],
                [
                    268.3912793537766,
                    109.98174556475932
                ]
            ],
            "flags": {},
            "group_id": null,
            "label": "pickable_smartpac"
        },
        {
            "shape_type": "polygon",
            "points": [
                [
                    406.4928793146681,
                    66.79435277309048
                ],
                [
                    463.3328189539008,
                    156.5390004197907
                ],
                [
                    346.40437218252214,
                    216.57390443375223
                ],
                [
                    296.4916322174262,
                    123.20566708645731
                ]
            ],
            "flags": {},
            "group_id": null,
            "label": "pickable_polybag"
        }
    ],
    "imagePath": "1616051460-648641-por1094.png",
    "flags": {},
    "imageWidth": 640,
    "imageHeight": 360
}