{
    "shapes": [
        {
            "shape_type": "polygon",
            "points": [
                [
                    157.75960927184707,
                    158.53384028558852
                ],
                [
                    291.93316299085524,
                    166.9254486771969
                ],
                [
                    288.9178986852683,
                    264.03801353169723
                ],
                [
                    152.6366335183727,
                    255.6611020756069
                ]
            ],
            "flags": {},
            "group_id": null,
            "label": "pickable_box"
        },
        {
            "shape_type": "polygon",
            "points": [
                [
                    305.3638200647761,
                    69.84924579195487
                ],
                [
                    461.6164611199012,
                    75.69798113008126
                ],
                [
                    461.93680671366417,
                    183.68029695697186
                ],
                [
                    293.3990968614812,
                    181.94298246305908
                ]
            ],
            "flags": {},
            "group_id": null,
            "label": "pickable_smartpac"
        },
        {
            "shape_type": "polygon",
            "points": [
                [
                    187.57886594680494,
                    158.9437461728965
                ],
                [
                    203.6945684261437,
                    88.87290792024008
                ],
                [
                    299.9460442230741,
                    104.7229669521173
                ],
                [
                    291.0322307638061,
                    166.76546990371116
                ]
            ],
            "flags": {},
            "group_id": null,
            "label": "pickable_polybag"
        },
        {
            "shape_type": "polygon",
            "points": [
                [
                    206.83138605510587,
                    85.05064132799303
                ],
                [
                    296.29419597246124,
                    102.6126247990674
                ],
                [
                    309.7239480385769,
                    42.69526942716658
                ],
                [
                    221.29419597246124,
                    26.372955377579803
                ]
            ],
            "flags": {},
            "group_id": null,
            "label": "pickable_box"
        }
    ],
    "imagePath": "1616050680-040400-por1094.png",
    "flags": {},
    "imageWidth": 640,
    "imageHeight": 360
}