{
    "shapes": [
        {
            "shape_type": "polygon",
            "points": [
                [
                    357.309709521248,
                    96.44728348574503
                ],
                [
                    361.1573397445899,
                    258.41197272747416
                ],
                [
                    481.82506629466934,
                    262.06857050171897
                ],
                [
                    463.3830949115215,
                    101.81419848264107
                ]
            ],
            "flags": {},
            "group_id": null,
            "label": "pickable_smartpac"
        },
        {
            "shape_type": "polygon",
            "points": [
                [
                    39.50932924654593,
                    44.333871042596535
                ],
                [
                    191.5641237670939,
                    77.7585285768431
                ],
                [
                    165.81069910955964,
                    176.93661076862392
                ],
                [
                    17.865493630107572,
                    176.11469296040474
                ]
            ],
            "flags": {},
            "group_id": null,
            "label": "pickable_polybag"
        }
    ],
    "imagePath": "1616050790-750974-por1094.png",
    "flags": {},
    "imageWidth": 640,
    "imageHeight": 360
}