{
    "shapes": [
        {
            "shape_type": "polygon",
            "points": [
                [
                    58.11771780247255,
                    154.39094169794973
                ],
                [
                    120.62408293360396,
                    142.60271884256161
                ],
                [
                    128.9370413688118,
                    187.22374573742715
                ],
                [
                    67.07885065976532,
                    199.0819364464736
                ]
            ],
            "flags": {},
            "group_id": null,
            "label": "pickable_box"
        },
        {
            "shape_type": "polygon",
            "points": [
                [
                    136.81443119025528,
                    252.27031531881812
                ],
                [
                    158.97113156982454,
                    102.64438015672333
                ],
                [
                    276.4246187731215,
                    127.75578590339313
                ],
                [
                    255.46023510656818,
                    256.586779436834
                ]
            ],
            "flags": {},
            "group_id": null,
            "label": "pickable_polybag"
        },
        {
            "shape_type": "polygon",
            "points": [
                [
                    269.53161226934026,
                    178.7430036966698
                ],
                [
                    401.9008858052493,
                    69.52250299426618
                ],
                [
                    480.4957897220417,
                    166.7386032146582
                ],
                [
                    352.736700160377,
                    265.57606728817404
                ]
            ],
            "flags": {},
            "group_id": null,
            "label": "pickable_smartpac"
        }
    ],
    "imagePath": "1616050703-289281-por1094.png",
    "flags": {},
    "imageWidth": 640,
    "imageHeight": 360
}