{
    "shapes": [
        {
            "shape_type": "polygon",
            "points": [
                [
                    170.51550868486348,
                    226.9414617640424
                ],
                [
                    208.63303631852017,
                    103.63707797578765
                ],
                [
                    300.837337393789,
                    127.56180915858336
                ],
                [
                    261.7780096247838,
                    263.744980825626
                ]
            ],
            "flags": {},
            "group_id": null,
            "label": "pickable_polybag"
        },
        {
            "shape_type": "polygon",
            "points": [
                [
                    373.56890866199484,
                    213.42399135426498
                ],
                [
                    369.463643834343,
                    233.35625765714724
                ],
                [
                    463.2482443324315,
                    239.72076646887297
                ],
                [
                    463.336282275992,
                    216.68813691033168
                ]
            ],
            "flags": {},
            "group_id": null,
            "label": "pickable_polybag"
        },
        {
            "shape_type": "polygon",
            "points": [
                [
                    404.98695406102087,
                    254.50003710227028
                ],
                [
                    412.47255866754676,
                    232.8843425542777
                ],
                [
                    465.44760665219167,
                    241.44821368576356
                ],
                [
                    464.06001762282983,
                    257.17250422684
                ]
            ],
            "flags": {},
            "group_id": null,
            "label": "pickable_polybag"
        },
        {
            "shape_type": "polygon",
            "points": [
                [
                    370.8732578610201,
                    196.65076742191565
                ],
                [
                    385.3360677783755,
                    219.99787485993215
                ],
                [
                    467.9806958775491,
                    168.13837072770076
                ],
                [
                    457.44350579490447,
                    149.13010626489083
                ]
            ],
            "flags": {},
            "group_id": null,
            "label": "pickable_polybag"
        },
        {
            "shape_type": "polygon",
            "points": [
                [
                    426.22382710941724,
                    39.90998875836947
                ],
                [
                    448.93769141620186,
                    34.8952394958326
                ],
                [
                    462.2120276993877,
                    142.26987076426917
                ],
                [
                    446.57780941030217,
                    147.57960527754352
                ]
            ],
            "flags": {},
            "group_id": null,
            "label": "pickable_polybag"
        }
    ],
    "imagePath": "1616050627-968632-por1094.png",
    "flags": {},
    "imageWidth": 640,
    "imageHeight": 360
}