{
    "shapes": [
        {
            "shape_type": "polygon",
            "points": [
                [
                    140.5888429752066,
                    258.60743801652893
                ],
                [
                    173.36383854240995,
                    129.77283827283824
                ],
                [
                    303.1031468531469,
                    139.75174825174827
                ],
                [
                    271.963587487781,
                    267.5732180820158
                ]
            ],
            "flags": {},
            "group_id": null,
            "label": "pickable_polybag"
        },
        {
            "shape_type": "polygon",
            "points": [
                [
                    361.41091435446276,
                    171.92612804895683
                ],
                [
                    454.64827328097124,
                    138.67499501776516
                ],
                [
                    462.48618317166705,
                    159.56053665110736
                ],
                [
                    370.8195165050004,
                    197.73257966186006
                ]
            ],
            "flags": {},
            "group_id": null,
            "label": "pickable_polybag"
        },
        {
            "shape_type": "polygon",
            "points": [
                [
                    363.61017243607375,
                    214.3817240624276
                ],
                [
                    458.52273205451576,
                    217.72035681282506
                ],
                [
                    455.82002935181305,
                    239.50096094637038
                ],
                [
                    361.8613648049132,
                    235.68538066020184
                ]
            ],
            "flags": {},
            "group_id": null,
            "label": "pickable_polybag"
        },
        {
            "shape_type": "polygon",
            "points": [
                [
                    403.35580041699586,
                    234.25453805288865
                ],
                [
                    465.67694509108173,
                    240.13689099406514
                ],
                [
                    463.1332249003027,
                    257.7839498175945
                ],
                [
                    399.85818515467474,
                    253.33243948373126
                ]
            ],
            "flags": {},
            "group_id": null,
            "label": "pickable_polybag"
        },
        {
            "shape_type": "polygon",
            "points": [
                [
                    416.0368866589587,
                    146.95012963254888
                ],
                [
                    431.77585019062855,
                    146.95012963254888
                ],
                [
                    440.60502485473603,
                    34.090244795696655
                ],
                [
                    416.4207638182677,
                    33.32249047707861
                ]
            ],
            "flags": {},
            "group_id": null,
            "label": "pickable_polybag"
        }
    ],
    "imagePath": "1616050621-836789-por1094.png",
    "flags": {},
    "imageWidth": 640,
    "imageHeight": 360
}