{
    "shapes": [
        {
            "shape_type": "polygon",
            "points": [
                [
                    346.64429800968264,
                    191.52044109736417
                ],
                [
                    414.18321070988566,
                    254.44058546912146
                ],
                [
                    479.50579135504694,
                    167.88144568417522
                ],
                [
                    416.0649311399932,
                    101.21477901750855
                ]
            ],
            "flags": {},
            "group_id": null,
            "label": "pickable_smartpac"
        },
        {
            "shape_type": "polygon",
            "points": [
                [
                    275.51763465670234,
                    37.642706439208915
                ],
                [
                    280.46243985150755,
                    129.57452462102708
                ],
                [
                    391.0046476437154,
                    122.92517397167644
                ],
                [
                    387.2546476437154,
                    31.675173971676443
                ]
            ],
            "flags": {},
            "group_id": null,
            "label": "pickable_smartpac"
        },
        {
            "shape_type": "polygon",
            "points": [
                [
                    52.79036192942965,
                    92.8180311145336
                ],
                [
                    67.81783445690218,
                    175.29055858706107
                ],
                [
                    199.2189333580011,
                    178.3400091365116
                ],
                [
                    169.93321907228673,
                    54.60374540024787
                ]
            ],
            "flags": {},
            "group_id": null,
            "label": "pickable_polybag"
        }
    ],
    "imagePath": "1616051265-550761-por1094.png",
    "flags": {},
    "imageWidth": 640,
    "imageHeight": 360
}