{
    "shapes": [
        {
            "shape_type": "polygon",
            "points": [
                [
                    93.89819795589027,
                    36.60435718128024
                ],
                [
                    44.24784830554062,
                    201.98897256589564
                ],
                [
                    165.9261699838623,
                    234.50645508337817
                ],
                [
                    221.5205755782679,
                    68.0728886498117
                ]
            ],
            "flags": {},
            "group_id": null,
            "label": "pickable_flat"
        },
        {
            "shape_type": "polygon",
            "points": [
                [
                    188.65344271113503,
                    89.40155997848304
                ],
                [
                    246.34575040344274,
                    175.76519634211937
                ],
                [
                    340.40169445938676,
                    108.28267885960192
                ],
                [
                    281.66043571812804,
                    25.065895642818703
                ]
            ],
            "flags": {},
            "group_id": null,
            "label": "pickable_smartpac"
        },
        {
            "shape_type": "polygon",
            "points": [
                [
                    457.09023668639054,
                    108.19768692845614
                ],
                [
                    367.14940828402365,
                    182.45804195804195
                ],
                [
                    441.1139053254438,
                    263.5231307154383
                ],
                [
                    494.66420118343194,
                    187.19176976869284
                ]
            ],
            "flags": {},
            "group_id": null,
            "label": "pickable_smartpac"
        }
    ],
    "imagePath": "1616051486-320568-por1094.png",
    "flags": {},
    "imageWidth": 640,
    "imageHeight": 360
}