{
    "shapes": [
        {
            "shape_type": "polygon",
            "points": [
                [
                    264.2714880239694,
                    163.72580645161287
                ],
                [
                    377.7484841600996,
                    165.03228370685676
                ],
                [
                    376.6356065766338,
                    259.62687830145137
                ],
                [
                    262.6451455273492,
                    260.8987383968409
                ]
            ],
            "flags": {},
            "group_id": null,
            "label": "pickable_smartpac"
        },
        {
            "shape_type": "polygon",
            "points": [
                [
                    126.1722143918794,
                    79.51365362166321
                ],
                [
                    95.85642491819517,
                    167.5136536216632
                ],
                [
                    0,
                    130.0399694111369
                ],
                [
                    43.435372286616236,
                    22.88207467429479
                ]
            ],
            "flags": {},
            "group_id": null,
            "label": "pickable_smartpac"
        },
        {
            "shape_type": "polygon",
            "points": [
                [
                    137.49192142645612,
                    104.17827634351639
                ],
                [
                    252.98706705752406,
                    123.33276450566933
                ],
                [
                    242.145643109304,
                    178.99619492638132
                ],
                [
                    125.96441333584121,
                    157.63697162541044
                ]
            ],
            "flags": {},
            "group_id": null,
            "label": "pickable_polybag"
        },
        {
            "shape_type": "polygon",
            "points": [
                [
                    350.5939430203632,
                    268.50510158647637
                ],
                [
                    485.56328105799776,
                    284.8739691940032
                ],
                [
                    485.1283467231018,
                    256.1349240722699
                ],
                [
                    370.93150178752745,
                    244.77028645114416
                ]
            ],
            "flags": {},
            "group_id": null,
            "label": "pickable_polybag"
        },
        {
            "shape_type": "polygon",
            "points": [
                [
                    272.4299182155017,
                    131.1555984480259
                ],
                [
                    379.41594615961355,
                    177.06378208076043
                ],
                [
                    424.12652500192894,
                    65.48693577337521
                ],
                [
                    320.5337106306714,
                    24.16957050391413
                ]
            ],
            "flags": {},
            "group_id": null,
            "label": "pickable_smartpac"
        }
    ],
    "imagePath": "1616050864-005582-por1094.png",
    "flags": {},
    "imageWidth": 640,
    "imageHeight": 360
}