{
    "shapes": [
        {
            "shape_type": "polygon",
            "points": [
                [
                    279.66570478003115,
                    93.3742242594235
                ],
                [
                    177.3401811288218,
                    175.38949536819126
                ],
                [
                    253.8107693641159,
                    262.3529293904488
                ],
                [
                    349.6772240541,
                    183.97455101207044
                ]
            ],
            "flags": {},
            "group_id": null,
            "label": "pickable_smartpac"
        },
        {
            "shape_type": "polygon",
            "points": [
                [
                    106.07045184506337,
                    87.42379891981398
                ],
                [
                    144.38624131874758,
                    196.26590418297187
                ],
                [
                    226.70203079243183,
                    153.10800944612976
                ],
                [
                    200.17571500295813,
                    51.634325235603434
                ]
            ],
            "flags": {},
            "group_id": null,
            "label": "pickable_smartpac"
        },
        {
            "shape_type": "polygon",
            "points": [
                [
                    375.33360973980024,
                    63.42379891981395
                ],
                [
                    327.9651886871687,
                    203.84485155139302
                ],
                [
                    434.0704518450634,
                    222.58169365665609
                ],
                [
                    477.017820266116,
                    102.3711673408666
                ]
            ],
            "flags": {},
            "group_id": null,
            "label": "pickable_polybag"
        }
    ],
    "imagePath": "1616051252-825268-por1094.png",
    "flags": {},
    "imageWidth": 640,
    "imageHeight": 360
}