{
    "shapes": [
        {
            "shape_type": "polygon",
            "points": [
                [
                    369.34865954239035,
                    219.8642497015727
                ],
                [
                    461.34591814306464,
                    185.97691465846745
                ],
                [
                    469.5788472316086,
                    207.83405376159587
                ],
                [
                    379.2767804589536,
                    243.92308396827315
                ]
            ],
            "flags": {},
            "group_id": null,
            "label": "pickable_polybag"
        },
        {
            "shape_type": "polygon",
            "points": [
                [
                    368.1480046242954,
                    244.2410489921205
                ],
                [
                    455.5883861823241,
                    214.67030177431448
                ],
                [
                    462.90158173081375,
                    233.4302381813097
                ],
                [
                    373.2354450058535,
                    263.1599679110394
                ]
            ],
            "flags": {},
            "group_id": null,
            "label": "pickable_polybag"
        },
        {
            "shape_type": "polygon",
            "points": [
                [
                    411.07328284369135,
                    242.01529382518888
                ],
                [
                    408.8475276767597,
                    258.3904925533288
                ],
                [
                    464.6503893619743,
                    256.8006674340919
                ],
                [
                    463.85547680235584,
                    240.1075036821046
                ]
            ],
            "flags": {},
            "group_id": null,
            "label": "pickable_polybag"
        },
        {
            "shape_type": "polygon",
            "points": [
                [
                    374.5780225444513,
                    39.196353424754065
                ],
                [
                    450.4447604241762,
                    115.02279970574581
                ],
                [
                    460.56872736632494,
                    98.90709722640696
                ],
                [
                    387.2216199283085,
                    22.460816234671427
                ]
            ],
            "flags": {},
            "group_id": null,
            "label": "pickable_polybag"
        },
        {
            "shape_type": "polygon",
            "points": [
                [
                    299.4080948564932,
                    22.20746315118071
                ],
                [
                    299.3333620075909,
                    68.28371061232285
                ],
                [
                    363.5684986841015,
                    68.27015871703384
                ],
                [
                    363.29689611601736,
                    20.470647714588853
                ]
            ],
            "flags": {},
            "group_id": null,
            "label": "pickable_box"
        },
        {
            "shape_type": "polygon",
            "points": [
                [
                    381.03433735399824,
                    211.22481364450732
                ],
                [
                    404.2263573041229,
                    90.77593583902105
                ],
                [
                    287.518127877689,
                    73.56895329538014
                ],
                [
                    267.0692500722027,
                    195.01533733528038
                ]
            ],
            "flags": {},
            "group_id": null,
            "label": "pickable_smartpac"
        },
        {
            "shape_type": "polygon",
            "points": [
                [
                    0,
                    77.7405277603473
                ],
                [
                    89.2719817543206,
                    22.71116547651209
                ],
                [
                    182.02697168290513,
                    169.13306622729036
                ],
                [
                    71.50783599347092,
                    233.69450186178955
                ]
            ],
            "flags": {},
            "group_id": null,
            "label": "pickable_flat"
        }
    ],
    "imagePath": "1616050641-647311-por1094.png",
    "flags": {},
    "imageWidth": 640,
    "imageHeight": 360
}