{
    "shapes": [
        {
            "shape_type": "polygon",
            "points": [
                [
                    113.29383209842268,
                    142.6218599431999
                ],
                [
                    206.03576758229366,
                    154.4498169324472
                ],
                [
                    196.35834822745494,
                    259.5573438141676
                ],
                [
                    112.75619768982054,
                    250.68637607223215
                ]
            ],
            "flags": {},
            "group_id": null,
            "label": "pickable_box"
        },
        {
            "shape_type": "polygon",
            "points": [
                [
                    335.54155459924687,
                    261.2197417966649
                ],
                [
                    345.681414739107,
                    145.13582571274875
                ],
                [
                    496.3807154384077,
                    148.63232920925225
                ],
                [
                    471.5555406132329,
                    265.0658956428187
                ]
            ],
            "flags": {},
            "group_id": null,
            "label": "pickable_polybag"
        },
        {
            "shape_type": "polygon",
            "points": [
                [
                    206.04774072081764,
                    182.68881118881117
                ],
                [
                    238.5921194190425,
                    74.10892953200643
                ],
                [
                    353.6808768154922,
                    128.54679935449164
                ],
                [
                    337.4086874663798,
                    253.69472834857447
                ]
            ],
            "flags": {},
            "group_id": null,
            "label": "pickable_smartpac"
        }
    ],
    "imagePath": "1616050747-887129-por1094.png",
    "flags": {},
    "imageWidth": 640,
    "imageHeight": 360
}