{
    "shapes": [
        {
            "shape_type": "polygon",
            "points": [
                [
                    295.78384002267376,
                    138.20313557410333
                ],
                [
                    382.5651427863812,
                    146.10325109885227
                ],
                [
                    375.1271262574556,
                    232.05366432199278
                ],
                [
                    288.5568783235713,
                    224.61564779306715
                ]
            ],
            "flags": {},
            "group_id": null,
            "label": "pickable_box"
        },
        {
            "shape_type": "polygon",
            "points": [
                [
                    382.8006989828729,
                    138.14092628623465
                ],
                [
                    380.9344027261504,
                    225.19794804781887
                ],
                [
                    467.97717795142364,
                    226.50625496569947
                ],
                [
                    469.5478585796959,
                    140.2933404805337
                ]
            ],
            "flags": {},
            "group_id": null,
            "label": "pickable_box"
        }
    ],
    "imagePath": "1616051439-062788-por1094.png",
    "flags": {},
    "imageWidth": 640,
    "imageHeight": 360
}