{
    "shapes": [
        {
            "shape_type": "polygon",
            "points": [
                [
                    339.38534852244527,
                    111.63519813519814
                ],
                [
                    344.6027100965431,
                    226.06205226362206
                ],
                [
                    475.286334897815,
                    220.81562937014033
                ],
                [
                    467.81415683740164,
                    109.52787102355846
                ]
            ],
            "flags": {},
            "group_id": null,
            "label": "pickable_box"
        },
        {
            "shape_type": "polygon",
            "points": [
                [
                    83.72216377482034,
                    37.13446157132549
                ],
                [
                    160.7676183202749,
                    88.0435524804164
                ],
                [
                    104.4039819566385,
                    187.5890070258709
                ],
                [
                    24.631254683911262,
                    134.40718884405274
                ]
            ],
            "flags": {},
            "group_id": null,
            "label": "pickable_smartpac"
        }
    ],
    "imagePath": "1616051214-088511-por1094.png",
    "flags": {},
    "imageWidth": 640,
    "imageHeight": 360
}