{
    "shapes": [
        {
            "shape_type": "polygon",
            "points": [
                [
                    84.44310240256091,
                    107.24208598146711
                ],
                [
                    135.3175062181412,
                    77.83032127558475
                ],
                [
                    185.23801496217936,
                    162.09105259513962
                ],
                [
                    136.430383801607,
                    191.18485227717457
                ]
            ],
            "flags": {},
            "group_id": null,
            "label": "pickable_box"
        },
        {
            "shape_type": "polygon",
            "points": [
                [
                    233.54882577299017,
                    152.07515434394725
                ],
                [
                    227.394979619144,
                    258.38634315513605
                ],
                [
                    340.15721738138177,
                    266.4283011970941
                ],
                [
                    345.92644815061254,
                    155.06466483345773
                ]
            ],
            "flags": {},
            "group_id": null,
            "label": "pickable_polybag"
        },
        {
            "shape_type": "polygon",
            "points": [
                [
                    345.401972626137,
                    100.86886063765353
                ],
                [
                    463.58379080795515,
                    96.32340609219898
                ],
                [
                    470.7516229757873,
                    259.61011937891226
                ],
                [
                    350.4719026960671,
                    261.5331963019892
                ]
            ],
            "flags": {},
            "group_id": null,
            "label": "pickable_flat"
        },
        {
            "shape_type": "polygon",
            "points": [
                [
                    253.96840619257057,
                    27.96676273555562
                ],
                [
                    255.71665794082233,
                    140.90382567261855
                ],
                [
                    350.12225234641676,
                    138.10662287541575
                ],
                [
                    349.07330129746566,
                    26.56816133695422
                ]
            ],
            "flags": {},
            "group_id": null,
            "label": "pickable_smartpac"
        }
    ],
    "imagePath": "1616050818-143009-por1094.png",
    "flags": {},
    "imageWidth": 640,
    "imageHeight": 360
}