{
    "shapes": [
        {
            "shape_type": "polygon",
            "points": [
                [
                    170.66178920335247,
                    154.6434810020418
                ],
                [
                    227.65103651518044,
                    110.28864229236437
                ],
                [
                    283.5650150098041,
                    178.03057777623533
                ],
                [
                    225.50049888077183,
                    217.5467068084934
                ]
            ],
            "flags": {},
            "group_id": null,
            "label": "pickable_polybag"
        },
        {
            "shape_type": "polygon",
            "points": [
                [
                    312.7896559942449,
                    44.33586123648
                ],
                [
                    325.4819636865526,
                    138.37432277494153
                ],
                [
                    386.8281175327065,
                    129.91278431340308
                ],
                [
                    373.7511944557834,
                    36.06663046724923
                ]
            ],
            "flags": {},
            "group_id": null,
            "label": "pickable_box"
        },
        {
            "shape_type": "polygon",
            "points": [
                [
                    358.5588867634757,
                    17.22047662109539
                ],
                [
                    470.6742713788603,
                    16.83586123648
                ],
                [
                    460.0973483019372,
                    99.72047662109537
                ],
                [
                    383.5588867634757,
                    108.18201508263384
                ]
            ],
            "flags": {},
            "group_id": null,
            "label": "pickable_flat"
        }
    ],
    "imagePath": "1616050908-731268-por1094.png",
    "flags": {},
    "imageWidth": 640,
    "imageHeight": 360
}