{
    "shapes": [
        {
            "shape_type": "polygon",
            "points": [
                [
                    357.95145239376006,
                    120.22135556750939
                ],
                [
                    360.451640377819,
                    202.7125203167387
                ],
                [
                    472.7964812589719,
                    199.06195167134513
                ],
                [
                    469.9347960443455,
                    119.09374817372989
                ]
            ],
            "flags": {},
            "group_id": null,
            "label": "pickable_box"
        },
        {
            "shape_type": "polygon",
            "points": [
                [
                    280.0960438454158,
                    30.96427094149686
                ],
                [
                    312.6660184001232,
                    162.00752793895234
                ],
                [
                    414.1927359573751,
                    110.3535839185961
                ],
                [
                    369.40902094465247,
                    5.518978320631722
                ]
            ],
            "flags": {},
            "group_id": null,
            "label": "pickable_flat"
        },
        {
            "shape_type": "polygon",
            "points": [
                [
                    166.35693007306372,
                    141.29819098964907
                ],
                [
                    232.19229389253502,
                    197.35889740543902
                ],
                [
                    316.5663171689352,
                    96.2025633881514
                ],
                [
                    216.83537097439142,
                    25.87246908325844
                ]
            ],
            "flags": {},
            "group_id": null,
            "label": "pickable_smartpac"
        },
        {
            "shape_type": "polygon",
            "points": [
                [
                    264.83754224995386,
                    150.61867933075192
                ],
                [
                    357.8423117253116,
                    171.92233592852614
                ],
                [
                    345.12371077141654,
                    226.13537249450388
                ],
                [
                    250.84708120066927,
                    204.83171589672963
                ]
            ],
            "flags": {},
            "group_id": null,
            "label": "pickable_box"
        },
        {
            "shape_type": "polygon",
            "points": [
                [
                    5.910969324634854,
                    133.52467132928888
                ],
                [
                    101.62983250424355,
                    221.10626843063213
                ],
                [
                    210.15582170168256,
                    86.35780924314187
                ],
                [
                    130.11103910827805,
                    14.373307302953611
                ]
            ],
            "flags": {},
            "group_id": null,
            "label": "pickable_flat"
        }
    ],
    "imagePath": "1616051387-063249-por1094.png",
    "flags": {},
    "imageWidth": 640,
    "imageHeight": 360
}