{
    "shapes": [
        {
            "shape_type": "polygon",
            "points": [
                [
                    170.51550868486348,
                    226.9414617640424
                ],
                [
                    207.82658470561694,
                    103.09944356718549
                ],
                [
                    300.837337393789,
                    127.56180915858336
                ],
                [
                    262.3978443355276,
                    264.5714271066177
                ]
            ],
            "flags": {},
            "group_id": null,
            "label": "pickable_polybag"
        },
        {
            "shape_type": "polygon",
            "points": [
                [
                    372.3292392405072,
                    213.6306029245129
                ],
                [
                    369.6702554045909,
                    232.5298113761555
                ],
                [
                    463.2482443324315,
                    239.72076646887297
                ],
                [
                    463.336282275992,
                    217.51458319132342
                ]
            ],
            "flags": {},
            "group_id": null,
            "label": "pickable_polybag"
        },
        {
            "shape_type": "polygon",
            "points": [
                [
                    405.30491908486823,
                    254.18207207842292
                ],
                [
                    412.47255866754676,
                    232.8843425542777
                ],
                [
                    465.4476066521916,
                    241.44821368576356
                ],
                [
                    464.06001762282983,
                    257.17250422684
                ]
            ],
            "flags": {},
            "group_id": null,
            "label": "pickable_polybag"
        },
        {
            "shape_type": "polygon",
            "points": [
                [
                    371.6997041420118,
                    196.44415585166772
                ],
                [
                    384.7162330676317,
                    221.03093271117183
                ],
                [
                    466.94763802630945,
                    167.93175915745283
                ],
                [
                    457.8567289354003,
                    147.89043684340325
                ]
            ],
            "flags": {},
            "group_id": null,
            "label": "pickable_polybag"
        },
        {
            "shape_type": "polygon",
            "points": [
                [
                    424.7982072747065,
                    39.04222016332816
                ],
                [
                    447.4914104244663,
                    34.275404785088796
                ],
                [
                    462.2120276993877,
                    142.9516889460874
                ],
                [
                    446.5778094103021,
                    147.57960527754352
                ]
            ],
            "flags": {},
            "group_id": null,
            "label": "pickable_polybag"
        }
    ],
    "imagePath": "1616050631-108660-por1094.png",
    "flags": {},
    "imageWidth": 640,
    "imageHeight": 360
}