{
    "shapes": [
        {
            "shape_type": "polygon",
            "points": [
                [
                    169.1169072862621,
                    230.78761561019624
                ],
                [
                    208.63303631852017,
                    103.63707797578765
                ],
                [
                    300.837337393789,
                    127.56180915858334
                ],
                [
                    262.12765997443415,
                    263.0456801263253
                ]
            ],
            "flags": {},
            "group_id": null,
            "label": "pickable_polybag"
        },
        {
            "shape_type": "polygon",
            "points": [
                [
                    304.6591001910968,
                    63.677165927950256
                ],
                [
                    426.64378900669215,
                    36.16395969621776
                ],
                [
                    455.94486427550936,
                    206.05643281449733
                ],
                [
                    330.20391926851835,
                    223.90123853745476
                ]
            ],
            "flags": {},
            "group_id": null,
            "label": "pickable_smartpac"
        },
        {
            "shape_type": "polygon",
            "points": [
                [
                    375.4284127942263,
                    210.73804094104187
                ],
                [
                    369.67025540459093,
                    231.08353038442
                ],
                [
                    464.48791375391914,
                    239.72076646887297
                ],
                [
                    463.33628227599206,
                    216.68813691033168
                ]
            ],
            "flags": {},
            "group_id": null,
            "label": "pickable_polybag"
        },
        {
            "shape_type": "polygon",
            "points": [
                [
                    404.98695406102087,
                    254.50003710227028
                ],
                [
                    412.47255866754676,
                    231.85128470303803
                ],
                [
                    465.44760665219167,
                    241.44821368576356
                ],
                [
                    464.67985233357365,
                    257.37911579708793
                ]
            ],
            "flags": {},
            "group_id": null,
            "label": "pickable_polybag"
        }
    ],
    "imagePath": "1616050626-175016-por1094.png",
    "flags": {},
    "imageWidth": 640,
    "imageHeight": 360
}