{
    "shapes": [
        {
            "shape_type": "polygon",
            "points": [
                [
                    137.67838931074226,
                    137.24236422638108
                ],
                [
                    227.87959621024135,
                    126.84225823803989
                ],
                [
                    239.27592126018035,
                    243.09622096862844
                ],
                [
                    148.65588946367797,
                    248.18366135018647
                ]
            ],
            "flags": {},
            "group_id": null,
            "label": "pickable_smartpac"
        },
        {
            "shape_type": "polygon",
            "points": [
                [
                    445.3710939730001,
                    210.07555324207837
                ],
                [
                    471.50745760936377,
                    134.16646233298746
                ],
                [
                    364.00745760936377,
                    94.16646233298746
                ],
                [
                    338.780184882091,
                    171.21191687844203
                ]
            ],
            "flags": {},
            "group_id": null,
            "label": "pickable_box"
        }
    ],
    "imagePath": "1616050998-252653-por1094.png",
    "flags": {},
    "imageWidth": 640,
    "imageHeight": 360
}