{
    "shapes": [
        {
            "shape_type": "polygon",
            "points": [
                [
                    360.31293706293707,
                    171.8916083916084
                ],
                [
                    438.7425182344537,
                    93.05297390781261
                ],
                [
                    474.7640236107978,
                    187.40781261749004
                ],
                [
                    407.0220881269268,
                    269.93469433792006
                ]
            ],
            "flags": {},
            "group_id": null,
            "label": "pickable_smartpac"
        }
    ],
    "imagePath": "1616051065-111097-por1094.png",
    "flags": {},
    "imageWidth": 640,
    "imageHeight": 360
}