{
    "shapes": [
        {
            "shape_type": "polygon",
            "points": [
                [
                    334.66715976331375,
                    31.466110812264663
                ],
                [
                    456.45907611405363,
                    29.333188091106656
                ],
                [
                    460.7067997735419,
                    134.4430305538903
                ],
                [
                    342.5817094425692,
                    146.75297418736335
                ]
            ],
            "flags": {},
            "group_id": null,
            "label": "pickable_smartpac"
        },
        {
            "shape_type": "polygon",
            "points": [
                [
                    64.80492429169888,
                    109.59017770697982
                ],
                [
                    141.17343949742346,
                    195.8871365620782
                ],
                [
                    205.26670066437754,
                    145.10729129582364
                ],
                [
                    160.85143591960588,
                    24.151895059394832
                ]
            ],
            "flags": {},
            "group_id": null,
            "label": "pickable_smartpac"
        },
        {
            "shape_type": "polygon",
            "points": [
                [
                    101.1223834964316,
                    177.9101611514511
                ],
                [
                    160.5176318765612,
                    274.02247216656986
                ],
                [
                    268.2930098463236,
                    202.3162086676498
                ],
                [
                    215.3772431076627,
                    138.8172885812567
                ]
            ],
            "flags": {},
            "group_id": null,
            "label": "pickable_smartpac"
        }
    ],
    "imagePath": "1616051029-456408-por1094.png",
    "flags": {},
    "imageWidth": 640,
    "imageHeight": 360
}