{
    "shapes": [
        {
            "shape_type": "polygon",
            "points": [
                [
                    141.12950511027435,
                    69.47041420118344
                ],
                [
                    46.37426035502961,
                    101.98789671866597
                ],
                [
                    86.58405056481982,
                    211.07880580957507
                ],
                [
                    178.8917428725121,
                    177.86202259279185
                ]
            ],
            "flags": {},
            "group_id": null,
            "label": "pickable_smartpac"
        },
        {
            "shape_type": "polygon",
            "points": [
                [
                    423.39132930758245,
                    101.36190980235648
                ],
                [
                    322.31606049037816,
                    136.8457807700984
                ],
                [
                    345.7031572645717,
                    255.12535066257152
                ],
                [
                    454.5741250065072,
                    223.94255496364678
                ]
            ],
            "flags": {},
            "group_id": null,
            "label": "pickable_smartpac"
        },
        {
            "shape_type": "polygon",
            "points": [
                [
                    220.7362424589472,
                    154.9888742357725
                ],
                [
                    115.35162707433183,
                    191.14272038961866
                ],
                [
                    139.19778092048568,
                    277.68118192808015
                ],
                [
                    251.50547322817798,
                    250.3734896203879
                ]
            ],
            "flags": {},
            "group_id": null,
            "label": "pickable_polybag"
        }
    ],
    "imagePath": "1616051184-219711-por1094.png",
    "flags": {},
    "imageWidth": 640,
    "imageHeight": 360
}