{
    "shapes": [
        {
            "shape_type": "polygon",
            "points": [
                [
                    347.5456015615878,
                    75.59179691229177
                ],
                [
                    415.60616392640407,
                    168.66461594617786
                ],
                [
                    474.76405866324615,
                    117.9277738409147
                ],
                [
                    451.39563761061453,
                    0
                ]
            ],
            "flags": {},
            "group_id": null,
            "label": "pickable_flat"
        },
        {
            "shape_type": "polygon",
            "points": [
                [
                    179.48016409650245,
                    51.77711558572259
                ],
                [
                    222.6672310710983,
                    159.62930958110366
                ],
                [
                    109.96515254915835,
                    204.8948984956533
                ],
                [
                    65.62335116347705,
                    97.96649202914061
                ]
            ],
            "flags": {},
            "group_id": null,
            "label": "pickable_smartpac"
        },
        {
            "shape_type": "polygon",
            "points": [
                [
                    310.85985446615945,
                    113.06916788001834
                ],
                [
                    288.9590280198785,
                    231.45759763208446
                ],
                [
                    401.14911066450657,
                    250.0526389543985
                ],
                [
                    421.39704454880405,
                    132.90387862381996
                ]
            ],
            "flags": {},
            "group_id": null,
            "label": "pickable_smartpac"
        }
    ],
    "imagePath": "1616051196-494802-por1094.png",
    "flags": {},
    "imageWidth": 640,
    "imageHeight": 360
}