{
    "shapes": [
        {
            "shape_type": "polygon",
            "points": [
                [
                    263.6877020828633,
                    58.96642604707121
                ],
                [
                    231.16082036243327,
                    145.52556583201743
                ],
                [
                    172.02103541619672,
                    124.2890066922325
                ],
                [
                    203.7414655237236,
                    37.19223249868411
                ]
            ],
            "flags": {},
            "group_id": null,
            "label": "pickable_box"
        },
        {
            "shape_type": "polygon",
            "points": [
                [
                    208.77154297315602,
                    32.38660801564027
                ],
                [
                    141.03975862846832,
                    224.86686968945025
                ],
                [
                    71.3634671779833,
                    168.69347319347318
                ],
                [
                    130.9788517933679,
                    32.53962703962702
                ]
            ],
            "flags": {},
            "group_id": null,
            "label": "pickable_flat"
        },
        {
            "shape_type": "polygon",
            "points": [
                [
                    284.44039025490633,
                    29.462703962703948
                ],
                [
                    259.0557748702909,
                    186.77039627039625
                ],
                [
                    403.2865441010602,
                    209.07808857808854
                ],
                [
                    434.055774870291,
                    52.15501165501164
                ]
            ],
            "flags": {},
            "group_id": null,
            "label": "pickable_polybag"
        }
    ],
    "imagePath": "1616051285-943470-por1094.png",
    "flags": {},
    "imageWidth": 640,
    "imageHeight": 360
}