{
    "shapes": [
        {
            "shape_type": "polygon",
            "points": [
                [
                    279.4168541248961,
                    139.20345738177906
                ],
                [
                    385.476255772533,
                    173.1816991140315
                ],
                [
                    372.12172477094316,
                    213.40427463072467
                ],
                [
                    265.92140680591933,
                    179.22303456713166
                ]
            ],
            "flags": {},
            "group_id": null,
            "label": "pickable_box"
        },
        {
            "shape_type": "polygon",
            "points": [
                [
                    372.12990421489184,
                    217.79207779963477
                ],
                [
                    463.8654414049745,
                    220.68463978310584
                ],
                [
                    461.79932570249514,
                    242.17224308889095
                ],
                [
                    365.7249455372059,
                    239.27968110541988
                ]
            ],
            "flags": {},
            "group_id": null,
            "label": "pickable_polybag"
        },
        {
            "shape_type": "polygon",
            "points": [
                [
                    402.7548915858227,
                    237.80799821695155
                ],
                [
                    399.8209062557494,
                    258.1013967499589
                ],
                [
                    465.2243292386345,
                    257.7346485836997
                ],
                [
                    464.97983046112836,
                    242.20897621206157
                ]
            ],
            "flags": {},
            "group_id": null,
            "label": "pickable_polybag"
        }
    ],
    "imagePath": "1616050612-770622-por1094.png",
    "flags": {},
    "imageWidth": 640,
    "imageHeight": 360
}