{
    "shapes": [
        {
            "shape_type": "polygon",
            "points": [
                [
                    216.6591342900276,
                    141.26333096184212
                ],
                [
                    262.4283650592584,
                    255.10948480799598
                ],
                [
                    370.88990352079674,
                    212.0325617310729
                ],
                [
                    322.6031902340835,
                    95.21437991289109
                ]
            ],
            "flags": {},
            "group_id": null,
            "label": "pickable_polybag"
        },
        {
            "shape_type": "polygon",
            "points": [
                [
                    386.19229546677093,
                    222.45183138539784
                ],
                [
                    462.8451880287545,
                    178.03034378209205
                ],
                [
                    420.489816127928,
                    75.96422807961268
                ],
                [
                    335.1592376155313,
                    127.61712064159616
                ]
            ],
            "flags": {},
            "group_id": null,
            "label": "pickable_smartpac"
        }
    ],
    "imagePath": "1616051068-580597-por1094.png",
    "flags": {},
    "imageWidth": 640,
    "imageHeight": 360
}