{
    "shapes": [
        {
            "shape_type": "polygon",
            "points": [
                [
                    84.58375715193894,
                    106.8146853146853
                ],
                [
                    134.8693218874468,
                    78.30452290156406
                ],
                [
                    186.13181649846592,
                    161.7646005334569
                ],
                [
                    135.69595099410725,
                    191.5279878310908
                ]
            ],
            "flags": {},
            "group_id": null,
            "label": "pickable_box"
        },
        {
            "shape_type": "polygon",
            "points": [
                [
                    344.4871423947939,
                    154.5563676794315
                ],
                [
                    340.3904322248333,
                    264.8680293105922
                ],
                [
                    227.42982231377866,
                    260.03956679470906
                ],
                [
                    234.29132167845464,
                    158.64185396116397
                ]
            ],
            "flags": {},
            "group_id": null,
            "label": "pickable_polybag"
        },
        {
            "shape_type": "polygon",
            "points": [
                [
                    304.1962901581504,
                    34.454322935662795
                ],
                [
                    315.44828366374094,
                    150.10296367008695
                ],
                [
                    229.181679104712,
                    173.88239525760525
                ],
                [
                    203.0878091628324,
                    57.321453183997335
                ]
            ],
            "flags": {},
            "group_id": null,
            "label": "pickable_smartpac"
        },
        {
            "shape_type": "polygon",
            "points": [
                [
                    463.66973171181127,
                    96.8328821623786
                ],
                [
                    470.3796884217679,
                    259.8264259748879
                ],
                [
                    350.49332478540435,
                    260.77339567185766
                ],
                [
                    346.13726417934373,
                    100.35672900519097
                ]
            ],
            "flags": {},
            "group_id": null,
            "label": "pickable_flat"
        }
    ],
    "imagePath": "1616050815-478648-por1094.png",
    "flags": {},
    "imageWidth": 640,
    "imageHeight": 360
}