{
    "shapes": [
        {
            "shape_type": "polygon",
            "points": [
                [
                    145.17185226608868,
                    75.01114153911357
                ],
                [
                    112.32061259666717,
                    182.4491580680392
                ],
                [
                    241.45284400162583,
                    218.60618286142764
                ],
                [
                    272.85780267931176,
                    109.30866220027059
                ]
            ],
            "flags": {},
            "group_id": null,
            "label": "pickable_box"
        },
        {
            "shape_type": "polygon",
            "points": [
                [
                    426.7509535918627,
                    49.70979020979021
                ],
                [
                    342.86665607120153,
                    130.49491417673238
                ],
                [
                    412.9079783852511,
                    200.329624920534
                ],
                [
                    489.14764780673875,
                    123.88334392879847
                ]
            ],
            "flags": {},
            "group_id": null,
            "label": "pickable_smartpac"
        }
    ],
    "imagePath": "1616051211-956409-por1094.png",
    "flags": {},
    "imageWidth": 640,
    "imageHeight": 360
}