{
    "shapes": [
        {
            "shape_type": "polygon",
            "points": [
                [
                    138.1806078536847,
                    203.79316837009148
                ],
                [
                    215.03375470683162,
                    124.66729424421733
                ],
                [
                    261.7688475709568,
                    215.73391579470984
                ],
                [
                    202.51627218934908,
                    268.82813340505646
                ]
            ],
            "flags": {},
            "group_id": null,
            "label": "pickable_polybag"
        },
        {
            "shape_type": "polygon",
            "points": [
                [
                    300.6757202681516,
                    255.13428424346546
                ],
                [
                    498.0496205614072,
                    132.50525198540095
                ],
                [
                    516.9508913336462,
                    145.6738736862807
                ],
                [
                    352.01149739425165,
                    285.06927935587987
                ]
            ],
            "flags": {},
            "group_id": null,
            "label": "pickable_flat"
        },
        {
            "shape_type": "polygon",
            "points": [
                [
                    215.54764587895062,
                    155.29539610016732
                ],
                [
                    260.98684802701337,
                    80.57924727009441
                ],
                [
                    347.06279739410206,
                    189.86194769203536
                ],
                [
                    280.3309216748847,
                    243.48105010860613
                ]
            ],
            "flags": {},
            "group_id": null,
            "label": "pickable_smartpac"
        }
    ],
    "imagePath": "1616050883-805454-por1094.png",
    "flags": {},
    "imageWidth": 640,
    "imageHeight": 360
}