{
    "shapes": [
        {
            "shape_type": "polygon",
            "points": [
                [
                    137.77383979656707,
                    27.21338451758032
                ],
                [
                    140.01306249033522,
                    117.66096627532251
                ],
                [
                    203.60606725981057,
                    116.07114115608562
                ],
                [
                    200.4264170213368,
                    27.517882014591187
                ]
            ],
            "flags": {},
            "group_id": null,
            "label": "pickable_box"
        },
        {
            "shape_type": "polygon",
            "points": [
                [
                    350.47555707047695,
                    125.969609142789
                ],
                [
                    462.29373888865865,
                    137.560518233698
                ],
                [
                    444.11192070684046,
                    253.69688187006162
                ],
                [
                    348.4301025250223,
                    253.46960914278887
                ]
            ],
            "flags": {},
            "group_id": null,
            "label": "pickable_smartpac"
        }
    ],
    "imagePath": "1616050962-792176-por1094.png",
    "flags": {},
    "imageWidth": 640,
    "imageHeight": 360
}