{
    "shapes": [
        {
            "shape_type": "polygon",
            "points": [
                [
                    359.36726734803653,
                    146.04330285099516
                ],
                [
                    358.57260746246766,
                    259.4253753239767
                ],
                [
                    461.6717810161866,
                    254.87992077852218
                ],
                [
                    460.8453347351949,
                    144.96256540662137
                ]
            ],
            "flags": {},
            "group_id": null,
            "label": "pickable_smartpac"
        },
        {
            "shape_type": "polygon",
            "points": [
                [
                    337.91145043767426,
                    33.59892904298499
                ],
                [
                    336.0519463054428,
                    143.30967284463787
                ],
                [
                    456.5064917599883,
                    147.23529267934862
                ],
                [
                    456.7131033302362,
                    35.25182160496846
                ]
            ],
            "flags": {},
            "group_id": null,
            "label": "pickable_smartpac"
        },
        {
            "shape_type": "polygon",
            "points": [
                [
                    238.0784462201165,
                    81.86375753709747
                ],
                [
                    246.97415789711775,
                    248.16319766713178
                ],
                [
                    359.2190558563014,
                    246.34913871021567
                ],
                [
                    353.0966068767097,
                    75.14732465125878
                ]
            ],
            "flags": {},
            "group_id": null,
            "label": "pickable_smartpac"
        },
        {
            "shape_type": "polygon",
            "points": [
                [
                    164.38834646604147,
                    143.44535861425126
                ],
                [
                    208.74781109319258,
                    219.5447850004845
                ],
                [
                    132.64838470695932,
                    263.5218404498153
                ],
                [
                    88.48012466871839,
                    189.14325536377322
                ]
            ],
            "flags": {},
            "group_id": null,
            "label": "pickable_box"
        }
    ],
    "imagePath": "1616051431-253291-por1094.png",
    "flags": {},
    "imageWidth": 640,
    "imageHeight": 360
}