{
    "shapes": [
        {
            "shape_type": "polygon",
            "points": [
                [
                    334.00562072336265,
                    165.3003551452683
                ],
                [
                    446.102394916911,
                    258.5799250377414
                ],
                [
                    515.9948680351906,
                    291.3756239624726
                ],
                [
                    443.95185728250243,
                    224.70895729580593
                ]
            ],
            "flags": {},
            "group_id": null,
            "label": "pickable_smartpac"
        },
        {
            "shape_type": "polygon",
            "points": [
                [
                    217.6178992636809,
                    159.74041136696223
                ],
                [
                    225.95123259701424,
                    270.7619167433063
                ],
                [
                    120.84370571529381,
                    272.91245437771494
                ],
                [
                    129.71467345722928,
                    176.94471244223104
                ]
            ],
            "flags": {},
            "group_id": null,
            "label": "pickable_polybag"
        }
    ],
    "imagePath": "1616051337-804716-por1094.png",
    "flags": {},
    "imageWidth": 640,
    "imageHeight": 360
}