{
    "shapes": [
        {
            "shape_type": "polygon",
            "points": [
                [
                    361.964404533276,
                    149.49869278777467
                ],
                [
                    461.57463566540645,
                    145.56268440868533
                ],
                [
                    464.14187282922063,
                    252.16415140135038
                ],
                [
                    364.2641222179735,
                    264.389090276656
                ]
            ],
            "flags": {},
            "group_id": null,
            "label": "pickable_smartpac"
        },
        {
            "shape_type": "polygon",
            "points": [
                [
                    203.5428672204017,
                    103.28750897815992
                ],
                [
                    304.3849724835596,
                    29.603298451844132
                ],
                [
                    402.7007619572438,
                    159.9190879255284
                ],
                [
                    311.33234090461224,
                    240.12961424131782
                ]
            ],
            "flags": {},
            "group_id": null,
            "label": "pickable_smartpac"
        },
        {
            "shape_type": "polygon",
            "points": [
                [
                    48.34342425826043,
                    96.53202291666906
                ],
                [
                    69.52612846618122,
                    230.70075228960638
                ],
                [
                    225.133466543739,
                    171.36184964934236
                ],
                [
                    222.93088300413504,
                    59.5683265470321
                ]
            ],
            "flags": {},
            "group_id": null,
            "label": "pickable_smartpac"
        }
    ],
    "imagePath": "1616050736-286990-por1094.png",
    "flags": {},
    "imageWidth": 640,
    "imageHeight": 360
}