{
    "shapes": [
        {
            "shape_type": "polygon",
            "points": [
                [
                    145.17185226608868,
                    75.01114153911357
                ],
                [
                    112.32061259666717,
                    182.4491580680392
                ],
                [
                    241.45284400162583,
                    218.60618286142764
                ],
                [
                    272.85780267931176,
                    109.30866220027059
                ]
            ],
            "flags": {},
            "group_id": null,
            "label": "pickable_box"
        },
        {
            "shape_type": "polygon",
            "points": [
                [
                    270.3784638363366,
                    132.4491580680392
                ],
                [
                    372.03135639832004,
                    263.02767046473343
                ],
                [
                    470.3784638363366,
                    188.64750517547722
                ],
                [
                    369.9652406958407,
                    52.90370352258464
                ]
            ],
            "flags": {},
            "group_id": null,
            "label": "pickable_flat"
        }
    ],
    "imagePath": "1616051210-022017-por1094.png",
    "flags": {},
    "imageWidth": 640,
    "imageHeight": 360
}