{
    "shapes": [
        {
            "shape_type": "polygon",
            "points": [
                [
                    320.4581012049025,
                    78.50875248588014
                ],
                [
                    362.99985210751623,
                    156.08305090489978
                ],
                [
                    459.75022138373487,
                    102.16872298761764
                ],
                [
                    414.9939436880185,
                    21.66650733030596
                ]
            ],
            "flags": {},
            "group_id": null,
            "label": "pickable_smartpac"
        },
        {
            "shape_type": "polygon",
            "points": [
                [
                    217.63295649764726,
                    57.00430808947238
                ],
                [
                    279.361175970142,
                    164.8228576872852
                ],
                [
                    177.14796147560193,
                    210.43988703351388
                ],
                [
                    114.4897336275008,
                    111.07279842591892
                ]
            ],
            "flags": {},
            "group_id": null,
            "label": "pickable_smartpac"
        },
        {
            "shape_type": "polygon",
            "points": [
                [
                    10.933691660136237,
                    31.369213316307622
                ],
                [
                    36.19253496054202,
                    157.7814771192342
                ],
                [
                    142.06812075660983,
                    157.4500156007415
                ],
                [
                    135.33368619498341,
                    31.401730975582677
                ]
            ],
            "flags": {},
            "group_id": null,
            "label": "pickable_smartpac"
        },
        {
            "shape_type": "polygon",
            "points": [
                [
                    409.2720355256529,
                    117.84217573937126
                ],
                [
                    324.25889990979573,
                    190.60788235689276
                ],
                [
                    388.9781286393805,
                    271.60083343151126
                ],
                [
                    472.19561450279923,
                    200.85355200480402
                ]
            ],
            "flags": {},
            "group_id": null,
            "label": "pickable_smartpac"
        }
    ],
    "imagePath": "1616051108-036972-por1094.png",
    "flags": {},
    "imageWidth": 640,
    "imageHeight": 360
}