{
    "shapes": [
        {
            "shape_type": "polygon",
            "points": [
                [
                    365.8384884346422,
                    144.61672942442172
                ],
                [
                    372.48184507799886,
                    260.00134480903705
                ],
                [
                    459.7672869088952,
                    257.2041420118343
                ],
                [
                    462.3419849381387,
                    143.917428725121
                ]
            ],
            "flags": {},
            "group_id": null,
            "label": "pickable_smartpac"
        },
        {
            "shape_type": "polygon",
            "points": [
                [
                    133.17461644165635,
                    194.74282130339046
                ],
                [
                    191.17461644165635,
                    272.74282130339043
                ],
                [
                    284.4246164416563,
                    198.24282130339046
                ],
                [
                    221.42461644165635,
                    121.99282130339046
                ]
            ],
            "flags": {},
            "group_id": null,
            "label": "pickable_smartpac"
        },
        {
            "shape_type": "polygon",
            "points": [
                [
                    0,
                    52.52906726558466
                ],
                [
                    38.594571097117054,
                    134.98032074747883
                ],
                [
                    159.48593599962402,
                    89.29786949399693
                ],
                [
                    152.52214769878836,
                    29.966393170877133
                ]
            ],
            "flags": {},
            "group_id": null,
            "label": "pickable_smartpac"
        }
    ],
    "imagePath": "1616051411-988360-por1094.png",
    "flags": {},
    "imageWidth": 640,
    "imageHeight": 360
}