{
    "shapes": [
        {
            "shape_type": "polygon",
            "points": [
                [
                    372.64134516052127,
                    119.80705657978385
                ],
                [
                    392.5551493960585,
                    236.33598219961857
                ],
                [
                    297.7204386522568,
                    247.493006993007
                ],
                [
                    280.3650667514304,
                    138.60870947234582
                ]
            ],
            "flags": {},
            "group_id": null,
            "label": "pickable_smartpac"
        },
        {
            "shape_type": "polygon",
            "points": [
                [
                    96.1831464796688,
                    278.6867941355052
                ],
                [
                    230.1170804136027,
                    271.4795869282981
                ],
                [
                    278.76572906225135,
                    180.78889623760736
                ],
                [
                    132.21918251570463,
                    199.70781515652627
                ]
            ],
            "flags": {},
            "group_id": null,
            "label": "pickable_smartpac"
        }
    ],
    "imagePath": "1616051000-513498-por1094.png",
    "flags": {},
    "imageWidth": 640,
    "imageHeight": 360
}