{
    "shapes": [
        {
            "shape_type": "polygon",
            "points": [
                [
                    38.576381091087,
                    189.17318532024416
                ],
                [
                    63.81457691751812,
                    95.91159794100969
                ],
                [
                    174.32108965363236,
                    140.02621209616208
                ],
                [
                    129.48802129115228,
                    221.9022057368616
                ]
            ],
            "flags": {},
            "group_id": null,
            "label": "pickable_polybag"
        },
        {
            "shape_type": "polygon",
            "points": [
                [
                    175.8715304687791,
                    112.73867054391464
                ],
                [
                    284.0533486505973,
                    86.602306907551
                ],
                [
                    302.91698501423343,
                    165.6932159984599
                ],
                [
                    210.87153046877893,
                    262.2841250893692
                ]
            ],
            "flags": {},
            "group_id": null,
            "label": "pickable_smartpac"
        },
        {
            "shape_type": "polygon",
            "points": [
                [
                    287.90922881292454,
                    169.25170747173232
                ],
                [
                    404.09878072230657,
                    194.8921419771537
                ],
                [
                    425.5918870751016,
                    76.81296011506396
                ],
                [
                    317.4399604974317,
                    51.15180517978888
                ]
            ],
            "flags": {},
            "group_id": null,
            "label": "pickable_smartpac"
        }
    ],
    "imagePath": "1616050690-361320-por1094.png",
    "flags": {},
    "imageWidth": 640,
    "imageHeight": 360
}