{
    "shapes": [
        {
            "shape_type": "polygon",
            "points": [
                [
                    140.26427942686684,
                    216.95366521590296
                ],
                [
                    303.1854491662184,
                    258.4825908357377
                ],
                [
                    344.7143747860531,
                    146.70573133160548
                ],
                [
                    175.4994987529953,
                    106.20986356301043
                ]
            ],
            "flags": {},
            "group_id": null,
            "label": "pickable_smartpac"
        },
        {
            "shape_type": "polygon",
            "points": [
                [
                    332.93751528192087,
                    78.73052472003522
                ],
                [
                    378.8052838769621,
                    157.8627561249939
                ],
                [
                    464.3424739596068,
                    114.68093794317572
                ],
                [
                    423.8466061910114,
                    28.31730157953935
                ]
            ],
            "flags": {},
            "group_id": null,
            "label": "pickable_smartpac"
        }
    ],
    "imagePath": "1616050554-048885-por1094.png",
    "flags": {},
    "imageWidth": 640,
    "imageHeight": 360
}