{
    "shapes": [
        {
            "shape_type": "polygon",
            "points": [
                [
                    63.77005008177168,
                    110.105830622655
                ],
                [
                    166.31520147166844,
                    19.120539832086404
                ],
                [
                    196.22784804904424,
                    151.39828414336944
                ],
                [
                    140.52251525117478,
                    194.19755680488333
                ]
            ],
            "flags": {},
            "group_id": null,
            "label": "pickable_smartpac"
        },
        {
            "shape_type": "polygon",
            "points": [
                [
                    390.5325602850417,
                    139.89177245042347
                ],
                [
                    396.9375189627276,
                    259.10664848348137
                ],
                [
                    470.0780148304962,
                    258.69342534298545
                ],
                [
                    465.7391718552896,
                    135.34631790496894
                ]
            ],
            "flags": {},
            "group_id": null,
            "label": "pickable_smartpac"
        },
        {
            "shape_type": "polygon",
            "points": [
                [
                    334.6041772161214,
                    31.238893034178385
                ],
                [
                    343.4004367932223,
                    146.45478427955848
                ],
                [
                    459.9941588538969,
                    135.40049776649818
                ],
                [
                    456.23985900735397,
                    28.18778383006785
                ]
            ],
            "flags": {},
            "group_id": null,
            "label": "pickable_smartpac"
        }
    ],
    "imagePath": "1616051027-249833-por1094.png",
    "flags": {},
    "imageWidth": 640,
    "imageHeight": 360
}