{
    "shapes": [
        {
            "shape_type": "polygon",
            "points": [
                [
                    326.95224933701064,
                    15.295719728526782
                ],
                [
                    335.50144747790307,
                    127.57978882641545
                ],
                [
                    469.7545525999665,
                    122.78132433505269
                ],
                [
                    462.2689479934405,
                    29.307236043306055
                ]
            ],
            "flags": {},
            "group_id": null,
            "label": "pickable_flat"
        },
        {
            "shape_type": "polygon",
            "points": [
                [
                    202.6684688742549,
                    50.84163936578043
                ],
                [
                    327.0517974072176,
                    20.93918541587176
                ],
                [
                    370.02888063831705,
                    161.62945105855553
                ],
                [
                    272.6689709313679,
                    192.0948796159634
                ]
            ],
            "flags": {},
            "group_id": null,
            "label": "pickable_smartpac"
        },
        {
            "shape_type": "polygon",
            "points": [
                [
                    63.77005008177168,
                    110.105830622655
                ],
                [
                    166.31520147166844,
                    19.120539832086404
                ],
                [
                    197.46751747053182,
                    150.98506100287358
                ],
                [
                    140.52251525117478,
                    194.19755680488333
                ]
            ],
            "flags": {},
            "group_id": null,
            "label": "pickable_smartpac"
        },
        {
            "shape_type": "polygon",
            "points": [
                [
                    390.5325602850417,
                    139.89177245042347
                ],
                [
                    396.9375189627276,
                    259.10664848348137
                ],
                [
                    470.0780148304962,
                    258.69342534298545
                ],
                [
                    465.7391718552896,
                    135.34631790496894
                ]
            ],
            "flags": {},
            "group_id": null,
            "label": "pickable_smartpac"
        }
    ],
    "imagePath": "1616051023-720381-por1094.png",
    "flags": {},
    "imageWidth": 640,
    "imageHeight": 360
}