{
    "shapes": [
        {
            "shape_type": "polygon",
            "points": [
                [
                    369.3486595423903,
                    219.86424970157267
                ],
                [
                    461.34591814306464,
                    185.97691465846745
                ],
                [
                    469.5788472316086,
                    207.83405376159587
                ],
                [
                    378.1385690768398,
                    244.24828722030568
                ]
            ],
            "flags": {},
            "group_id": null,
            "label": "pickable_polybag"
        },
        {
            "shape_type": "polygon",
            "points": [
                [
                    368.1480046242954,
                    244.24104899212048
                ],
                [
                    455.5883861823241,
                    214.67030177431445
                ],
                [
                    462.4883585903179,
                    233.22362661106177
                ],
                [
                    373.2354450058535,
                    263.1599679110394
                ]
            ],
            "flags": {},
            "group_id": null,
            "label": "pickable_polybag"
        },
        {
            "shape_type": "polygon",
            "points": [
                [
                    411.07328284369135,
                    242.01529382518888
                ],
                [
                    408.8475276767597,
                    258.3904925533288
                ],
                [
                    463.8239430809826,
                    256.387444293596
                ],
                [
                    463.85547680235584,
                    240.10750368210458
                ]
            ],
            "flags": {},
            "group_id": null,
            "label": "pickable_polybag"
        },
        {
            "shape_type": "polygon",
            "points": [
                [
                    374.5780225444513,
                    39.196353424754065
                ],
                [
                    450.4447604241762,
                    115.02279970574581
                ],
                [
                    460.56872736632494,
                    98.90709722640696
                ],
                [
                    387.2216199283085,
                    22.460816234671427
                ]
            ],
            "flags": {},
            "group_id": null,
            "label": "pickable_polybag"
        },
        {
            "shape_type": "polygon",
            "points": [
                [
                    0,
                    77.7405277603473
                ],
                [
                    89.2719817543206,
                    22.71116547651209
                ],
                [
                    182.02697168290513,
                    169.13306622729036
                ],
                [
                    71.50783599347092,
                    233.69450186178955
                ]
            ],
            "flags": {},
            "group_id": null,
            "label": "pickable_flat"
        }
    ],
    "imagePath": "1616050648-305182-por1094.png",
    "flags": {},
    "imageWidth": 640,
    "imageHeight": 360
}