{
    "shapes": [
        {
            "shape_type": "polygon",
            "points": [
                [
                    152.3291788856305,
                    72.12587754376611
                ],
                [
                    242.9342915021283,
                    22.771125014958034
                ],
                [
                    282.9998339822818,
                    108.57307278085268
                ],
                [
                    208.32145468340914,
                    167.99738579624727
                ]
            ],
            "flags": {},
            "group_id": null,
            "label": "pickable_smartpac"
        },
        {
            "shape_type": "polygon",
            "points": [
                [
                    13.116157979174007,
                    91.45521194348176
                ],
                [
                    129.28740120320307,
                    183.81947036345866
                ],
                [
                    203.62313389670706,
                    107.37096774193547
                ],
                [
                    78.5200844534817,
                    7.321664650110398
                ]
            ],
            "flags": {},
            "group_id": null,
            "label": "pickable_smartpac"
        },
        {
            "shape_type": "polygon",
            "points": [
                [
                    463.83837811326504,
                    134.6818813114576
                ],
                [
                    465.38231509837846,
                    247.17212556640777
                ],
                [
                    325.8318020184538,
                    249.5792653264887
                ],
                [
                    335.8274661317649,
                    142.6490731021788
                ]
            ],
            "flags": {},
            "group_id": null,
            "label": "pickable_smartpac"
        }
    ],
    "imagePath": "1616050987-917789-por1094.png",
    "flags": {},
    "imageWidth": 640,
    "imageHeight": 360
}