{
    "shapes": [
        {
            "shape_type": "polygon",
            "points": [
                [
                    0,
                    41.95997359284071
                ],
                [
                    126.04236148466919,
                    36.85825712748789
                ],
                [
                    137.19938627805763,
                    163.39289062693078
                ],
                [
                    21.703518509462587,
                    168.14495674263327
                ]
            ],
            "flags": {},
            "group_id": null,
            "label": "pickable_smartpac"
        },
        {
            "shape_type": "polygon",
            "points": [
                [
                    304.1018197446793,
                    120.11057562872105
                ],
                [
                    396.0489230697848,
                    54.676024227039456
                ],
                [
                    480.6294219359982,
                    202.52182921570164
                ],
                [
                    402.1713720493768,
                    272.36309905697146
                ]
            ],
            "flags": {},
            "group_id": null,
            "label": "pickable_smartpac"
        }
    ],
    "imagePath": "1616051099-231622-por1094.png",
    "flags": {},
    "imageWidth": 640,
    "imageHeight": 360
}