{
    "shapes": [
        {
            "shape_type": "polygon",
            "points": [
                [
                    366.6244032492059,
                    40.90495867768594
                ],
                [
                    468.0706842409415,
                    134.29338842975204
                ],
                [
                    401.54175862110674,
                    208.05371900826444
                ],
                [
                    296.16985779466046,
                    116.73140495867767
                ]
            ],
            "flags": {},
            "group_id": null,
            "label": "pickable_polybag"
        },
        {
            "shape_type": "polygon",
            "points": [
                [
                    38.32755242603177,
                    68.3100384011256
                ],
                [
                    161.34125105616874,
                    197.35113429153657
                ],
                [
                    250.38234694657973,
                    117.35113429153655
                ],
                [
                    119.97138804247017,
                    19.268942510714638
                ]
            ],
            "flags": {},
            "group_id": null,
            "label": "pickable_smartpac"
        }
    ],
    "imagePath": "1616051296-740938-por1094.png",
    "flags": {},
    "imageWidth": 640,
    "imageHeight": 360
}