{
    "shapes": [
        {
            "shape_type": "polygon",
            "points": [
                [
                    151.88773289647415,
                    95.06144344414139
                ],
                [
                    160.56541884688735,
                    20.06144344414138
                ],
                [
                    267.79682380556505,
                    32.45813765901741
                ],
                [
                    257.46624529316836,
                    106.01185666728188
                ]
            ],
            "flags": {},
            "group_id": null,
            "label": "pickable_box"
        },
        {
            "shape_type": "polygon",
            "points": [
                [
                    369.1468302959808,
                    88.17907862507975
                ],
                [
                    414.904261822094,
                    184.52425336149676
                ],
                [
                    483.705914714656,
                    151.67301369207527
                ],
                [
                    437.0116998386229,
                    54.772187245794285
                ]
            ],
            "flags": {},
            "group_id": null,
            "label": "pickable_box"
        },
        {
            "shape_type": "polygon",
            "points": [
                [
                    256.20335551147707,
                    138.58628516551437
                ],
                [
                    363.7483126962503,
                    162.99455431988375
                ],
                [
                    389.0842052106457,
                    66.44944875366492
                ],
                [
                    271.6177944620852,
                    34.77958311067067
                ]
            ],
            "flags": {},
            "group_id": null,
            "label": "pickable_smartpac"
        },
        {
            "shape_type": "polygon",
            "points": [
                [
                    371.88811926312354,
                    183.5154482250381
                ],
                [
                    479.3690132789852,
                    168.5969190253265
                ],
                [
                    497.32142856377254,
                    264.39216055380524
                ],
                [
                    403.63721803745676,
                    271.9711079222263
                ]
            ],
            "flags": {},
            "group_id": null,
            "label": "pickable_polybag"
        },
        {
            "shape_type": "polygon",
            "points": [
                [
                    114.0334800476565,
                    127.66275011652054
                ],
                [
                    217.25236416782818,
                    190.32369432252912
                ],
                [
                    163.17511094894405,
                    280.8816342366922
                ],
                [
                    64.67725687169084,
                    211.78292179034028
                ]
            ],
            "flags": {},
            "group_id": null,
            "label": "pickable_smartpac"
        },
        {
            "shape_type": "polygon",
            "points": [
                [
                    99.21035379184443,
                    109.59157316090464
                ],
                [
                    149.34022392171454,
                    176.60456017389166
                ],
                [
                    242.3272369087275,
                    136.08507965441115
                ],
                [
                    145.96360054509117,
                    82.05910562843711
                ]
            ],
            "flags": {},
            "group_id": null,
            "label": "pickable_smartpac"
        }
    ],
    "imagePath": "1616051142-630263-por1094.png",
    "flags": {},
    "imageWidth": 640,
    "imageHeight": 360
}