{
    "shapes": [
        {
            "shape_type": "polygon",
            "points": [
                [
                    441.9420861560818,
                    152.18351026462256
                ],
                [
                    339.02183003194057,
                    177.6114562696692
                ],
                [
                    360.9044706187376,
                    258.0515540691802
                ],
                [
                    460.90447061873766,
                    232.8681799860506
                ]
            ],
            "flags": {},
            "group_id": null,
            "label": "pickable_flat"
        },
        {
            "shape_type": "polygon",
            "points": [
                [
                    275.5940557896812,
                    151.201065670596
                ],
                [
                    264.76771250718906,
                    263.0950246114512
                ],
                [
                    129.06319814330396,
                    248.04714499448812
                ],
                [
                    141.5118985537007,
                    130.94728179339373
                ]
            ],
            "flags": {},
            "group_id": null,
            "label": "pickable_smartpac"
        }
    ],
    "imagePath": "1616051167-693232-por1094.png",
    "flags": {},
    "imageWidth": 640,
    "imageHeight": 360
}