{
    "shapes": [
        {
            "shape_type": "polygon",
            "points": [
                [
                    0,
                    129.95368016182636
                ],
                [
                    42.32854333920306,
                    25.271636541729706
                ],
                [
                    129.08198164131392,
                    76.50999994823471
                ],
                [
                    95.83020392050966,
                    169.97840469982532
                ]
            ],
            "flags": {},
            "group_id": null,
            "label": "pickable_smartpac"
        },
        {
            "shape_type": "polygon",
            "points": [
                [
                    137.8155560601525,
                    104.62186809277918
                ],
                [
                    126.11046861977094,
                    158.21015306893182
                ],
                [
                    241.52649356015246,
                    179.8171805927792
                ],
                [
                    251.64668499927774,
                    124.57843148914037
                ]
            ],
            "flags": {},
            "group_id": null,
            "label": "pickable_polybag"
        },
        {
            "shape_type": "polygon",
            "points": [
                [
                    339.6424426815797,
                    267.30102682618434
                ],
                [
                    478.87895184301385,
                    285.4088360385285
                ],
                [
                    482.11545256480633,
                    258.6696966279596
                ],
                [
                    367.47511597650237,
                    245.69050937651357
                ]
            ],
            "flags": {},
            "group_id": null,
            "label": "pickable_polybag"
        }
    ],
    "imagePath": "1616050871-473985-por1094.png",
    "flags": {},
    "imageWidth": 640,
    "imageHeight": 360
}