{
    "shapes": [
        {
            "shape_type": "polygon",
            "points": [
                [
                    79.18984825611264,
                    201.1439092901985
                ],
                [
                    146.7764674470099,
                    257.56890502000704
                ],
                [
                    213.23115743111165,
                    167.5848032711994
                ],
                [
                    143.59681720853612,
                    119.8900496940929
                ]
            ],
            "flags": {},
            "group_id": null,
            "label": "pickable_flat"
        },
        {
            "shape_type": "polygon",
            "points": [
                [
                    218.47850396436786,
                    74.56478816842095
                ],
                [
                    215.68780628994924,
                    136.42525328470003
                ],
                [
                    307.7808295457632,
                    140.37874165679304
                ],
                [
                    309.16458861641644,
                    79.58519944519
                ]
            ],
            "flags": {},
            "group_id": null,
            "label": "pickable_box"
        },
        {
            "shape_type": "polygon",
            "points": [
                [
                    298.272159231,
                    209.89849837308233
                ],
                [
                    371.22953295699807,
                    120.64854060519
                ],
                [
                    474.90428941851053,
                    159.1422620985173
                ],
                [
                    377.00970075923925,
                    259.2340465458402
                ]
            ],
            "flags": {},
            "group_id": null,
            "label": "pickable_flat"
        },
        {
            "shape_type": "polygon",
            "points": [
                [
                    306.1704230177821,
                    25.048555130827822
                ],
                [
                    313.2336200438045,
                    137.31621312339288
                ],
                [
                    471.96967952335837,
                    126.16379676651555
                ],
                [
                    469.7391962519829,
                    20.215841376180983
                ]
            ],
            "flags": {},
            "group_id": null,
            "label": "pickable_polybag"
        }
    ],
    "imagePath": "1616051310-672934-por1094.png",
    "flags": {},
    "imageWidth": 640,
    "imageHeight": 360
}