{
    "shapes": [
        {
            "shape_type": "polygon",
            "points": [
                [
                    372.2962614308769,
                    36.3054672600127
                ],
                [
                    322.2458475241579,
                    193.21952094825997
                ],
                [
                    443.940062400191,
                    209.3352234275988
                ],
                [
                    466.8739466977117,
                    59.9550581383426
                ]
            ],
            "flags": {},
            "group_id": null,
            "label": "pickable_smartpac"
        }
    ],
    "imagePath": "1616051084-643293-por1094.png",
    "flags": {},
    "imageWidth": 640,
    "imageHeight": 360
}