{
    "shapes": [
        {
            "shape_type": "polygon",
            "points": [
                [
                    70.91319776922082,
                    25.822122647635833
                ],
                [
                    75.04542917417949,
                    146.68989124267716
                ],
                [
                    235.58261925682413,
                    159.49980859804907
                ],
                [
                    240.54129694277455,
                    36.77253587077633
                ]
            ],
            "flags": {},
            "group_id": null,
            "label": "pickable_smartpac"
        },
        {
            "shape_type": "polygon",
            "points": [
                [
                    116.16113165351834,
                    183.46675074680937
                ],
                [
                    122.15286719070843,
                    274.9956763666441
                ],
                [
                    221.3264209097167,
                    261.9791474410243
                ],
                [
                    197.70048814874423,
                    161.43152648298846
                ]
            ],
            "flags": {},
            "group_id": null,
            "label": "pickable_polybag"
        },
        {
            "shape_type": "polygon",
            "points": [
                [
                    394.4599430720861,
                    106.38911723600728
                ],
                [
                    368.8363603056466,
                    203.2145140614041
                ],
                [
                    462.71391132605436,
                    180.08526236072382
                ],
                [
                    480.4009861559863,
                    100.49342562602995
                ]
            ],
            "flags": {},
            "group_id": null,
            "label": "pickable_flat"
        }
    ],
    "imagePath": "1616051319-012666-por1094.png",
    "flags": {},
    "imageWidth": 640,
    "imageHeight": 360
}