{
    "shapes": [
        {
            "shape_type": "polygon",
            "points": [
                [
                    259.2451586874664,
                    70.5758472296934
                ],
                [
                    188.61578805809575,
                    174.07235072619687
                ],
                [
                    324.9794244217321,
                    261.83458848843463
                ],
                [
                    393.1612426035503,
                    167.77864443249058
                ]
            ],
            "flags": {},
            "group_id": null,
            "label": "pickable_flat"
        }
    ],
    "imagePath": "1616051417-865620-por1094.png",
    "flags": {},
    "imageWidth": 640,
    "imageHeight": 360
}