{
    "shapes": [
        {
            "shape_type": "polygon",
            "points": [
                [
                    350.156679061986,
                    132.1488172590097
                ],
                [
                    461.2066445703655,
                    132.69137386589423
                ],
                [
                    464.7347240558918,
                    254.4624084604152
                ],
                [
                    351.58151362995415,
                    257.31364812983674
                ]
            ],
            "flags": {},
            "group_id": null,
            "label": "pickable_smartpac"
        }
    ],
    "imagePath": "1616051044-448184-por1094.png",
    "flags": {},
    "imageWidth": 640,
    "imageHeight": 360
}