{
    "shapes": [
        {
            "shape_type": "polygon",
            "points": [
                [
                    396.38286713286703,
                    95.2353415814954
                ],
                [
                    300.47152041506877,
                    185.28346550058706
                ],
                [
                    382.47768629220235,
                    265.5150618612157
                ],
                [
                    467.36188811188805,
                    176.70387305002686
                ]
            ],
            "flags": {},
            "group_id": null,
            "label": "pickable_smartpac"
        },
        {
            "shape_type": "polygon",
            "points": [
                [
                    239.1191630949695,
                    61.45084650667776
                ],
                [
                    248.52776524550717,
                    177.84869596904335
                ],
                [
                    341.26970072937814,
                    160.10676048517237
                ],
                [
                    338.0438942777652,
                    50.42934113033368
                ]
            ],
            "flags": {},
            "group_id": null,
            "label": "pickable_smartpac"
        },
        {
            "shape_type": "polygon",
            "points": [
                [
                    126.76597864501086,
                    92.29101956769448
                ],
                [
                    48.36361178110554,
                    170.98924441976547
                ],
                [
                    135.9375762781469,
                    236.07800181621516
                ],
                [
                    224.6949727278511,
                    158.2673509286412
                ]
            ],
            "flags": {},
            "group_id": null,
            "label": "pickable_polybag"
        }
    ],
    "imagePath": "1616051256-609916-por1094.png",
    "flags": {},
    "imageWidth": 640,
    "imageHeight": 360
}