{
    "shapes": [
        {
            "shape_type": "polygon",
            "points": [
                [
                    165.13556897647814,
                    182.04545454545453
                ],
                [
                    194.8876350921806,
                    80.599173553719
                ],
                [
                    303.9785441830896,
                    114.89669421487602
                ],
                [
                    271.74713922441197,
                    217.58264462809916
                ]
            ],
            "flags": {},
            "group_id": null,
            "label": "pickable_smartpac"
        },
        {
            "shape_type": "polygon",
            "points": [
                [
                    332.90416401780044,
                    51.26033057851239
                ],
                [
                    339.51573426573435,
                    163.65702479338842
                ],
                [
                    459.9702797202798,
                    156.01239669421486
                ],
                [
                    453.3587094723459,
                    43.615702479338836
                ]
            ],
            "flags": {},
            "group_id": null,
            "label": "pickable_smartpac"
        }
    ],
    "imagePath": "1616051203-420115-por1094.png",
    "flags": {},
    "imageWidth": 640,
    "imageHeight": 360
}