{
    "shapes": [
        {
            "shape_type": "polygon",
            "points": [
                [
                    3.629004783471306,
                    141.69438130108108
                ],
                [
                    73.79029510605194,
                    48.95244581721011
                ],
                [
                    173.1547297354917,
                    124.61232961456531
                ],
                [
                    103.09137037486914,
                    215.6191124838768
                ]
            ],
            "flags": {},
            "group_id": null,
            "label": "pickable_polybag"
        },
        {
            "shape_type": "polygon",
            "points": [
                [
                    104.66224429682228,
                    186.90361040425
                ],
                [
                    166.61686907867218,
                    271.0354653258741
                ],
                [
                    228.39697379071407,
                    224.78764682674674
                ],
                [
                    164.5695535769665,
                    142.32032320537618
                ]
            ],
            "flags": {},
            "group_id": null,
            "label": "pickable_box"
        },
        {
            "shape_type": "polygon",
            "points": [
                [
                    242.43553319166202,
                    122.99235309971024
                ],
                [
                    306.99764815589094,
                    65.3615030400918
                ],
                [
                    377.70077315589094,
                    148.9552530400918
                ],
                [
                    309.73202315589094,
                    214.77556554009178
                ]
            ],
            "flags": {},
            "group_id": null,
            "label": "pickable_smartpac"
        },
        {
            "shape_type": "polygon",
            "points": [
                [
                    326.5547627131338,
                    185.49484433873573
                ],
                [
                    428.2560614144325,
                    114.83900018289158
                ],
                [
                    467.9843331427042,
                    192.01132785521926
                ],
                [
                    381.8112562196273,
                    263.53055862445
                ]
            ],
            "flags": {},
            "group_id": null,
            "label": "pickable_smartpac"
        }
    ],
    "imagePath": "1616050943-993636-por1094.png",
    "flags": {},
    "imageWidth": 640,
    "imageHeight": 360
}