{
    "shapes": [
        {
            "shape_type": "polygon",
            "points": [
                [
                    197.29219519107855,
                    64.89263796583896
                ],
                [
                    188.152410244842,
                    177.79586377229057
                ],
                [
                    271.48574357817535,
                    186.1291971056239
                ],
                [
                    281.70079734161624,
                    74.83887452497873
                ]
            ],
            "flags": {},
            "group_id": null,
            "label": "pickable_box"
        },
        {
            "shape_type": "polygon",
            "points": [
                [
                    391.62036414412796,
                    157.93038071149553
                ],
                [
                    367.4745782671348,
                    244.49074517618803
                ],
                [
                    467.9301591327385,
                    266.81420759076656
                ],
                [
                    471.5748060575676,
                    182.75953788689418
                ]
            ],
            "flags": {},
            "group_id": null,
            "label": "pickable_polybag"
        }
    ],
    "imagePath": "1616051522-172462-por1094.png",
    "flags": {},
    "imageWidth": 640,
    "imageHeight": 360
}