{
    "shapes": [
        {
            "shape_type": "polygon",
            "points": [
                [
                    352.5763229739656,
                    128.79730980351326
                ],
                [
                    412.9389120281193,
                    138.3288503769721
                ],
                [
                    397.9945559072926,
                    228.78989966155078
                ],
                [
                    339.1710264955279,
                    219.72789648190053
                ]
            ],
            "flags": {},
            "group_id": null,
            "label": "pickable_box"
        },
        {
            "shape_type": "polygon",
            "points": [
                [
                    242.7929371762621,
                    81.83658270823383
                ],
                [
                    355.2929371762621,
                    97.06385543550654
                ],
                [
                    335.74748263080755,
                    208.4274917991429
                ],
                [
                    222.33839172171665,
                    205.70021907187018
                ]
            ],
            "flags": {},
            "group_id": null,
            "label": "pickable_smartpac"
        }
    ],
    "imagePath": "1616051174-095048-por1094.png",
    "flags": {},
    "imageWidth": 640,
    "imageHeight": 360
}