{
    "shapes": [
        {
            "shape_type": "polygon",
            "points": [
                [
                    3.629004783471306,
                    141.69438130108108
                ],
                [
                    73.79029510605194,
                    48.95244581721011
                ],
                [
                    173.1547297354917,
                    124.61232961456531
                ],
                [
                    103.09137037486914,
                    215.6191124838768
                ]
            ],
            "flags": {},
            "group_id": null,
            "label": "pickable_polybag"
        },
        {
            "shape_type": "polygon",
            "points": [
                [
                    104.66224429682228,
                    185.6951511897485
                ],
                [
                    166.61686907867218,
                    271.0354653258741
                ],
                [
                    228.39697379071407,
                    224.78764682674674
                ],
                [
                    164.8716683805919,
                    141.7160935981254
                ]
            ],
            "flags": {},
            "group_id": null,
            "label": "pickable_box"
        },
        {
            "shape_type": "polygon",
            "points": [
                [
                    380.6619684119394,
                    211.65136769215383
                ],
                [
                    377.29354735930787,
                    272.0724203237328
                ],
                [
                    467.609336832992,
                    265.5461045342591
                ],
                [
                    474.1356526224657,
                    207.44084137636438
                ]
            ],
            "flags": {},
            "group_id": null,
            "label": "pickable_box"
        },
        {
            "shape_type": "polygon",
            "points": [
                [
                    241.95858565589097,
                    122.1974405400918
                ],
                [
                    306.99764815589094,
                    65.3615030400918
                ],
                [
                    377.70077315589094,
                    148.9552530400918
                ],
                [
                    309.73202315589094,
                    214.7755655400918
                ]
            ],
            "flags": {},
            "group_id": null,
            "label": "pickable_smartpac"
        }
    ],
    "imagePath": "1616050942-191397-por1094.png",
    "flags": {},
    "imageWidth": 640,
    "imageHeight": 360
}