{
    "shapes": [
        {
            "shape_type": "polygon",
            "points": [
                [
                    119.1039065005795,
                    146.82553527965604
                ],
                [
                    235.59300338398089,
                    183.44681378209557
                ],
                [
                    270.17002208133295,
                    64.33402323134155
                ],
                [
                    167.391270833946,
                    30.384979668782833
                ]
            ],
            "flags": {},
            "group_id": null,
            "label": "pickable_smartpac"
        }
    ],
    "imagePath": "1616051278-742426-por1094.png",
    "flags": {},
    "imageWidth": 640,
    "imageHeight": 360
}