{
    "shapes": [
        {
            "shape_type": "polygon",
            "points": [
                [
                    290.05419580419584,
                    88.26223776223775
                ],
                [
                    280.6136363636364,
                    190.7097902097902
                ],
                [
                    427.46678321678326,
                    201.8986013986014
                ],
                [
                    435.8583916083916,
                    101.54895104895104
                ]
            ],
            "flags": {},
            "group_id": null,
            "label": "pickable_box"
        },
        {
            "shape_type": "polygon",
            "points": [
                [
                    196.34790209790214,
                    64.13636363636363
                ],
                [
                    187.6066433566434,
                    178.1223776223776
                ],
                [
                    271.87237762237766,
                    186.513986013986
                ],
                [
                    281.31293706293707,
                    74.6258741258741
                ]
            ],
            "flags": {},
            "group_id": null,
            "label": "pickable_box"
        }
    ],
    "imagePath": "1616051520-576751-por1094.png",
    "flags": {},
    "imageWidth": 640,
    "imageHeight": 360
}