{
    "shapes": [
        {
            "shape_type": "polygon",
            "points": [
                [
                    154.06283728678272,
                    136.91150578123282
                ],
                [
                    268.2323920721733,
                    137.31806403236584
                ],
                [
                    266.16627636969395,
                    220.58252684228322
                ],
                [
                    152.5299127333303,
                    220.3759152720353
                ]
            ],
            "flags": {},
            "group_id": null,
            "label": "pickable_box"
        },
        {
            "shape_type": "polygon",
            "points": [
                [
                    354.150946821897,
                    42.84294274710781
                ],
                [
                    463.7710780602329,
                    44.087098226408685
                ],
                [
                    461.7302617337023,
                    165.62904833978735
                ],
                [
                    357.19511434141236,
                    165.62904833978732
                ]
            ],
            "flags": {},
            "group_id": null,
            "label": "pickable_smartpac"
        }
    ],
    "imagePath": "1616050711-691589-por1094.png",
    "flags": {},
    "imageWidth": 640,
    "imageHeight": 360
}