{
    "shapes": [
        {
            "shape_type": "polygon",
            "points": [
                [
                    123.36888111888112,
                    158.19445938676708
                ],
                [
                    209.71559891721182,
                    150.1806989536518
                ],
                [
                    216.7048462290398,
                    262.5462903515013
                ],
                [
                    131.48979246559892,
                    270.8796236848346
                ]
            ],
            "flags": {},
            "group_id": null,
            "label": "pickable_box"
        },
        {
            "shape_type": "polygon",
            "points": [
                [
                    128.19781562523497,
                    31.62404055828373
                ],
                [
                    126.24484631475269,
                    154.70050375232367
                ],
                [
                    297.9611292347024,
                    160.05599322100562
                ],
                [
                    297.07355527020536,
                    31.06191038076893
                ]
            ],
            "flags": {},
            "group_id": null,
            "label": "pickable_flat"
        },
        {
            "shape_type": "polygon",
            "points": [
                [
                    292.8536106157815,
                    243.68068419964715
                ],
                [
                    364.75091165662224,
                    145.68618449573975
                ],
                [
                    465.0499149788814,
                    209.4735599110221
                ],
                [
                    389.7010777695791,
                    284.1247227017195
                ]
            ],
            "flags": {},
            "group_id": null,
            "label": "pickable_smartpac"
        },
        {
            "shape_type": "polygon",
            "points": [
                [
                    370.6250627749926,
                    27.91076953514955
                ],
                [
                    383.92854511646516,
                    186.46404169076055
                ],
                [
                    493.9896457479751,
                    181.10030840116815
                ],
                [
                    487.055339178632,
                    36.574760955912694
                ]
            ],
            "flags": {},
            "group_id": null,
            "label": "pickable_polybag"
        }
    ],
    "imagePath": "1616050830-681789-por1094.png",
    "flags": {},
    "imageWidth": 640,
    "imageHeight": 360
}