{
    "shapes": [
        {
            "shape_type": "polygon",
            "points": [
                [
                    150.8387818475231,
                    95.06144344414139
                ],
                [
                    159.2995960620772,
                    20.905325300681465
                ],
                [
                    266.9703775245733,
                    33.28458394000915
                ],
                [
                    257.46624529316836,
                    106.01185666728188
                ]
            ],
            "flags": {},
            "group_id": null,
            "label": "pickable_box"
        },
        {
            "shape_type": "polygon",
            "points": [
                [
                    253.75580306392462,
                    139.28558586481506
                ],
                [
                    360.25180919974684,
                    167.8896592149886
                ],
                [
                    390.1331562595967,
                    70.99490329911944
                ],
                [
                    273.2706870240687,
                    35.39941782141449
                ]
            ],
            "flags": {},
            "group_id": null,
            "label": "pickable_smartpac"
        },
        {
            "shape_type": "polygon",
            "points": [
                [
                    114.0334800476565,
                    127.66275011652054
                ],
                [
                    217.25236416782818,
                    190.32369432252912
                ],
                [
                    163.17511094894405,
                    280.8816342366922
                ],
                [
                    64.67725687169084,
                    211.78292179034028
                ]
            ],
            "flags": {},
            "group_id": null,
            "label": "pickable_smartpac"
        },
        {
            "shape_type": "polygon",
            "points": [
                [
                    99.21035379184443,
                    109.59157316090464
                ],
                [
                    148.59022392171454,
                    175.35456017389166
                ],
                [
                    243.0772369087275,
                    135.58507965441115
                ],
                [
                    143.96360054509117,
                    83.30910562843711
                ]
            ],
            "flags": {},
            "group_id": null,
            "label": "pickable_smartpac"
        },
        {
            "shape_type": "polygon",
            "points": [
                [
                    227.0659171256846,
                    135.50508819677074
                ],
                [
                    232.12588674144422,
                    255.71058661053317
                ],
                [
                    336.73392466538724,
                    253.5375287436554
                ],
                [
                    330.8630831781074,
                    136.90347786302928
                ]
            ],
            "flags": {},
            "group_id": null,
            "label": "pickable_smartpac"
        }
    ],
    "imagePath": "1616051146-169120-por1094.png",
    "flags": {},
    "imageWidth": 640,
    "imageHeight": 360
}