{
    "shapes": [
        {
            "shape_type": "polygon",
            "points": [
                [
                    305.580967626253,
                    157.44997310381925
                ],
                [
                    383.2669180394762,
                    157.44997310381925
                ],
                [
                    383.23472736557426,
                    265.4923859590663
                ],
                [
                    305.49227903489066,
                    266.4462810306085
                ]
            ],
            "flags": {},
            "group_id": null,
            "label": "pickable_box"
        },
        {
            "shape_type": "polygon",
            "points": [
                [
                    383.01468111611626,
                    142.20939708784218
                ],
                [
                    466.8783174797527,
                    139.48212436056946
                ],
                [
                    468.2071767924829,
                    258.1478135101296
                ],
                [
                    383.5297574376442,
                    259.49189953163494
                ]
            ],
            "flags": {},
            "group_id": null,
            "label": "pickable_box"
        },
        {
            "shape_type": "polygon",
            "points": [
                [
                    326.95224933701064,
                    15.295719728526782
                ],
                [
                    336.74111689939065,
                    127.57978882641545
                ],
                [
                    469.7545525999665,
                    122.78132433505269
                ],
                [
                    462.2689479934405,
                    29.30723604330605
                ]
            ],
            "flags": {},
            "group_id": null,
            "label": "pickable_flat"
        },
        {
            "shape_type": "polygon",
            "points": [
                [
                    203.25931082403335,
                    52.023323265337304
                ],
                [
                    327.0517974072176,
                    19.286292853888284
                ],
                [
                    371.7745165485414,
                    157.39004956229616
                ],
                [
                    272.6689709313679,
                    192.0948796159634
                ]
            ],
            "flags": {},
            "group_id": null,
            "label": "pickable_smartpac"
        },
        {
            "shape_type": "polygon",
            "points": [
                [
                    44.7560464086771,
                    140.9005199400716
                ],
                [
                    125.57446073092774,
                    30.926095387641926
                ],
                [
                    192.83788784090217,
                    149.59617211398464
                ],
                [
                    137.33916661328067,
                    202.0258396331662
                ]
            ],
            "flags": {},
            "group_id": null,
            "label": "pickable_smartpac"
        }
    ],
    "imagePath": "1616051019-115606-por1094.png",
    "flags": {},
    "imageWidth": 640,
    "imageHeight": 360
}