{
    "shapes": [
        {
            "shape_type": "polygon",
            "points": [
                [
                    114.27587050057015,
                    251.3476882177367
                ],
                [
                    177.71440870655022,
                    148.2330702775374
                ],
                [
                    81.64298013512163,
                    91.44735599182312
                ],
                [
                    14.857265849407336,
                    187.87592742039453
                ]
            ],
            "flags": {},
            "group_id": null,
            "label": "pickable_smartpac"
        }
    ],
    "imagePath": "1616051342-266262-por1094.png",
    "flags": {},
    "imageWidth": 640,
    "imageHeight": 360
}