{
    "shapes": [
        {
            "shape_type": "polygon",
            "points": [
                [
                    253.78049679848687,
                    149.08511628983092
                ],
                [
                    336.2536150780567,
                    234.01180250683973
                ],
                [
                    470.66221722859433,
                    114.11932938856015
                ],
                [
                    374.1568408845083,
                    30.785996055226818
                ]
            ],
            "flags": {},
            "group_id": null,
            "label": "pickable_flat"
        }
    ],
    "imagePath": "1616051037-248863-por1094.png",
    "flags": {},
    "imageWidth": 640,
    "imageHeight": 360
}