{
    "shapes": [
        {
            "shape_type": "polygon",
            "points": [
                [
                    120.16285637439482,
                    144.07181280258203
                ],
                [
                    123.65935987089831,
                    30.78509951586875
                ],
                [
                    252.33068854222697,
                    33.93195266272189
                ],
                [
                    247.4355836471221,
                    144.77111350188278
                ]
            ],
            "flags": {},
            "group_id": null,
            "label": "pickable_smartpac"
        },
        {
            "shape_type": "polygon",
            "points": [
                [
                    247.08593329747177,
                    31.134749865519098
                ],
                [
                    241.1418773534158,
                    159.80607853684776
                ],
                [
                    365.1042053480018,
                    165.80277001741024
                ],
                [
                    379.3515171759588,
                    47.52320012493711
                ]
            ],
            "flags": {},
            "group_id": null,
            "label": "pickable_polybag"
        },
        {
            "shape_type": "polygon",
            "points": [
                [
                    377.2009795415502,
                    42.95330765181883
                ],
                [
                    378.54506556305563,
                    139.72750120020592
                ],
                [
                    461.87839889638894,
                    130.05008184536723
                ],
                [
                    460.80313007918465,
                    29.51244743676507
                ]
            ],
            "flags": {},
            "group_id": null,
            "label": "pickable_smartpac"
        }
    ],
    "imagePath": "1616051447-118780-por1094.png",
    "flags": {},
    "imageWidth": 640,
    "imageHeight": 360
}