{
    "shapes": [
        {
            "shape_type": "polygon",
            "points": [
                [
                    313.67706244804145,
                    78.56978336348965
                ],
                [
                    396.1150789769671,
                    189.31358501638218
                ],
                [
                    272.7679715389505,
                    276.91689080150627
                ],
                [
                    198.59441781994238,
                    158.73507261968817
                ]
            ],
            "flags": {},
            "group_id": null,
            "label": "pickable_polybag"
        },
        {
            "shape_type": "polygon",
            "points": [
                [
                    361.485161217465,
                    33.28396227193396
                ],
                [
                    455.60001502336127,
                    44.80066295289336
                ],
                [
                    443.37507614805565,
                    157.5145993832112
                ],
                [
                    351.3212864170043,
                    147.36790011670755
                ]
            ],
            "flags": {},
            "group_id": null,
            "label": "pickable_smartpac"
        }
    ],
    "imagePath": "1616051119-304859-por1094.png",
    "flags": {},
    "imageWidth": 640,
    "imageHeight": 360
}