{
    "shapes": [
        {
            "shape_type": "polygon",
            "points": [
                [
                    81.06067980819843,
                    147.2462041680404
                ],
                [
                    130.59089870619377,
                    263.93837542722906
                ],
                [
                    239.17595435007297,
                    225.30562502977278
                ],
                [
                    191.00425323719537,
                    109.24839132548027
                ]
            ],
            "flags": {},
            "group_id": null,
            "label": "pickable_smartpac"
        },
        {
            "shape_type": "polygon",
            "points": [
                [
                    255.65061461093237,
                    65.11771647874211
                ],
                [
                    193.31037792454177,
                    136.4032194373219
                ],
                [
                    276.0026856168495,
                    215.54523127164148
                ],
                [
                    334.87842526181987,
                    136.84700641957048
                ]
            ],
            "flags": {},
            "group_id": null,
            "label": "pickable_smartpac"
        },
        {
            "shape_type": "polygon",
            "points": [
                [
                    370.52931283578437,
                    19.687243105961013
                ],
                [
                    388.5766501138909,
                    146.0186040527066
                ],
                [
                    460.7659992263169,
                    148.08960996986633
                ],
                [
                    456.3281294038317,
                    35.219787484659236
                ]
            ],
            "flags": {},
            "group_id": null,
            "label": "pickable_smartpac"
        }
    ],
    "imagePath": "1616051455-648749-por1094.png",
    "flags": {},
    "imageWidth": 640,
    "imageHeight": 360
}