{
    "shapes": [
        {
            "shape_type": "polygon",
            "points": [
                [
                    81.25953591862684,
                    49.44980326087928
                ],
                [
                    113.3680907544544,
                    140.0301500711726
                ],
                [
                    172.82755021391384,
                    119.5214060330168
                ],
                [
                    139.60020522186298,
                    28.583409212667046
                ]
            ],
            "flags": {},
            "group_id": null,
            "label": "pickable_box"
        },
        {
            "shape_type": "polygon",
            "points": [
                [
                    0,
                    75.51576938032133
                ],
                [
                    54.66876940807422,
                    51.742043106595055
                ],
                [
                    102.82361456291937,
                    148.36891623346818
                ],
                [
                    29.554383793688594,
                    177.5996854642374
                ]
            ],
            "flags": {},
            "group_id": null,
            "label": "pickable_box"
        },
        {
            "shape_type": "polygon",
            "points": [
                [
                    177.0505786138116,
                    117.17232990230437
                ],
                [
                    189.8412762882302,
                    200.89326013486252
                ],
                [
                    273.3296483812535,
                    187.40488804183926
                ],
                [
                    260.7715088463697,
                    103.916515948816
                ]
            ],
            "flags": {},
            "group_id": null,
            "label": "pickable_box"
        },
        {
            "shape_type": "polygon",
            "points": [
                [
                    361.16781153597657,
                    182.90227854601352
                ],
                [
                    373.9630871265278,
                    238.61093996333634
                ],
                [
                    480.26229972495304,
                    212.8235383885332
                ],
                [
                    467.35726512700495,
                    157.6064064391178
                ]
            ],
            "flags": {},
            "group_id": null,
            "label": "pickable_box"
        },
        {
            "shape_type": "polygon",
            "points": [
                [
                    324.7239832926654,
                    104.6747829178442
                ],
                [
                    305.72978875621214,
                    0
                ],
                [
                    178.58479463290834,
                    14.301879829907461
                ],
                [
                    203.45390458055232,
                    119.79926202886034
                ]
            ],
            "flags": {},
            "group_id": null,
            "label": "pickable_smartpac"
        },
        {
            "shape_type": "polygon",
            "points": [
                [
                    133.57866025569686,
                    278.00109854326524
                ],
                [
                    230.6324069557578,
                    248.9311736803396
                ],
                [
                    180.98890051838887,
                    153.0811362474381
                ],
                [
                    91.02615341750561,
                    201.5269292735352
                ]
            ],
            "flags": {},
            "group_id": null,
            "label": "pickable_smartpac"
        }
    ],
    "imagePath": "1616050900-331484-por1094.png",
    "flags": {},
    "imageWidth": 640,
    "imageHeight": 360
}