{
    "shapes": [
        {
            "shape_type": "polygon",
            "points": [
                [
                    183.00037907076737,
                    108.51294498381878
                ],
                [
                    204.84051304682373,
                    187.9152578812773
                ],
                [
                    156.55142349559827,
                    276.20593160884425
                ],
                [
                    91.2465166343185,
                    186.52030519303636
                ]
            ],
            "flags": {},
            "group_id": null,
            "label": "pickable_smartpac"
        }
    ],
    "imagePath": "1616051477-916315-por1094.png",
    "flags": {},
    "imageWidth": 640,
    "imageHeight": 360
}