{
    "shapes": [
        {
            "shape_type": "polygon",
            "points": [
                [
                    353.30043178492315,
                    180.5215053763441
                ],
                [
                    344.72654320275313,
                    255.3473328601099
                ],
                [
                    452.18375591668956,
                    256.5698267476405
                ],
                [
                    459.3964698531199,
                    185.42068249336174
                ]
            ],
            "flags": {},
            "group_id": null,
            "label": "pickable_flat"
        },
        {
            "shape_type": "polygon",
            "points": [
                [
                    261.1185682517653,
                    151.47157070520328
                ],
                [
                    218.08104959951595,
                    264.85588296698944
                ],
                [
                    122.51236422285417,
                    236.64317986506916
                ],
                [
                    160.1785385212294,
                    115.66829064793474
                ]
            ],
            "flags": {},
            "group_id": null,
            "label": "pickable_smartpac"
        }
    ],
    "imagePath": "1616051239-818986-por1094.png",
    "flags": {},
    "imageWidth": 640,
    "imageHeight": 360
}