{
    "shapes": [
        {
            "shape_type": "polygon",
            "points": [
                [
                    456.0525299762272,
                    126.17909096693216
                ],
                [
                    458.9633630104,
                    236.12156594304525
                ],
                [
                    296.9601833601616,
                    243.27577897961123
                ],
                [
                    297.43713089593257,
                    141.36798883652693
                ]
            ],
            "flags": {},
            "group_id": null,
            "label": "pickable_smartpac"
        },
        {
            "shape_type": "polygon",
            "points": [
                [
                    375.28472447882024,
                    23.26891382568723
                ],
                [
                    361.1938153879111,
                    148.72345928023265
                ],
                [
                    240.96654266063842,
                    158.0416410984145
                ],
                [
                    259.37563356972936,
                    29.63255018932359
                ]
            ],
            "flags": {},
            "group_id": null,
            "label": "pickable_polybag"
        },
        {
            "shape_type": "polygon",
            "points": [
                [
                    152.52568244558464,
                    28.723459280232678
                ],
                [
                    253.6141101469156,
                    42.77883938399988
                ],
                [
                    244.74314240498012,
                    113.61217271733322
                ],
                [
                    143.26464778132421,
                    101.78421572808591
                ]
            ],
            "flags": {},
            "group_id": null,
            "label": "pickable_box"
        }
    ],
    "imagePath": "1616051051-973069-por1094.png",
    "flags": {},
    "imageWidth": 640,
    "imageHeight": 360
}