{
    "shapes": [
        {
            "shape_type": "polygon",
            "points": [
                [
                    57.74152918627286,
                    187.45624054822625
                ],
                [
                    85.4921404332166,
                    132.44401560935094
                ],
                [
                    168.01047784152956,
                    172.66406450910645
                ],
                [
                    140.8711135383511,
                    228.16528700299398
                ]
            ],
            "flags": {},
            "group_id": null,
            "label": "pickable_box"
        },
        {
            "shape_type": "polygon",
            "points": [
                [
                    183.6068187245801,
                    185.40153672598723
                ],
                [
                    239.5362229013605,
                    103.25910983979918
                ],
                [
                    332.37335841205584,
                    160.01741171626946
                ],
                [
                    288.20792266611784,
                    239.33794347402429
                ]
            ],
            "flags": {},
            "group_id": null,
            "label": "pickable_smartpac"
        },
        {
            "shape_type": "polygon",
            "points": [
                [
                    367.2135922778105,
                    215.97741224594716
                ],
                [
                    460.7643588706201,
                    214.49739264967494
                ],
                [
                    458.13918211447117,
                    101.82133239113772
                ],
                [
                    364.49126922880873,
                    102.36579700093807
                ]
            ],
            "flags": {},
            "group_id": null,
            "label": "pickable_smartpac"
        }
    ],
    "imagePath": "1616050558-510576-por1094.png",
    "flags": {},
    "imageWidth": 640,
    "imageHeight": 360
}