{
    "shapes": [
        {
            "shape_type": "polygon",
            "points": [
                [
                    340.7233727810651,
                    28.418773534158124
                ],
                [
                    342.47162452931684,
                    206.39080150618608
                ],
                [
                    460.30379236148474,
                    205.34185045723504
                ],
                [
                    456.8072888649812,
                    35.41178052716512
                ]
            ],
            "flags": {},
            "group_id": null,
            "label": "pickable_flat"
        },
        {
            "shape_type": "polygon",
            "points": [
                [
                    125.94053733693929,
                    91.0866835811004
                ],
                [
                    47.940537336939286,
                    171.0866835811004
                ],
                [
                    124.69053733693929,
                    236.5866835811004
                ],
                [
                    222.4405373369393,
                    159.5866835811004
                ]
            ],
            "flags": {},
            "group_id": null,
            "label": "pickable_polybag"
        },
        {
            "shape_type": "polygon",
            "points": [
                [
                    239.5496701631183,
                    62.09154231515118
                ],
                [
                    248.61943760497874,
                    177.4403795244535
                ],
                [
                    341.1775771398625,
                    160.69619347794188
                ],
                [
                    337.9217631863741,
                    50.463635338406995
                ]
            ],
            "flags": {},
            "group_id": null,
            "label": "pickable_smartpac"
        }
    ],
    "imagePath": "1616051258-411954-por1094.png",
    "flags": {},
    "imageWidth": 640,
    "imageHeight": 360
}