{
    "shapes": [
        {
            "shape_type": "polygon",
            "points": [
                [
                    56.04986454631163,
                    34.938760577718405
                ],
                [
                    195.3171710423571,
                    31.05313007918467
                ],
                [
                    201.51551814979518,
                    125.792310742119
                ],
                [
                    62.54813167507728,
                    146.66007933716034
                ]
            ],
            "flags": {},
            "group_id": null,
            "label": "pickable_flat"
        },
        {
            "shape_type": "polygon",
            "points": [
                [
                    88.99441266681282,
                    143.76751735368924
                ],
                [
                    252.8373878734244,
                    132.81710413054876
                ],
                [
                    260.482015972598,
                    259.88321983302814
                ],
                [
                    97.25887547673017,
                    271.4534677669124
                ]
            ],
            "flags": {},
            "group_id": null,
            "label": "pickable_box"
        },
        {
            "shape_type": "polygon",
            "points": [
                [
                    356.1282806424509,
                    284.46613666116536
                ],
                [
                    341.7910342589412,
                    220.48453107813623
                ],
                [
                    489.28675917459503,
                    164.78688352995493
                ],
                [
                    466.4670521911869,
                    261.6152331163116
                ]
            ],
            "flags": {},
            "group_id": null,
            "label": "pickable_smartpac"
        }
    ],
    "imagePath": "1616051010-115290-por1094.png",
    "flags": {},
    "imageWidth": 640,
    "imageHeight": 360
}