{
    "shapes": [
        {
            "shape_type": "polygon",
            "points": [
                [
                    290.7271729511183,
                    166.62206817169601
                ],
                [
                    377.0174955317635,
                    191.62206817169601
                ],
                [
                    435.3508288650968,
                    62.85862731148094
                ],
                [
                    328.63039875756994,
                    27.10593913943793
                ]
            ],
            "flags": {},
            "group_id": null,
            "label": "pickable_flat"
        },
        {
            "shape_type": "polygon",
            "points": [
                [
                    151.88321523039744,
                    142.7782750137984
                ],
                [
                    77.23205243969976,
                    190.68525175798445
                ],
                [
                    125.37158732342068,
                    264.4061819905426
                ],
                [
                    200.02275011411837,
                    217.89455408356585
                ]
            ],
            "flags": {},
            "group_id": null,
            "label": "pickable_box"
        }
    ],
    "imagePath": "1616051429-789202-por1094.png",
    "flags": {},
    "imageWidth": 640,
    "imageHeight": 360
}