{
    "shapes": [
        {
            "shape_type": "polygon",
            "points": [
                [
                    128.7007620213091,
                    31.68327229331593
                ],
                [
                    217.87228648695125,
                    5.928105361678412
                ],
                [
                    257.9005500446264,
                    132.17788455263408
                ],
                [
                    168.64070196124908,
                    157.22646254238853
                ]
            ],
            "flags": {},
            "group_id": null,
            "label": "pickable_box"
        },
        {
            "shape_type": "polygon",
            "points": [
                [
                    361.86530837010196,
                    63.25484512479776
                ],
                [
                    467.8277444670124,
                    74.09159672616373
                ],
                [
                    455.33810030366294,
                    179.63222191559979
                ],
                [
                    347.58337242191334,
                    165.63104884574477
                ]
            ],
            "flags": {},
            "group_id": null,
            "label": "pickable_smartpac"
        }
    ],
    "imagePath": "1616050770-091297-por1094.png",
    "flags": {},
    "imageWidth": 640,
    "imageHeight": 360
}