{
    "shapes": [
        {
            "shape_type": "polygon",
            "points": [
                [
                    307.554513653887,
                    106.41312756931372
                ],
                [
                    323.78827988765323,
                    158.68585484204098
                ],
                [
                    433.18138678076014,
                    115.85368700987317
                ],
                [
                    412.41215601152936,
                    62.00753316371931
                ]
            ],
            "flags": {},
            "group_id": null,
            "label": "pickable_polybag"
        },
        {
            "shape_type": "polygon",
            "points": [
                [
                    355.4978328135448,
                    162.44591737641395
                ],
                [
                    362.75855888615206,
                    251.22479526420267
                ],
                [
                    483.2206050907725,
                    250.564729257602
                ],
                [
                    465.3988229125547,
                    145.61423420809714
                ]
            ],
            "flags": {},
            "group_id": null,
            "label": "pickable_polybag"
        },
        {
            "shape_type": "polygon",
            "points": [
                [
                    0,
                    114.39809372612439
                ],
                [
                    130.68775746638738,
                    246.47356542423756
                ],
                [
                    213.7066253909157,
                    172.41696165065264
                ],
                [
                    84.46134237204777,
                    23.360357877067745
                ]
            ],
            "flags": {},
            "group_id": null,
            "label": "pickable_polybag"
        }
    ],
    "imagePath": "1616050878-408336-por1094.png",
    "flags": {},
    "imageWidth": 640,
    "imageHeight": 360
}