{
    "shapes": [
        {
            "shape_type": "polygon",
            "points": [
                [
                    117.39981461879721,
                    273.5173581587973
                ],
                [
                    226.11851527298174,
                    269.6712043126435
                ],
                [
                    218.31905666707152,
                    159.5463828974995
                ],
                [
                    127.45884161330807,
                    178.0947699942737
                ]
            ],
            "flags": {},
            "group_id": null,
            "label": "pickable_polybag"
        },
        {
            "shape_type": "polygon",
            "points": [
                [
                    362.3666207132064,
                    175.41462606035265
                ],
                [
                    491.3666207132064,
                    263.41462606035265
                ],
                [
                    517.4230723261096,
                    296.1269916517505
                ],
                [
                    375.1166207132064,
                    208.91462606035265
                ]
            ],
            "flags": {},
            "group_id": null,
            "label": "pickable_smartpac"
        }
    ],
    "imagePath": "1616051336-938000-por1094.png",
    "flags": {},
    "imageWidth": 640,
    "imageHeight": 360
}