{
    "shapes": [
        {
            "shape_type": "polygon",
            "points": [
                [
                    85.60214909160318,
                    38.00203890402399
                ],
                [
                    82.64515984429136,
                    131.55042600079818
                ],
                [
                    190.44085876902253,
                    128.59343675348634
                ],
                [
                    196.89247167224835,
                    35.31386686101324
                ]
            ],
            "flags": {},
            "group_id": null,
            "label": "pickable_smartpac"
        },
        {
            "shape_type": "polygon",
            "points": [
                [
                    375.7892061296444,
                    91.29660572735334
                ],
                [
                    278.817583446278,
                    124.63186477435616
                ],
                [
                    319.1745508495087,
                    220.28073613497128
                ],
                [
                    423.44501348296063,
                    196.43731976486453
                ]
            ],
            "flags": {},
            "group_id": null,
            "label": "pickable_polybag"
        }
    ],
    "imagePath": "1616051261-013437-por1094.png",
    "flags": {},
    "imageWidth": 640,
    "imageHeight": 360
}