{
    "shapes": [
        {
            "shape_type": "polygon",
            "points": [
                [
                    147.22310381925766,
                    137.44982850069698
                ],
                [
                    260.4684606130016,
                    137.83639208374152
                ],
                [
                    258.8155680510181,
                    220.89424332341096
                ],
                [
                    146.00565069564618,
                    220.89424332341096
                ]
            ],
            "flags": {},
            "group_id": null,
            "label": "pickable_box"
        },
        {
            "shape_type": "polygon",
            "points": [
                [
                    289.00505934951457,
                    149.68753930386498
                ],
                [
                    297.12707388340164,
                    194.79414606142643
                ],
                [
                    358.18228873384794,
                    182.92678131448054
                ],
                [
                    349.1072451038305,
                    139.6458040020896
                ]
            ],
            "flags": {},
            "group_id": null,
            "label": "pickable_box"
        },
        {
            "shape_type": "polygon",
            "points": [
                [
                    367.8159740659738,
                    117.64678906059166
                ],
                [
                    480.4364543897397,
                    126.08973064427556
                ],
                [
                    474.43240731588054,
                    256.2126976329486
                ],
                [
                    351.8208788270833,
                    266.44473007759984
                ]
            ],
            "flags": {},
            "group_id": null,
            "label": "pickable_polybag"
        }
    ],
    "imagePath": "1616050706-492085-por1094.png",
    "flags": {},
    "imageWidth": 640,
    "imageHeight": 360
}