{
    "shapes": [
        {
            "shape_type": "polygon",
            "points": [
                [
                    140.47146257381993,
                    69.8044821183779
                ],
                [
                    46.11662386414252,
                    103.13781545171123
                ],
                [
                    86.7080217136049,
                    210.66469717214133
                ],
                [
                    178.9123227888737,
                    176.2560950216037
                ]
            ],
            "flags": {},
            "group_id": null,
            "label": "pickable_smartpac"
        },
        {
            "shape_type": "polygon",
            "points": [
                [
                    321.92307547704576,
                    136.20233158074353
                ],
                [
                    345.84780665984147,
                    256.3636219033241
                ],
                [
                    454.1811399931748,
                    224.64319179579724
                ],
                [
                    423.8047959071533,
                    101.79372943020586
                ]
            ],
            "flags": {},
            "group_id": null,
            "label": "pickable_smartpac"
        },
        {
            "shape_type": "polygon",
            "points": [
                [
                    221.96093257445617,
                    155.04180476264838
                ],
                [
                    116.93134677563958,
                    191.4323373070271
                ],
                [
                    138.23312192356863,
                    281.0773077212282
                ],
                [
                    250.06744145019582,
                    248.53292902300342
                ]
            ],
            "flags": {},
            "group_id": null,
            "label": "pickable_polybag"
        },
        {
            "shape_type": "polygon",
            "points": [
                [
                    266.635488787474,
                    157.7045266561395
                ],
                [
                    234.9786840537461,
                    241.7281952951928
                ],
                [
                    308.6473231070005,
                    269.2429881946009
                ],
                [
                    337.6414059472372,
                    187.29032547270756
                ]
            ],
            "flags": {},
            "group_id": null,
            "label": "pickable_polybag"
        }
    ],
    "imagePath": "1616051182-422408-por1094.png",
    "flags": {},
    "imageWidth": 640,
    "imageHeight": 360
}