{
    "shapes": [
        {
            "shape_type": "polygon",
            "points": [
                [
                    419.7358375702048,
                    60.86327774789312
                ],
                [
                    459.75208407687734,
                    131.60298651589238
                ],
                [
                    367.5422271611381,
                    195.35497379729142
                ],
                [
                    323.82203638212377,
                    126.83351115818174
                ]
            ],
            "flags": {},
            "group_id": null,
            "label": "pickable_box"
        },
        {
            "shape_type": "polygon",
            "points": [
                [
                    208.87768026129706,
                    115.70473532352355
                ],
                [
                    233.20200458562138,
                    99.64750161923102
                ],
                [
                    139.5408670377141,
                    25.017601693205822
                ],
                [
                    109.92200907113481,
                    36.23825820597235
                ]
            ],
            "flags": {},
            "group_id": null,
            "label": "pickable_box"
        }
    ],
    "imagePath": "1616051125-500132-por1094.png",
    "flags": {},
    "imageWidth": 640,
    "imageHeight": 360
}