{
    "shapes": [
        {
            "shape_type": "polygon",
            "points": [
                [
                    264.05066170388756,
                    164.5474066876052
                ],
                [
                    252.06052574014453,
                    225.8954916427283
                ],
                [
                    354.1266414426239,
                    262.8789627171085
                ],
                [
                    389.9531762082282,
                    209.46788090423567
                ]
            ],
            "flags": {},
            "group_id": null,
            "label": "pickable_smartpac"
        },
        {
            "shape_type": "polygon",
            "points": [
                [
                    240.69688937650818,
                    37.052516436116704
                ],
                [
                    235.73821169055776,
                    157.7136734609101
                ],
                [
                    73.13490590543378,
                    147.17648337826546
                ],
                [
                    70.86217863270652,
                    26.515326353472073
                ]
            ],
            "flags": {},
            "group_id": null,
            "label": "pickable_smartpac"
        },
        {
            "shape_type": "polygon",
            "points": [
                [
                    197.92829433518585,
                    161.4326817253729
                ],
                [
                    217.55639350873957,
                    240.35830156008367
                ],
                [
                    134.7051538393181,
                    279.6144999071911
                ],
                [
                    104.33325301287181,
                    190.15168998983572
                ]
            ],
            "flags": {},
            "group_id": null,
            "label": "pickable_polybag"
        },
        {
            "shape_type": "polygon",
            "points": [
                [
                    367.9583780826103,
                    201.33555730384333
                ],
                [
                    460.10497494124905,
                    179.17150843822378
                ],
                [
                    481.91998366725255,
                    99.41583653595502
                ],
                [
                    397.6267899499751,
                    103.95335835096374
                ]
            ],
            "flags": {},
            "group_id": null,
            "label": "pickable_flat"
        }
    ],
    "imagePath": "1616051317-007780-por1094.png",
    "flags": {},
    "imageWidth": 640,
    "imageHeight": 360
}