{
    "shapes": [
        {
            "shape_type": "polygon",
            "points": [
                [
                    232.0940021516945,
                    213.2504034427111
                ],
                [
                    343.1079881656805,
                    225.26566091251408
                ],
                [
                    357.7774096532838,
                    86.21607413565457
                ],
                [
                    247.03360800039127,
                    75.05904934226614
                ]
            ],
            "flags": {},
            "group_id": null,
            "label": "pickable_box"
        },
        {
            "shape_type": "polygon",
            "points": [
                [
                    360.87658320700285,
                    170.51359479681162
                ],
                [
                    369.17257973829345,
                    263.3301473727224
                ],
                [
                    468.0597021548277,
                    252.51933656191164
                ],
                [
                    464.5620868925065,
                    162.6942173250277
                ]
            ],
            "flags": {},
            "group_id": null,
            "label": "pickable_flat"
        }
    ],
    "imagePath": "1616050602-173120-por1094.png",
    "flags": {},
    "imageWidth": 640,
    "imageHeight": 360
}