{
    "shapes": [
        {
            "shape_type": "polygon",
            "points": [
                [
                    248.91568231377616,
                    135.3983860714066
                ],
                [
                    211.10576495840425,
                    249.86119598876198
                ],
                [
                    109.45287239642077,
                    246.76202243504295
                ],
                [
                    139.41155008237115,
                    119.48929516231568
                ]
            ],
            "flags": {},
            "group_id": null,
            "label": "pickable_smartpac"
        },
        {
            "shape_type": "polygon",
            "points": [
                [
                    234.86609553691665,
                    43.86946045157188
                ],
                [
                    264.8247732228672,
                    155.43970838545616
                ],
                [
                    354.2875831402224,
                    117.83640260033222
                ],
                [
                    324.1222938840241,
                    26.3074769804975
                ]
            ],
            "flags": {},
            "group_id": null,
            "label": "pickable_smartpac"
        },
        {
            "shape_type": "polygon",
            "points": [
                [
                    345.1966740493133,
                    32.299212517687586
                ],
                [
                    460.1331467397967,
                    30.136524793502534
                ],
                [
                    462.51788441865205,
                    124.41315436424976
                ],
                [
                    350.5941960243754,
                    123.93620682847869
                ]
            ],
            "flags": {},
            "group_id": null,
            "label": "pickable_smartpac"
        }
    ],
    "imagePath": "1616050959-657141-por1094.png",
    "flags": {},
    "imageWidth": 640,
    "imageHeight": 360
}