{
    "shapes": [
        {
            "shape_type": "polygon",
            "points": [
                [
                    111.27145702445412,
                    258.2078012839994
                ],
                [
                    130.40809801147049,
                    167.10717220969872
                ],
                [
                    224.34939347238466,
                    193.71294087612137
                ],
                [
                    215.66968687091767,
                    277.08702400570576
                ]
            ],
            "flags": {},
            "group_id": null,
            "label": "pickable_smartpac"
        },
        {
            "shape_type": "polygon",
            "points": [
                [
                    258.1265563219384,
                    152.2713389717326
                ],
                [
                    349.0650676487992,
                    154.0512742468135
                ],
                [
                    349.0650676487992,
                    262.46551372901416
                ],
                [
                    263.30454984944646,
                    261.9800768358103
                ]
            ],
            "flags": {},
            "group_id": null,
            "label": "pickable_smartpac"
        },
        {
            "shape_type": "polygon",
            "points": [
                [
                    61.68458056984396,
                    105.18493713214953
                ],
                [
                    184.45685779756676,
                    193.96381501993835
                ],
                [
                    268.9453066424513,
                    149.40935957439373
                ],
                [
                    154.75388750053713,
                    30.59747838627496
                ]
            ],
            "flags": {},
            "group_id": null,
            "label": "pickable_smartpac"
        },
        {
            "shape_type": "polygon",
            "points": [
                [
                    337.48502961332434,
                    85.31586802869357
                ],
                [
                    461.98529592056684,
                    82.89681999556277
                ],
                [
                    466.30001673274955,
                    251.93235299048663
                ],
                [
                    345.7416410982318,
                    257.2623022290653
                ]
            ],
            "flags": {},
            "group_id": null,
            "label": "pickable_flat"
        }
    ],
    "imagePath": "1616050722-087889-por1094.png",
    "flags": {},
    "imageWidth": 640,
    "imageHeight": 360
}