{
    "shapes": [
        {
            "shape_type": "polygon",
            "points": [
                [
                    30.169262555626194,
                    38.20565797838524
                ],
                [
                    110.21783080067539,
                    23.599809281627447
                ],
                [
                    130.05254154447704,
                    146.94691671964398
                ],
                [
                    35.217830800675394,
                    177.9386522568341
                ]
            ],
            "flags": {},
            "group_id": null,
            "label": "pickable_flat"
        },
        {
            "shape_type": "polygon",
            "points": [
                [
                    305.7055600116659,
                    118.37975455203237
                ],
                [
                    397.6053250466056,
                    56.01060454537051
                ],
                [
                    462.9046429833952,
                    149.04225828237588
                ],
                [
                    380.843471372945,
                    211.54482880612304
                ]
            ],
            "flags": {},
            "group_id": null,
            "label": "pickable_smartpac"
        }
    ],
    "imagePath": "1616051382-873362-por1094.png",
    "flags": {},
    "imageWidth": 640,
    "imageHeight": 360
}