{
    "shapes": [
        {
            "shape_type": "polygon",
            "points": [
                [
                    215.00622279818083,
                    118.46488825859453
                ],
                [
                    287.9401070957015,
                    192.6384419776028
                ],
                [
                    215.00622279818083,
                    266.6053841263631
                ],
                [
                    139.79961122793296,
                    204.2086899114871
                ]
            ],
            "flags": {},
            "group_id": null,
            "label": "pickable_polybag"
        },
        {
            "shape_type": "polygon",
            "points": [
                [
                    501.4583964593963,
                    126.46282373815868
                ],
                [
                    289.5688729073394,
                    261.41935875488565
                ],
                [
                    371.0966930680558,
                    266.6901009649014
                ],
                [
                    471.6866635695307,
                    184.6842012598866
                ]
            ],
            "flags": {},
            "group_id": null,
            "label": "pickable_flat"
        },
        {
            "shape_type": "polygon",
            "points": [
                [
                    252.73067182084785,
                    81.41925172726044
                ],
                [
                    306.69628099173565,
                    40.44278448823904
                ],
                [
                    414.754132231405,
                    180.73204068658615
                ],
                [
                    362.89462809917353,
                    214.82294977749518
                ]
            ],
            "flags": {},
            "group_id": null,
            "label": "pickable_polybag"
        }
    ],
    "imagePath": "1616050885-537145-por1094.png",
    "flags": {},
    "imageWidth": 640,
    "imageHeight": 360
}