{
    "shapes": [
        {
            "shape_type": "polygon",
            "points": [
                [
                    208.86538461538458,
                    32.18531468531469
                ],
                [
                    141.277972027972,
                    222.3601398601398
                ],
                [
                    75.05419580419579,
                    172.08041958041957
                ],
                [
                    127.32692307692305,
                    34.8076923076923
                ]
            ],
            "flags": {},
            "group_id": null,
            "label": "pickable_flat"
        },
        {
            "shape_type": "polygon",
            "points": [
                [
                    262.5275875151241,
                    58.655999425794136
                ],
                [
                    230.70940569694233,
                    145.0196357894305
                ],
                [
                    173.47800073826465,
                    124.97831347538092
                ],
                [
                    203.23006685396714,
                    36.34194983901728
                ]
            ],
            "flags": {},
            "group_id": null,
            "label": "pickable_box"
        },
        {
            "shape_type": "polygon",
            "points": [
                [
                    435.59281100841565,
                    22.560781929998612
                ],
                [
                    327.35751689076864,
                    80.20784075352802
                ],
                [
                    403.82810512606267,
                    217.46274271431236
                ],
                [
                    507.3575168907686,
                    167.658821145685
                ]
            ],
            "flags": {},
            "group_id": null,
            "label": "pickable_smartpac"
        }
    ],
    "imagePath": "1616051287-343371-por1094.png",
    "flags": {},
    "imageWidth": 640,
    "imageHeight": 360
}