{
    "shapes": [
        {
            "shape_type": "polygon",
            "points": [
                [
                    324.9512078830261,
                    125.80847474204118
                ],
                [
                    321.9331679665904,
                    225.90570371627553
                ],
                [
                    456.43237305403073,
                    232.7419517289941
                ],
                [
                    461.5198134355888,
                    124.15689608511494
                ]
            ],
            "flags": {},
            "group_id": null,
            "label": "pickable_flat"
        },
        {
            "shape_type": "polygon",
            "points": [
                [
                    485.63755340626994,
                    105.19845190608252
                ],
                [
                    487.94524571396227,
                    279.2369134445443
                ],
                [
                    451.5990918678084,
                    249.04460575223635
                ],
                [
                    453.71447648319304,
                    135.96768267531328
                ]
            ],
            "flags": {},
            "group_id": null,
            "label": "pickable_smartpac"
        }
    ],
    "imagePath": "1616051038-710596-por1094.png",
    "flags": {},
    "imageWidth": 640,
    "imageHeight": 360
}