{
    "shapes": [
        {
            "shape_type": "polygon",
            "points": [
                [
                    82.10632549268912,
                    25.707247298156382
                ],
                [
                    141.6581373172283,
                    187.96090273363004
                ],
                [
                    263.460015790661,
                    165.24815604727624
                ],
                [
                    194.2451397576031,
                    33.84319736959035
                ]
            ],
            "flags": {},
            "group_id": null,
            "label": "pickable_flat"
        },
        {
            "shape_type": "polygon",
            "points": [
                [
                    343.73600154793013,
                    35.65507244349751
                ],
                [
                    458.08811496421464,
                    33.84319736959035
                ],
                [
                    458.4678335257514,
                    128.0515038773621
                ],
                [
                    351.7905680249565,
                    131.23115411583586
                ]
            ],
            "flags": {},
            "group_id": null,
            "label": "pickable_smartpac"
        }
    ],
    "imagePath": "1616050927-197068-por1094.png",
    "flags": {},
    "imageWidth": 640,
    "imageHeight": 360
}