{
    "shapes": [
        {
            "shape_type": "polygon",
            "points": [
                [
                    117.50766541151157,
                    160.6646046261431
                ],
                [
                    130.68948359332975,
                    278.8464228079613
                ],
                [
                    295.23493813878423,
                    253.39187735341582
                ],
                [
                    282.50766541151154,
                    143.8464228079613
                ]
            ],
            "flags": {},
            "group_id": null,
            "label": "pickable_flat"
        },
        {
            "shape_type": "polygon",
            "points": [
                [
                    191.67978361588783,
                    42.60008849711084
                ],
                [
                    163.722794368576,
                    131.30976591646566
                ],
                [
                    225.55075135782332,
                    149.85815301323987
                ],
                [
                    253.7765578094362,
                    60.34202398098181
                ]
            ],
            "flags": {},
            "group_id": null,
            "label": "pickable_box"
        }
    ],
    "imagePath": "1616051284-210548-por1094.png",
    "flags": {},
    "imageWidth": 640,
    "imageHeight": 360
}