{
    "shapes": [
        {
            "shape_type": "polygon",
            "points": [
                [
                    152.38770844540073,
                    158.74045185583645
                ],
                [
                    287.38770844540073,
                    167.13206024744483
                ],
                [
                    282.6241923915621,
                    264.59427545159554
                ],
                [
                    147.67795583242233,
                    255.45449050535896
                ]
            ],
            "flags": {},
            "group_id": null,
            "label": "pickable_box"
        },
        {
            "shape_type": "polygon",
            "points": [
                [
                    201.44139669263737,
                    87.44373781718693
                ],
                [
                    292.03279454209974,
                    100.88459803224069
                ],
                [
                    300.63494507973417,
                    40.40072706449876
                ],
                [
                    212.73171927328252,
                    28.303952870950376
                ]
            ],
            "flags": {},
            "group_id": null,
            "label": "pickable_box"
        },
        {
            "shape_type": "polygon",
            "points": [
                [
                    305.3638200647761,
                    69.84924579195487
                ],
                [
                    463.2693536818847,
                    75.07814641933747
                ],
                [
                    462.7317192732826,
                    183.68029695697186
                ],
                [
                    295.25860099371266,
                    181.5297593225633
                ]
            ],
            "flags": {},
            "group_id": null,
            "label": "pickable_smartpac"
        },
        {
            "shape_type": "polygon",
            "points": [
                [
                    185.30613867407763,
                    159.77019245388823
                ],
                [
                    198.94250231044128,
                    88.66629634999214
                ],
                [
                    296.0204243883633,
                    103.27668596038176
                ],
                [
                    288.55289192083086,
                    165.93902362271942
                ]
            ],
            "flags": {},
            "group_id": null,
            "label": "pickable_polybag"
        }
    ],
    "imagePath": "1616050679-359047-por1094.png",
    "flags": {},
    "imageWidth": 640,
    "imageHeight": 360
}