{
    "shapes": [
        {
            "shape_type": "polygon",
            "points": [
                [
                    287.6381363391852,
                    44.762555626192
                ],
                [
                    345.28276443835887,
                    159.84520025429117
                ],
                [
                    475.24144212430934,
                    107.98569612205976
                ],
                [
                    428.5472272482763,
                    3.0270184361093504
                ]
            ],
            "flags": {},
            "group_id": null,
            "label": "pickable_polybag"
        },
        {
            "shape_type": "polygon",
            "points": [
                [
                    281.1637809606852,
                    125.663445473744
                ],
                [
                    317.50257877489287,
                    148.61426514587518
                ],
                [
                    282.3932891574065,
                    200.39022143002816
                ],
                [
                    247.01077549620436,
                    176.48311760489156
                ]
            ],
            "flags": {},
            "group_id": null,
            "label": "pickable_box"
        }
    ],
    "imagePath": "1616050918-130070-por1094.png",
    "flags": {},
    "imageWidth": 640,
    "imageHeight": 360
}