{
    "shapes": [
        {
            "shape_type": "polygon",
            "points": [
                [
                    203.09163661013756,
                    33.74161440976504
                ],
                [
                    312.6046624246987,
                    31.634241382088415
                ],
                [
                    308.94806465045383,
                    110.48956729623787
                ],
                [
                    207.9941695789117,
                    113.03328748701688
                ]
            ],
            "flags": {},
            "group_id": null,
            "label": "pickable_flat"
        },
        {
            "shape_type": "polygon",
            "points": [
                [
                    332.8373465417177,
                    36.647381389595665
                ],
                [
                    453.88375253163287,
                    30.794044072741098
                ],
                [
                    464.6319431797071,
                    136.77450855944608
                ],
                [
                    340.9253173238089,
                    155.97741815587065
                ]
            ],
            "flags": {},
            "group_id": null,
            "label": "pickable_smartpac"
        },
        {
            "shape_type": "polygon",
            "points": [
                [
                    197.27063371614926,
                    166.62391470233692
                ],
                [
                    297.93657836866106,
                    139.40414000271292
                ],
                [
                    324.5274874595702,
                    243.15414000271286
                ],
                [
                    223.73203291411568,
                    272.2450490936221
                ]
            ],
            "flags": {},
            "group_id": null,
            "label": "pickable_smartpac"
        }
    ],
    "imagePath": "1616050728-558896-por1094.png",
    "flags": {},
    "imageWidth": 640,
    "imageHeight": 360
}