{
    "shapes": [
        {
            "shape_type": "polygon",
            "points": [
                [
                    315.1914241672306,
                    22.49383412286637
                ],
                [
                    422.72206556883964,
                    76.04485299646588
                ],
                [
                    355.90757507399735,
                    237.93467383056827
                ],
                [
                    237.09259240270964,
                    188.63670884345373
                ]
            ],
            "flags": {},
            "group_id": null,
            "label": "pickable_smartpac"
        },
        {
            "shape_type": "polygon",
            "points": [
                [
                    396.39677795322956,
                    102.51300849687948
                ],
                [
                    476.7522061390888,
                    94.9633880725802
                ],
                [
                    458.6087595200498,
                    226.11306435499984
                ],
                [
                    371.89589755869946,
                    225.2180649262761
                ]
            ],
            "flags": {},
            "group_id": null,
            "label": "pickable_polybag"
        },
        {
            "shape_type": "polygon",
            "points": [
                [
                    409.7679382004689,
                    257.7915542238921
                ],
                [
                    411.1400090717522,
                    240.84866928875198
                ],
                [
                    465.7475176041754,
                    240.96243493152787
                ],
                [
                    464.83739246196836,
                    257.4584531340307
                ]
            ],
            "flags": {},
            "group_id": null,
            "label": "pickable_polybag"
        },
        {
            "shape_type": "polygon",
            "points": [
                [
                    368.3641273880207,
                    244.26163857202843
                ],
                [
                    456.07743796822547,
                    216.04775916360975
                ],
                [
                    463.01714217755426,
                    233.34013686554377
                ],
                [
                    373.14228438460776,
                    263.26050091560063
                ]
            ],
            "flags": {},
            "group_id": null,
            "label": "pickable_polybag"
        },
        {
            "shape_type": "polygon",
            "points": [
                [
                    0,
                    78.43499360101112
                ],
                [
                    90.19331488051057,
                    22.470957636975143
                ],
                [
                    182.148859336055,
                    168.94698161299917
                ],
                [
                    73.46254564974133,
                    234.12929929531683
                ]
            ],
            "flags": {},
            "group_id": null,
            "label": "pickable_flat"
        }
    ],
    "imagePath": "1616050636-234250-por1094.png",
    "flags": {},
    "imageWidth": 640,
    "imageHeight": 360
}