{
    "shapes": [
        {
            "shape_type": "polygon",
            "points": [
                [
                    246.6110797804346,
                    28.77588540491765
                ],
                [
                    230.75086472667115,
                    147.86190691029398
                ],
                [
                    405.7508647266711,
                    168.02319723287465
                ],
                [
                    411.12720881269263,
                    46.51782088878861
                ]
            ],
            "flags": {},
            "group_id": null,
            "label": "pickable_flat"
        },
        {
            "shape_type": "polygon",
            "points": [
                [
                    461.12720881269263,
                    82.00169185653056
                ],
                [
                    471.69550171236386,
                    197.21985590167407
                ],
                [
                    402.2740141090581,
                    223.25291375291377
                ],
                [
                    403.51368353054573,
                    83.5834922653104
                ]
            ],
            "flags": {},
            "group_id": null,
            "label": "pickable_smartpac"
        },
        {
            "shape_type": "polygon",
            "points": [
                [
                    194.01580358674002,
                    161.63708796917624
                ],
                [
                    261.81625710147927,
                    191.34230338867735
                ],
                [
                    230.75049746429104,
                    263.6779042957068
                ],
                [
                    159.77544077494863,
                    233.06565939774765
                ]
            ],
            "flags": {},
            "group_id": null,
            "label": "pickable_polybag"
        }
    ],
    "imagePath": "1616051176-622218-por1094.png",
    "flags": {},
    "imageWidth": 640,
    "imageHeight": 360
}