{
    "shapes": [
        {
            "shape_type": "polygon",
            "points": [
                [
                    136.2668086669328,
                    200.70655109985137
                ],
                [
                    102.85038637954275,
                    137.9475090666158
                ],
                [
                    182.36628018041156,
                    94.54926352545148
                ],
                [
                    216.38853773208086,
                    159.8910759260874
                ]
            ],
            "flags": {},
            "group_id": null,
            "label": "pickable_box"
        },
        {
            "shape_type": "polygon",
            "points": [
                [
                    157.42517597460142,
                    183.2853525556581
                ],
                [
                    153.5615396109651,
                    271.4671707374764
                ],
                [
                    222.42517597460147,
                    274.87626164656723
                ],
                [
                    225.60699415641966,
                    184.87626164656726
                ]
            ],
            "flags": {},
            "group_id": null,
            "label": "pickable_polybag"
        },
        {
            "shape_type": "polygon",
            "points": [
                [
                    465.7207262781467,
                    116.95431292610051
                ],
                [
                    553.3227450236406,
                    188.1122076629426
                ],
                [
                    456.6911660762721,
                    276.95431292610056
                ],
                [
                    391.4280081815353,
                    208.3227339787321
                ]
            ],
            "flags": {},
            "group_id": null,
            "label": "pickable_smartpac"
        },
        {
            "shape_type": "polygon",
            "points": [
                [
                    368.60279371593884,
                    115.41233606269996
                ],
                [
                    432.56218457888303,
                    32.9250264180299
                ],
                [
                    463.52665158395916,
                    124.04177768706545
                ],
                [
                    407.43528102558355,
                    195.10776753478117
                ]
            ],
            "flags": {},
            "group_id": null,
            "label": "pickable_smartpac"
        }
    ],
    "imagePath": "1616051469-113669-por1094.png",
    "flags": {},
    "imageWidth": 640,
    "imageHeight": 360
}