{
    "shapes": [
        {
            "shape_type": "polygon",
            "points": [
                [
                    356.4024516539179,
                    120.65163819562646
                ],
                [
                    360.12145991838076,
                    202.0565968733124
                ],
                [
                    472.3115425630088,
                    199.99048117083308
                ],
                [
                    469.6255921497857,
                    118.79213406339505
                ]
            ],
            "flags": {},
            "group_id": null,
            "label": "pickable_box"
        },
        {
            "shape_type": "polygon",
            "points": [
                [
                    279.23287340090445,
                    31.048056386569563
                ],
                [
                    312.4333715329094,
                    161.90733409516235
                ],
                [
                    413.2054761406305,
                    110.50011118109012
                ],
                [
                    368.8219144967948,
                    6.390522139994222
                ]
            ],
            "flags": {},
            "group_id": null,
            "label": "pickable_flat"
        },
        {
            "shape_type": "polygon",
            "points": [
                [
                    6.1186779167241445,
                    134.25340351399097
                ],
                [
                    101.53947445664123,
                    220.23646352480372
                ],
                [
                    210.7867862845982,
                    86.68807642802955
                ],
                [
                    129.2814099405122,
                    12.709581804373626
                ]
            ],
            "flags": {},
            "group_id": null,
            "label": "pickable_flat"
        },
        {
            "shape_type": "polygon",
            "points": [
                [
                    167.13087230610358,
                    139.806355997922
                ],
                [
                    232.93732391900681,
                    198.73108718071765
                ],
                [
                    318.3136680050284,
                    98.0859258903951
                ],
                [
                    215.94807660717885,
                    24.96764632050266
                ]
            ],
            "flags": {},
            "group_id": null,
            "label": "pickable_polybag"
        }
    ],
    "imagePath": "1616051388-997943-por1094.png",
    "flags": {},
    "imageWidth": 640,
    "imageHeight": 360
}