{
    "shapes": [
        {
            "shape_type": "polygon",
            "points": [
                [
                    138.94681930972254,
                    256.5866288384899
                ],
                [
                    171.35715091360254,
                    131.8723646080966
                ],
                [
                    302.8087638168284,
                    140.7433323500321
                ],
                [
                    269.20661327919396,
                    270.0444076188492
                ]
            ],
            "flags": {},
            "group_id": null,
            "label": "pickable_polybag"
        },
        {
            "shape_type": "polygon",
            "points": [
                [
                    361.41091435446276,
                    171.92612804895683
                ],
                [
                    453.61521542973156,
                    138.05516030702134
                ],
                [
                    462.48618317166705,
                    159.56053665110736
                ],
                [
                    370.8195165050004,
                    197.73257966186006
                ]
            ],
            "flags": {},
            "group_id": null,
            "label": "pickable_polybag"
        },
        {
            "shape_type": "polygon",
            "points": [
                [
                    363.61017243607375,
                    214.3817240624276
                ],
                [
                    458.52273205451576,
                    217.72035681282506
                ],
                [
                    455.82002935181305,
                    239.50096094637038
                ],
                [
                    361.8613648049132,
                    235.68538066020184
                ]
            ],
            "flags": {},
            "group_id": null,
            "label": "pickable_polybag"
        },
        {
            "shape_type": "polygon",
            "points": [
                [
                    403.35580041699586,
                    234.25453805288865
                ],
                [
                    465.67694509108173,
                    240.13689099406514
                ],
                [
                    463.1332249003027,
                    257.7839498175945
                ],
                [
                    399.85818515467474,
                    253.33243948373126
                ]
            ],
            "flags": {},
            "group_id": null,
            "label": "pickable_polybag"
        },
        {
            "shape_type": "polygon",
            "points": [
                [
                    386.02756347111193,
                    50.40003286014819
                ],
                [
                    433.27756347111193,
                    148.65003286014817
                ],
                [
                    448.27756347111193,
                    138.90003286014817
                ],
                [
                    405.52756347111193,
                    34.65003286014819
                ]
            ],
            "flags": {},
            "group_id": null,
            "label": "pickable_polybag"
        }
    ],
    "imagePath": "1616050619-767878-por1094.png",
    "flags": {},
    "imageWidth": 640,
    "imageHeight": 360
}