{
    "shapes": [
        {
            "shape_type": "polygon",
            "points": [
                [
                    247.6370967741935,
                    95.24193548387096
                ],
                [
                    376.6693548387097,
                    75.88709677419355
                ],
                [
                    399.25,
                    253.3064516129032
                ],
                [
                    271.8306451612903,
                    275.6182795698924
                ]
            ],
            "flags": {},
            "group_id": null,
            "label": "pickable_flat"
        },
        {
            "shape_type": "polygon",
            "points": [
                [
                    150.0564516129032,
                    74.81182795698925
                ],
                [
                    241.18548387096772,
                    22.930107526881724
                ],
                [
                    278.5510752688172,
                    96.85483870967742
                ],
                [
                    207.85215053763437,
                    167.5537634408602
                ]
            ],
            "flags": {},
            "group_id": null,
            "label": "pickable_smartpac"
        },
        {
            "shape_type": "polygon",
            "points": [
                [
                    15.182273681653342,
                    99.30645161290323
                ],
                [
                    132.38657475692213,
                    185.05913978494624
                ],
                [
                    203.6231338967071,
                    107.37096774193549
                ],
                [
                    77.01023067090065,
                    9.25268817204301
                ]
            ],
            "flags": {},
            "group_id": null,
            "label": "pickable_smartpac"
        }
    ],
    "imagePath": "1616050978-923584-por1094.png",
    "flags": {},
    "imageWidth": 640,
    "imageHeight": 360
}