{
    "shapes": [
        {
            "shape_type": "polygon",
            "points": [
                [
                    224.0285858024974,
                    60.36002312598297
                ],
                [
                    228.9872634884478,
                    170.48399006813173
                ],
                [
                    401.5079246454726,
                    161.59969254747057
                ],
                [
                    386.0120568768776,
                    33.7071305639995
                ]
            ],
            "flags": {},
            "group_id": null,
            "label": "pickable_flat"
        },
        {
            "shape_type": "polygon",
            "points": [
                [
                    463.24720531110535,
                    151.8289386561758
                ],
                [
                    473.63182069572076,
                    260.48278481002194
                ],
                [
                    315.55489761879767,
                    268.55970788694503
                ],
                [
                    306.13182069572076,
                    159.13663096386813
                ]
            ],
            "flags": {},
            "group_id": null,
            "label": "pickable_smartpac"
        }
    ],
    "imagePath": "1616051222-688312-por1094.png",
    "flags": {},
    "imageWidth": 640,
    "imageHeight": 360
}