{
    "shapes": [
        {
            "shape_type": "polygon",
            "points": [
                [
                    46.88901092516022,
                    121.43564109399887
                ],
                [
                    111.28050864553495,
                    76.73659104735525
                ],
                [
                    174.76041903721006,
                    166.79006698318415
                ],
                [
                    107.46384438769422,
                    210.39607941272598
                ]
            ],
            "flags": {},
            "group_id": null,
            "label": "pickable_box"
        },
        {
            "shape_type": "polygon",
            "points": [
                [
                    108.33826958430006,
                    209.74873083257467
                ],
                [
                    141.57089798309164,
                    277.72456164828463
                ],
                [
                    256.6766381643605,
                    270.1716915576502
                ],
                [
                    216.19325447855988,
                    166.54631391414566
                ]
            ],
            "flags": {},
            "group_id": null,
            "label": "pickable_polybag"
        },
        {
            "shape_type": "polygon",
            "points": [
                [
                    362.57982090868705,
                    136.1043831897727
                ],
                [
                    461.2083602187412,
                    116.09314170870759
                ],
                [
                    473.6800808679367,
                    192.28649518302782
                ],
                [
                    381.5870576121227,
                    208.79812309000457
                ]
            ],
            "flags": {},
            "group_id": null,
            "label": "pickable_polybag"
        },
        {
            "shape_type": "polygon",
            "points": [
                [
                    8.555197908847731,
                    80.71622624159797
                ],
                [
                    45.320355385371855,
                    29.279465538579778
                ],
                [
                    148.599043909962,
                    33.65105023803333
                ],
                [
                    142.5881149482134,
                    91.93884623074734
                ]
            ],
            "flags": {},
            "group_id": null,
            "label": "pickable_smartpac"
        }
    ],
    "imagePath": "1616051140-297476-por1094.png",
    "flags": {},
    "imageWidth": 640,
    "imageHeight": 360
}