{
    "shapes": [
        {
            "shape_type": "polygon",
            "points": [
                [
                    360.05043033889183,
                    43.920656266810106
                ],
                [
                    392.218262506724,
                    153.7108660570199
                ],
                [
                    468.7916890801506,
                    119.09548144163529
                ],
                [
                    442.218262506724,
                    21.892684238838076
                ]
            ],
            "flags": {},
            "group_id": null,
            "label": "pickable_smartpac"
        }
    ],
    "imagePath": "1616051504-245612-por1094.png",
    "flags": {},
    "imageWidth": 640,
    "imageHeight": 360
}