{
    "shapes": [
        {
            "shape_type": "polygon",
            "points": [
                [
                    242.8202479338843,
                    82.73575935306141
                ],
                [
                    355.2169421487603,
                    96.78534612992091
                ],
                [
                    335.65781748156536,
                    208.00238203483215
                ],
                [
                    219.9539174190863,
                    205.1142627974372
                ]
            ],
            "flags": {},
            "group_id": null,
            "label": "pickable_smartpac"
        },
        {
            "shape_type": "polygon",
            "points": [
                [
                    352.1250956532901,
                    128.22676361440122
                ],
                [
                    412.8341059930242,
                    137.68023481085618
                ],
                [
                    397.76763627367416,
                    229.11302653906887
                ],
                [
                    338.2403098334969,
                    219.80726583005853
                ]
            ],
            "flags": {},
            "group_id": null,
            "label": "pickable_box"
        }
    ],
    "imagePath": "1616051172-163360-por1094.png",
    "flags": {},
    "imageWidth": 640,
    "imageHeight": 360
}