{
    "shapes": [
        {
            "shape_type": "polygon",
            "points": [
                [
                    154.2705336433624,
                    136.95027098625116
                ],
                [
                    268.03797343719515,
                    137.36571575653466
                ],
                [
                    266.17846930496376,
                    221.0434017069479
                ],
                [
                    152.955328809096,
                    220.42356699620407
                ]
            ],
            "flags": {},
            "group_id": null,
            "label": "pickable_box"
        },
        {
            "shape_type": "polygon",
            "points": [
                [
                    292.7011696169375,
                    148.48924801777073
                ],
                [
                    298.93588844334334,
                    193.11027491263624
                ],
                [
                    361.03857792989595,
                    184.18606953366316
                ],
                [
                    353.7036146047126,
                    139.68729202755068
                ]
            ],
            "flags": {},
            "group_id": null,
            "label": "pickable_box"
        },
        {
            "shape_type": "polygon",
            "points": [
                [
                    354.31770958100554,
                    42.7511222091766
                ],
                [
                    463.79401880793824,
                    44.49675811940104
                ],
                [
                    461.05087666329985,
                    165.9431421593013
                ],
                [
                    359.0558641944719,
                    165.69376560069782
                ]
            ],
            "flags": {},
            "group_id": null,
            "label": "pickable_smartpac"
        }
    ],
    "imagePath": "1616050708-957939-por1094.png",
    "flags": {},
    "imageWidth": 640,
    "imageHeight": 360
}