{
    "shapes": [
        {
            "shape_type": "polygon",
            "points": [
                [
                    363.7420555044624,
                    56.6004239763545
                ],
                [
                    459.4409802356452,
                    61.43913365377385
                ],
                [
                    455.6775393754302,
                    173.26709064302113
                ],
                [
                    359.17216303134416,
                    170.57891860001038
                ]
            ],
            "flags": {},
            "group_id": null,
            "label": "pickable_smartpac"
        },
        {
            "shape_type": "polygon",
            "points": [
                [
                    380.289892178473,
                    166.98701258170584
                ],
                [
                    383.86132074990155,
                    264.78921038390365
                ],
                [
                    476.1690130575939,
                    260.9430565377497
                ],
                [
                    472.59758448616526,
                    163.69030928500254
                ]
            ],
            "flags": {},
            "group_id": null,
            "label": "pickable_polybag"
        }
    ],
    "imagePath": "1616051186-690498-por1094.png",
    "flags": {},
    "imageWidth": 640,
    "imageHeight": 360
}