{
    "shapes": [
        {
            "shape_type": "polygon",
            "points": [
                [
                    294.2876777895388,
                    101.48795745197731
                ],
                [
                    262.6943249058633,
                    243.10086067778377
                ],
                [
                    372.00404744139234,
                    268.1982364203208
                ],
                [
                    423.5838654728233,
                    142.47036214405944
                ]
            ],
            "flags": {},
            "group_id": null,
            "label": "pickable_polybag"
        },
        {
            "shape_type": "polygon",
            "points": [
                [
                    207.17857807382128,
                    96.98624768969334
                ],
                [
                    157.83566586074957,
                    225.73434381995173
                ],
                [
                    260.74033084706866,
                    264.95001688002634
                ],
                [
                    291.94762014091833,
                    132.60377542216764
                ]
            ],
            "flags": {},
            "group_id": null,
            "label": "pickable_polybag"
        },
        {
            "shape_type": "polygon",
            "points": [
                [
                    385.8053217348081,
                    209.58183399883578
                ],
                [
                    383.90257332043177,
                    229.87781708551654
                ],
                [
                    464.452256195696,
                    239.81439213837066
                ],
                [
                    464.24083970520974,
                    217.40424414682732
                ]
            ],
            "flags": {},
            "group_id": null,
            "label": "pickable_polybag"
        },
        {
            "shape_type": "polygon",
            "points": [
                [
                    410.9638841026728,
                    233.26048093329666
                ],
                [
                    407.3698037644064,
                    254.1907134914362
                ],
                [
                    465.08650566715477,
                    256.51629488678503
                ],
                [
                    465.08650566715477,
                    240.23722511934318
                ]
            ],
            "flags": {},
            "group_id": null,
            "label": "pickable_polybag"
        }
    ],
    "imagePath": "1616050624-506509-por1094.png",
    "flags": {},
    "imageWidth": 640,
    "imageHeight": 360
}