{
    "shapes": [
        {
            "shape_type": "polygon",
            "points": [
                [
                    135.68965601621,
                    213.71256169990343
                ],
                [
                    237.8050406315946,
                    208.71256169990343
                ],
                [
                    241.26657909313306,
                    267.3664078537496
                ],
                [
                    146.2665790931331,
                    274.6741001614419
                ]
            ],
            "flags": {},
            "group_id": null,
            "label": "pickable_box"
        },
        {
            "shape_type": "polygon",
            "points": [
                [
                    24.31004725288031,
                    88.08453381381102
                ],
                [
                    135.4083700353742,
                    113.7553933368836
                ],
                [
                    110.65161266421316,
                    209.21903197381553
                ],
                [
                    8.53744775935059,
                    169.6841482528853
                ]
            ],
            "flags": {},
            "group_id": null,
            "label": "pickable_smartpac"
        },
        {
            "shape_type": "polygon",
            "points": [
                [
                    328.93229537212176,
                    77.57519651564319
                ],
                [
                    367.33593474350306,
                    194.74434457188798
                ],
                [
                    469.9296476360774,
                    159.77682476134595
                ],
                [
                    437.697166285949,
                    44.406884685523515
                ]
            ],
            "flags": {},
            "group_id": null,
            "label": "pickable_smartpac"
        }
    ],
    "imagePath": "1616050938-795512-por1094.png",
    "flags": {},
    "imageWidth": 640,
    "imageHeight": 360
}