{
    "shapes": [
        {
            "shape_type": "polygon",
            "points": [
                [
                    347.5805785123967,
                    80.36341420065762
                ],
                [
                    351.0929752066116,
                    182.42952990313697
                ],
                [
                    462.25,
                    170.03283568826092
                ],
                [
                    461.0103305785124,
                    73.75184395272373
                ]
            ],
            "flags": {},
            "group_id": null,
            "label": "pickable_smartpac"
        }
    ],
    "imagePath": "1616051072-577099-por1094.png",
    "flags": {},
    "imageWidth": 640,
    "imageHeight": 360
}