{
    "shapes": [
        {
            "shape_type": "polygon",
            "points": [
                [
                    334.00562072336265,
                    165.3003551452683
                ],
                [
                    446.102394916911,
                    258.5799250377414
                ],
                [
                    515.9948680351906,
                    291.3756239624726
                ],
                [
                    443.95185728250243,
                    224.70895729580593
                ]
            ],
            "flags": {},
            "group_id": null,
            "label": "pickable_smartpac"
        },
        {
            "shape_type": "polygon",
            "points": [
                [
                    216.20013521778537,
                    159.16891169947016
                ],
                [
                    225.32373652327814,
                    269.5016479790236
                ],
                [
                    122.4010717150372,
                    273.79417580096316
                ],
                [
                    126.69359953697679,
                    178.08670362290272
                ]
            ],
            "flags": {},
            "group_id": null,
            "label": "pickable_polybag"
        }
    ],
    "imagePath": "1616051338-199446-por1094.png",
    "flags": {},
    "imageWidth": 640,
    "imageHeight": 360
}