{
    "shapes": [
        {
            "shape_type": "polygon",
            "points": [
                [
                    326.95224933701064,
                    15.295719728526782
                ],
                [
                    336.74111689939065,
                    127.57978882641545
                ],
                [
                    469.7545525999665,
                    122.78132433505269
                ],
                [
                    462.2689479934405,
                    29.30723604330605
                ]
            ],
            "flags": {},
            "group_id": null,
            "label": "pickable_flat"
        },
        {
            "shape_type": "polygon",
            "points": [
                [
                    202.6684688742549,
                    50.84163936578043
                ],
                [
                    327.0517974072176,
                    19.286292853888284
                ],
                [
                    370.02888063831705,
                    161.62945105855553
                ],
                [
                    272.6689709313679,
                    192.0948796159634
                ]
            ],
            "flags": {},
            "group_id": null,
            "label": "pickable_smartpac"
        },
        {
            "shape_type": "polygon",
            "points": [
                [
                    62.11715751978821,
                    111.96533475488641
                ],
                [
                    166.31520147166844,
                    19.120539832086404
                ],
                [
                    197.46751747053182,
                    150.98506100287358
                ],
                [
                    141.96879624291032,
                    196.47028407761067
                ]
            ],
            "flags": {},
            "group_id": null,
            "label": "pickable_smartpac"
        },
        {
            "shape_type": "polygon",
            "points": [
                [
                    376.53690468866426,
                    142.86220768478833
                ],
                [
                    376.0692018724003,
                    258.8740080620686
                ],
                [
                    460.9102776670214,
                    259.36300561708083
                ],
                [
                    460.9102776670214,
                    140.78109852661626
                ]
            ],
            "flags": {},
            "group_id": null,
            "label": "pickable_box"
        }
    ],
    "imagePath": "1616051020-847036-por1094.png",
    "flags": {},
    "imageWidth": 640,
    "imageHeight": 360
}