{
    "shapes": [
        {
            "shape_type": "polygon",
            "points": [
                [
                    112.51145985261444,
                    144.56616432875373
                ],
                [
                    201.3206231960196,
                    117.45584561070689
                ],
                [
                    238.2045659623153,
                    226.19988376650977
                ],
                [
                    146.94860411811817,
                    253.2269107935368
                ]
            ],
            "flags": {},
            "group_id": null,
            "label": "pickable_smartpac"
        },
        {
            "shape_type": "polygon",
            "points": [
                [
                    360.85948774959,
                    84.02534010667198
                ],
                [
                    461.24410313420543,
                    91.33303241436428
                ],
                [
                    465.09025698035924,
                    197.10226318359506
                ],
                [
                    356.8210262111285,
                    194.02534010667196
                ]
            ],
            "flags": {},
            "group_id": null,
            "label": "pickable_smartpac"
        }
    ],
    "imagePath": "1616050847-337149-por1094.png",
    "flags": {},
    "imageWidth": 640,
    "imageHeight": 360
}