{
    "shapes": [
        {
            "shape_type": "polygon",
            "points": [
                [
                    124.95717867740198,
                    192.5447402060305
                ],
                [
                    125.49481308600414,
                    257.06086923828855
                ],
                [
                    245.92492061288587,
                    257.06086923828855
                ],
                [
                    245.92492061288587,
                    192.5447402060305
                ]
            ],
            "flags": {},
            "group_id": null,
            "label": "pickable_box"
        },
        {
            "shape_type": "polygon",
            "points": [
                [
                    245.42068952552816,
                    163.4265878868856
                ],
                [
                    256.0715770994927,
                    266.08930978037677
                ],
                [
                    353.1129972178358,
                    267.8644577093708
                ],
                [
                    352.5212812415045,
                    150.40883640759571
                ]
            ],
            "flags": {},
            "group_id": null,
            "label": "pickable_smartpac"
        },
        {
            "shape_type": "polygon",
            "points": [
                [
                    402.5704785835001,
                    143.27050426488293
                ],
                [
                    328.08300705730437,
                    221.17483228310616
                ],
                [
                    427.39963575889874,
                    266.96070927627244
                ],
                [
                    473.8688840504705,
                    174.47779355873257
                ]
            ],
            "flags": {},
            "group_id": null,
            "label": "pickable_smartpac"
        },
        {
            "shape_type": "polygon",
            "points": [
                [
                    113.65991864317284,
                    33.73127266839102
                ],
                [
                    229.04453402778825,
                    34.55544849256684
                ],
                [
                    228.22035820361242,
                    146.9180858552042
                ],
                [
                    102.67090765416185,
                    152.96204189916025
                ]
            ],
            "flags": {},
            "group_id": null,
            "label": "pickable_smartpac"
        }
    ],
    "imagePath": "1616051542-106408-por1094.png",
    "flags": {},
    "imageWidth": 640,
    "imageHeight": 360
}