{
    "shapes": [
        {
            "shape_type": "polygon",
            "points": [
                [
                    325.00675441184126,
                    67.86553934072543
                ],
                [
                    251.82456026190516,
                    168.10991861736278
                ],
                [
                    384.35144198233525,
                    261.1206713055348
                ],
                [
                    458.27617316513096,
                    169.18518743456707
                ]
            ],
            "flags": {},
            "group_id": null,
            "label": "pickable_flat"
        },
        {
            "shape_type": "polygon",
            "points": [
                [
                    108.81380757373314,
                    160.04540248833052
                ],
                [
                    207.20090434792667,
                    141.49701539155632
                ],
                [
                    225.74929144470087,
                    256.0131444238144
                ],
                [
                    125.4804742403998,
                    273.48626270338434
                ]
            ],
            "flags": {},
            "group_id": null,
            "label": "pickable_smartpac"
        }
    ],
    "imagePath": "1616051423-334942-por1094.png",
    "flags": {},
    "imageWidth": 640,
    "imageHeight": 360
}