{
    "shapes": [
        {
            "shape_type": "polygon",
            "points": [
                [
                    354.5689887036041,
                    82.22727272727272
                ],
                [
                    376.9466110812265,
                    219.98951048951048
                ],
                [
                    467.15640129101666,
                    197.6118881118881
                ],
                [
                    455.96759010220546,
                    83.27622377622376
                ]
            ],
            "flags": {},
            "group_id": null,
            "label": "pickable_smartpac"
        },
        {
            "shape_type": "polygon",
            "points": [
                [
                    198.0402097902098,
                    161.5193652501345
                ],
                [
                    162.06387842926307,
                    240.86847767617
                ],
                [
                    233.01062399139323,
                    274.86256051640663
                ],
                [
                    265.85086067778377,
                    187.28859601936526
                ]
            ],
            "flags": {},
            "group_id": null,
            "label": "pickable_polybag"
        }
    ],
    "imagePath": "1616051178-158671-por1094.png",
    "flags": {},
    "imageWidth": 640,
    "imageHeight": 360
}