{
    "shapes": [
        {
            "shape_type": "polygon",
            "points": [
                [
                    316.7091527729358,
                    109.41070467993546
                ],
                [
                    323.08126382419124,
                    151.60972187895266
                ],
                [
                    453.06248911679285,
                    130.66192955909074
                ],
                [
                    447.0722690678931,
                    88.24139166178021
                ]
            ],
            "flags": {},
            "group_id": null,
            "label": "pickable_box"
        }
    ],
    "imagePath": "1616051237-349831-por1094.png",
    "flags": {},
    "imageWidth": 640,
    "imageHeight": 360
}