{
    "shapes": [
        {
            "shape_type": "polygon",
            "points": [
                [
                    384.0681818181818,
                    90.72915545992471
                ],
                [
                    438.6136363636364,
                    188.91097364174288
                ],
                [
                    318.0271260997067,
                    253.34476565618007
                ],
                [
                    262.38196480938416,
                    163.55981941962094
                ]
            ],
            "flags": {},
            "group_id": null,
            "label": "pickable_box"
        },
        {
            "shape_type": "polygon",
            "points": [
                [
                    166.19205989513904,
                    53.13593245614453
                ],
                [
                    217.1651337421132,
                    155.37755691184523
                ],
                [
                    109.15615835777125,
                    210.5006352020789
                ],
                [
                    53.24217986314759,
                    111.40928178521233
                ]
            ],
            "flags": {},
            "group_id": null,
            "label": "pickable_smartpac"
        }
    ],
    "imagePath": "1616051193-029525-por1094.png",
    "flags": {},
    "imageWidth": 640,
    "imageHeight": 360
}