{
    "shapes": [
        {
            "shape_type": "polygon",
            "points": [
                [
                    58.21342119419042,
                    165.53604088219473
                ],
                [
                    164.85677783754704,
                    115.88569123184507
                ],
                [
                    238.63300161377083,
                    194.2073695535234
                ],
                [
                    134.43719741796664,
                    266.93464228079614
                ]
            ],
            "flags": {},
            "group_id": null,
            "label": "pickable_smartpac"
        },
        {
            "shape_type": "polygon",
            "points": [
                [
                    245.5465426182209,
                    152.42688708389136
                ],
                [
                    311.4556335273118,
                    258.0053994805856
                ],
                [
                    402.57133600665065,
                    198.70787881942857
                ],
                [
                    342.44736906450197,
                    89.41035815827153
                ]
            ],
            "flags": {},
            "group_id": null,
            "label": "pickable_smartpac"
        },
        {
            "shape_type": "polygon",
            "points": [
                [
                    362.75541731764906,
                    108.24737244427449
                ],
                [
                    404.32020949368814,
                    189.17646779879772
                ],
                [
                    456.64294787999626,
                    161.30360716310088
                ],
                [
                    414.4669087601918,
                    81.23025752984907
                ]
            ],
            "flags": {},
            "group_id": null,
            "label": "pickable_box"
        },
        {
            "shape_type": "polygon",
            "points": [
                [
                    376.2464674161892,
                    201.1053231379358
                ],
                [
                    454.7455172962874,
                    141.0208893088808
                ],
                [
                    492.5488017913836,
                    204.25100978504162
                ],
                [
                    436.310797952612,
                    270.2778811861932
                ]
            ],
            "flags": {},
            "group_id": null,
            "label": "pickable_polybag"
        }
    ],
    "imagePath": "1616050562-646379-por1094.png",
    "flags": {},
    "imageWidth": 640,
    "imageHeight": 360
}