{
    "shapes": [
        {
            "shape_type": "polygon",
            "points": [
                [
                    152.3291788856305,
                    72.12587754376611
                ],
                [
                    241.18548387096774,
                    22.930107526881724
                ],
                [
                    282.2049214226634,
                    103.00868486352358
                ],
                [
                    206.89061207609592,
                    167.36145574855252
                ]
            ],
            "flags": {},
            "group_id": null,
            "label": "pickable_smartpac"
        },
        {
            "shape_type": "polygon",
            "points": [
                [
                    13.116157979174007,
                    91.45521194348176
                ],
                [
                    129.28740120320307,
                    183.81947036345866
                ],
                [
                    203.62313389670706,
                    107.37096774193547
                ],
                [
                    78.5200844534817,
                    7.321664650110398
                ]
            ],
            "flags": {},
            "group_id": null,
            "label": "pickable_smartpac"
        },
        {
            "shape_type": "polygon",
            "points": [
                [
                    305.1787285193479,
                    267.0069774128749
                ],
                [
                    369.2171900578094,
                    168.73774664364402
                ],
                [
                    274.7941131347324,
                    100.85313125902863
                ],
                [
                    204.21719005780935,
                    195.46851587441324
                ]
            ],
            "flags": {},
            "group_id": null,
            "label": "pickable_polybag"
        },
        {
            "shape_type": "polygon",
            "points": [
                [
                    463.83837811326504,
                    134.6818813114576
                ],
                [
                    466.06413328019664,
                    248.99030738458956
                ],
                [
                    340.14998383663544,
                    251.85199259921595
                ],
                [
                    346.50928431358295,
                    149.4672549203606
                ]
            ],
            "flags": {},
            "group_id": null,
            "label": "pickable_smartpac"
        }
    ],
    "imagePath": "1616050985-056605-por1094.png",
    "flags": {},
    "imageWidth": 640,
    "imageHeight": 360
}