{
    "shapes": [
        {
            "shape_type": "polygon",
            "points": [
                [
                    469.13918195121664,
                    136.51724826042442
                ],
                [
                    479.12839945294064,
                    245.8042329571038
                ],
                [
                    341.92649166279756,
                    263.9282393164043
                ],
                [
                    329.2078907089025,
                    151.68658589828027
                ]
            ],
            "flags": {},
            "group_id": null,
            "label": "pickable_box"
        },
        {
            "shape_type": "polygon",
            "points": [
                [
                    286.8571765971129,
                    32.515432185166105
                ],
                [
                    283.8413977078229,
                    128.63031899999618
                ],
                [
                    455.9663977078229,
                    129.50531899999618
                ],
                [
                    450.8413977078229,
                    32.38031899999618
                ]
            ],
            "flags": {},
            "group_id": null,
            "label": "pickable_smartpac"
        }
    ],
    "imagePath": "1616051234-087228-por1094.png",
    "flags": {},
    "imageWidth": 640,
    "imageHeight": 360
}