{
    "shapes": [
        {
            "shape_type": "polygon",
            "points": [
                [
                    136.2668086669328,
                    200.70655109985137
                ],
                [
                    102.85038637954275,
                    137.9475090666158
                ],
                [
                    182.36628018041156,
                    94.54926352545148
                ],
                [
                    216.38853773208086,
                    159.8910759260874
                ]
            ],
            "flags": {},
            "group_id": null,
            "label": "pickable_box"
        },
        {
            "shape_type": "polygon",
            "points": [
                [
                    157.17136886800242,
                    183.2853525556581
                ],
                [
                    155.33818935715797,
                    271.4671707374764
                ],
                [
                    220.90233333500757,
                    274.87626164656723
                ],
                [
                    225.86080126301866,
                    184.87626164656726
                ]
            ],
            "flags": {},
            "group_id": null,
            "label": "pickable_polybag"
        },
        {
            "shape_type": "polygon",
            "points": [
                [
                    465.5141147078988,
                    116.9543129261005
                ],
                [
                    553.8596577753184,
                    189.32026135421776
                ],
                [
                    456.69116607627217,
                    278.60720548808405
                ],
                [
                    392.87428917327094,
                    207.08306455724446
                ]
            ],
            "flags": {},
            "group_id": null,
            "label": "pickable_smartpac"
        },
        {
            "shape_type": "polygon",
            "points": [
                [
                    286.39891143711804,
                    131.75167119583912
                ],
                [
                    377.90576075218655,
                    227.0941369492637
                ],
                [
                    460.3715141768441,
                    128.1900273602227
                ],
                [
                    380.3715141768441,
                    42.4366027026884
                ]
            ],
            "flags": {},
            "group_id": null,
            "label": "pickable_polybag"
        }
    ],
    "imagePath": "1616051470-653227-por1094.png",
    "flags": {},
    "imageWidth": 640,
    "imageHeight": 360
}