{
    "shapes": [
        {
            "shape_type": "polygon",
            "points": [
                [
                    186.2985750808331,
                    105.73031806902773
                ],
                [
                    288.2492084183907,
                    140.8732377384266
                ],
                [
                    252.79610825940824,
                    267.7412822535299
                ],
                [
                    145.3239301989949,
                    226.0878641295236
                ]
            ],
            "flags": {},
            "group_id": null,
            "label": "pickable_smartpac"
        },
        {
            "shape_type": "polygon",
            "points": [
                [
                    346.7547728063081,
                    101.28659226942823
                ],
                [
                    400.17289681266743,
                    208.4408053059942
                ],
                [
                    462.97098902252435,
                    183.7985159578225
                ],
                [
                    456.4527060336531,
                    53.75082120424539
                ]
            ],
            "flags": {},
            "group_id": null,
            "label": "pickable_smartpac"
        }
    ],
    "imagePath": "1616051113-041270-por1094.png",
    "flags": {},
    "imageWidth": 640,
    "imageHeight": 360
}