{
    "shapes": [
        {
            "shape_type": "polygon",
            "points": [
                [
                    191.63895759093205,
                    110.17856164647613
                ],
                [
                    172.39985585358167,
                    193.82255162031896
                ],
                [
                    272.71009370259924,
                    220.91665710118764
                ],
                [
                    296.8052333096313,
                    140.87529205465196
                ]
            ],
            "flags": {},
            "group_id": null,
            "label": "pickable_flat"
        },
        {
            "shape_type": "polygon",
            "points": [
                [
                    455.4286599518185,
                    28.237253196734894
                ],
                [
                    386.271267265014,
                    79.74758706000992
                ],
                [
                    392.78955025388524,
                    181.17842966732312
                ],
                [
                    471.485893656111,
                    131.09893841136127
                ]
            ],
            "flags": {},
            "group_id": null,
            "label": "pickable_smartpac"
        }
    ],
    "imagePath": "1616051160-958460-por1094.png",
    "flags": {},
    "imageWidth": 640,
    "imageHeight": 360
}