{
    "shapes": [
        {
            "shape_type": "polygon",
            "points": [
                [
                    113.43881118881117,
                    144.32705466576434
                ],
                [
                    200.98242426851942,
                    117.34407614890657
                ],
                [
                    238.60783265455345,
                    226.27969959034104
                ],
                [
                    147.3823852948662,
                    253.90806144853175
                ]
            ],
            "flags": {},
            "group_id": null,
            "label": "pickable_smartpac"
        },
        {
            "shape_type": "polygon",
            "points": [
                [
                    326.1134775401396,
                    163.8570064770989
                ],
                [
                    463.4688494409665,
                    157.74130399776007
                ],
                [
                    471.73331225088384,
                    263.03056019610716
                ],
                [
                    369.0886841517103,
                    262.20411391511544
                ]
            ],
            "flags": {},
            "group_id": null,
            "label": "pickable_flat"
        },
        {
            "shape_type": "polygon",
            "points": [
                [
                    253.6022410869307,
                    153.086212688897
                ],
                [
                    336.8190243037139,
                    152.3869119895963
                ],
                [
                    334.1616816463712,
                    264.55474415742844
                ],
                [
                    250.8050382897279,
                    265.53376513644946
                ]
            ],
            "flags": {},
            "group_id": null,
            "label": "pickable_box"
        }
    ],
    "imagePath": "1616050840-943908-por1094.png",
    "flags": {},
    "imageWidth": 640,
    "imageHeight": 360
}