{
    "shapes": [
        {
            "shape_type": "polygon",
            "points": [
                [
                    3.629004783471306,
                    141.69438130108108
                ],
                [
                    73.79029510605194,
                    48.95244581721011
                ],
                [
                    173.1547297354917,
                    124.61232961456531
                ],
                [
                    103.09137037486914,
                    215.6191124838768
                ]
            ],
            "flags": {},
            "group_id": null,
            "label": "pickable_polybag"
        },
        {
            "shape_type": "polygon",
            "points": [
                [
                    104.15463008362431,
                    185.94895829634748
                ],
                [
                    166.61686907867218,
                    271.0354653258741
                ],
                [
                    228.39697379071407,
                    224.78764682674674
                ],
                [
                    164.8716683805919,
                    141.7160935981254
                ]
            ],
            "flags": {},
            "group_id": null,
            "label": "pickable_box"
        },
        {
            "shape_type": "polygon",
            "points": [
                [
                    242.21239276248997,
                    123.72028317968571
                ],
                [
                    306.99764815589094,
                    65.3615030400918
                ],
                [
                    380.65776240320275,
                    153.256328308909
                ],
                [
                    309.73202315589094,
                    214.7755655400918
                ]
            ],
            "flags": {},
            "group_id": null,
            "label": "pickable_smartpac"
        },
        {
            "shape_type": "polygon",
            "points": [
                [
                    331.87445280236983,
                    188.94281800213912
                ],
                [
                    362.6504097547974,
                    231.07318366191654
                ],
                [
                    466.43266486058195,
                    152.50249759123054
                ],
                [
                    435.94134775161774,
                    110.24647459991343
                ]
            ],
            "flags": {},
            "group_id": null,
            "label": "pickable_box"
        }
    ],
    "imagePath": "1616050945-866703-por1094.png",
    "flags": {},
    "imageWidth": 640,
    "imageHeight": 360
}