{
    "shapes": [
        {
            "shape_type": "polygon",
            "points": [
                [
                    171.54772054404035,
                    154.36260161242646
                ],
                [
                    223.54772054404035,
                    217.52049634926857
                ],
                [
                    286.495088965093,
                    175.83628582295276
                ],
                [
                    226.49508896509298,
                    112.46786477032119
                ]
            ],
            "flags": {},
            "group_id": null,
            "label": "pickable_polybag"
        },
        {
            "shape_type": "polygon",
            "points": [
                [
                    351.2477275447149,
                    15.770606303820651
                ],
                [
                    359.03202678340193,
                    109.46900887732475
                ],
                [
                    457.8788142628088,
                    99.9138194209821
                ],
                [
                    469.2461948229406,
                    18.20047510467238
                ]
            ],
            "flags": {},
            "group_id": null,
            "label": "pickable_smartpac"
        }
    ],
    "imagePath": "1616050911-528834-por1094.png",
    "flags": {},
    "imageWidth": 640,
    "imageHeight": 360
}