{
    "shapes": [
        {
            "shape_type": "polygon",
            "points": [
                [
                    287.7765674977291,
                    41.90566364757218
                ],
                [
                    264.78007334337923,
                    84.9735102552418
                ],
                [
                    387.7642120945568,
                    115.17011560822021
                ],
                [
                    393.6762725124783,
                    69.33929196615625
                ]
            ],
            "flags": {},
            "group_id": null,
            "label": "pickable_box"
        },
        {
            "shape_type": "polygon",
            "points": [
                [
                    300.005410964033,
                    193.77922209021722
                ],
                [
                    299.6501711771769,
                    251.32806756090994
                ],
                [
                    466.43525110612893,
                    253.9923659623309
                ],
                [
                    467.32335057326924,
                    197.50923985220658
                ]
            ],
            "flags": {},
            "group_id": null,
            "label": "pickable_box"
        },
        {
            "shape_type": "polygon",
            "points": [
                [
                    64.6292805384346,
                    110.68257742310783
                ],
                [
                    54.95946921767987,
                    176.48446421556065
                ],
                [
                    165.80852582145343,
                    201.24861515895688
                ],
                [
                    182.31795978371758,
                    119.17314346084368
                ]
            ],
            "flags": {},
            "group_id": null,
            "label": "pickable_polybag"
        }
    ],
    "imagePath": "1616051130-363784-por1094.png",
    "flags": {},
    "imageWidth": 640,
    "imageHeight": 360
}