{
    "shapes": [
        {
            "shape_type": "polygon",
            "points": [
                [
                    151.88773289647415,
                    95.06144344414139
                ],
                [
                    159.98849576996426,
                    20.830674213372145
                ],
                [
                    267.79682380556505,
                    32.8427530436328
                ],
                [
                    257.8508606777837,
                    106.39647205189725
                ]
            ],
            "flags": {},
            "group_id": null,
            "label": "pickable_box"
        },
        {
            "shape_type": "polygon",
            "points": [
                [
                    369.1468302959808,
                    88.17907862507975
                ],
                [
                    414.904261822094,
                    184.52425336149676
                ],
                [
                    483.705914714656,
                    151.67301369207527
                ],
                [
                    437.0116998386229,
                    54.772187245794285
                ]
            ],
            "flags": {},
            "group_id": null,
            "label": "pickable_box"
        },
        {
            "shape_type": "polygon",
            "points": [
                [
                    256.20335551147707,
                    138.58628516551437
                ],
                [
                    363.7483126962503,
                    162.99455431988375
                ],
                [
                    389.0842052106457,
                    66.44944875366492
                ],
                [
                    271.6177944620852,
                    35.35650618759375
                ]
            ],
            "flags": {},
            "group_id": null,
            "label": "pickable_smartpac"
        },
        {
            "shape_type": "polygon",
            "points": [
                [
                    114.0334800476565,
                    127.66275011652054
                ],
                [
                    217.25236416782818,
                    190.32369432252912
                ],
                [
                    163.17511094894405,
                    280.8816342366922
                ],
                [
                    64.67725687169084,
                    211.78292179034028
                ]
            ],
            "flags": {},
            "group_id": null,
            "label": "pickable_smartpac"
        },
        {
            "shape_type": "polygon",
            "points": [
                [
                    99.21035379184443,
                    109.59157316090464
                ],
                [
                    149.8778583303167,
                    174.72283974378414
                ],
                [
                    242.3272369087275,
                    136.08507965441115
                ],
                [
                    145.96360054509117,
                    82.05910562843711
                ]
            ],
            "flags": {},
            "group_id": null,
            "label": "pickable_smartpac"
        },
        {
            "shape_type": "polygon",
            "points": [
                [
                    227.47928652812408,
                    135.42788452039827
                ],
                [
                    231.7373980848139,
                    254.6958393144194
                ],
                [
                    335.8146857260826,
                    253.69839126483865
                ],
                [
                    331.0753492331916,
                    136.8737467150756
                ]
            ],
            "flags": {},
            "group_id": null,
            "label": "pickable_smartpac"
        }
    ],
    "imagePath": "1616051144-641717-por1094.png",
    "flags": {},
    "imageWidth": 640,
    "imageHeight": 360
}