{
    "shapes": [
        {
            "shape_type": "polygon",
            "points": [
                [
                    350.93531468531467,
                    139.12237762237763
                ],
                [
                    348.5685953831115,
                    239.15621475298892
                ],
                [
                    461.91614714708555,
                    242.7552550089207
                ],
                [
                    463.4760897605956,
                    143.58170128991244
                ]
            ],
            "flags": {},
            "group_id": null,
            "label": "pickable_smartpac"
        }
    ],
    "imagePath": "1616050800-615044-por1094.png",
    "flags": {},
    "imageWidth": 640,
    "imageHeight": 360
}