{
    "shapes": [
        {
            "shape_type": "polygon",
            "points": [
                [
                    327.87249946730384,
                    188.23096548149917
                ],
                [
                    419.2362332928773,
                    263.64083107448374
                ],
                [
                    472.0184272515418,
                    187.17024283918963
                ],
                [
                    403.11511839799306,
                    116.00947837826523
                ]
            ],
            "flags": {},
            "group_id": null,
            "label": "pickable_smartpac"
        },
        {
            "shape_type": "polygon",
            "points": [
                [
                    258.49874612478766,
                    30.076997478217248
                ],
                [
                    367.57175016002725,
                    34.55959946837211
                ],
                [
                    358.8489774644449,
                    157.7791291833701
                ],
                [
                    244.01573378504742,
                    146.4020447293626
                ]
            ],
            "flags": {},
            "group_id": null,
            "label": "pickable_smartpac"
        }
    ],
    "imagePath": "1616051302-938478-por1094.png",
    "flags": {},
    "imageWidth": 640,
    "imageHeight": 360
}