{
    "shapes": [
        {
            "shape_type": "polygon",
            "points": [
                [
                    86.17826528310398,
                    94.73881494849236
                ],
                [
                    77.88492128594768,
                    210.49461340223803
                ],
                [
                    248.33946674049315,
                    225.57725803033722
                ],
                [
                    257.0171526909063,
                    115.04006794769258
                ]
            ],
            "flags": {},
            "group_id": null,
            "label": "pickable_flat"
        },
        {
            "shape_type": "polygon",
            "points": [
                [
                    248.54607831074108,
                    28.263208443560345
                ],
                [
                    244.20723533553448,
                    153.88304315430415
                ],
                [
                    400.4055824429725,
                    163.3871753857091
                ],
                [
                    423.752689880989,
                    58.63510927000662
                ]
            ],
            "flags": {},
            "group_id": null,
            "label": "pickable_flat"
        },
        {
            "shape_type": "polygon",
            "points": [
                [
                    475.0854698742983,
                    82.01947059337829
                ],
                [
                    470.6623929512214,
                    209.13485520876293
                ],
                [
                    384.1239314127599,
                    203.55793213183983
                ],
                [
                    396.0470083358368,
                    85.48100905491675
                ]
            ],
            "flags": {},
            "group_id": null,
            "label": "pickable_polybag"
        }
    ],
    "imagePath": "1616051392-929780-por1094.png",
    "flags": {},
    "imageWidth": 640,
    "imageHeight": 360
}