{
    "shapes": [
        {
            "shape_type": "polygon",
            "points": [
                [
                    159.98955137275686,
                    49.68558364712212
                ],
                [
                    77.96475798432712,
                    198.8591373661304
                ],
                [
                    188.9151712074676,
                    262.2888894322461
                ],
                [
                    256.477154678542,
                    125.92525306860973
                ]
            ],
            "flags": {},
            "group_id": null,
            "label": "pickable_smartpac"
        },
        {
            "shape_type": "polygon",
            "points": [
                [
                    248.1434413699071,
                    164.01103249294715
                ],
                [
                    214.5768059468743,
                    216.07517583808055
                ],
                [
                    291.3945100504428,
                    266.0078976967089
                ],
                [
                    325.48541914135194,
                    213.52855885373367
                ]
            ],
            "flags": {},
            "group_id": null,
            "label": "pickable_box"
        },
        {
            "shape_type": "polygon",
            "points": [
                [
                    439.7954355243256,
                    108.42147863006166
                ],
                [
                    306.21140016852394,
                    173.40821452381243
                ],
                [
                    366.12880483453534,
                    277.97595235463405
                ],
                [
                    488.73345494047777,
                    234.48842970340337
                ]
            ],
            "flags": {},
            "group_id": null,
            "label": "pickable_polybag"
        }
    ],
    "imagePath": "1616051351-541039-por1094.png",
    "flags": {},
    "imageWidth": 640,
    "imageHeight": 360
}