{
    "shapes": [
        {
            "shape_type": "polygon",
            "points": [
                [
                    119.40119702464612,
                    238.07876532070082
                ],
                [
                    232.23637260175718,
                    218.30096247838185
                ],
                [
                    237.07508227917654,
                    254.32246785472597
                ],
                [
                    128.4729317415422,
                    287.65580118805923
                ]
            ],
            "flags": {},
            "group_id": null,
            "label": "pickable_polybag"
        }
    ],
    "imagePath": "1616050877-136501-por1094.png",
    "flags": {},
    "imageWidth": 640,
    "imageHeight": 360
}