{
    "shapes": [
        {
            "shape_type": "polygon",
            "points": [
                [
                    84.1589983630926,
                    65.2709717908229
                ],
                [
                    73.4063101910496,
                    177.90538039297343
                ],
                [
                    159.42781556739368,
                    188.38925136071535
                ],
                [
                    168.02996610502808,
                    76.29247716716698
                ]
            ],
            "flags": {},
            "group_id": null,
            "label": "pickable_box"
        },
        {
            "shape_type": "polygon",
            "points": [
                [
                    172.0622241695442,
                    91.34624060802719
                ],
                [
                    162.11598761040443,
                    192.95914383383365
                ],
                [
                    311.04071879320014,
                    205.05591802738203
                ],
                [
                    318.5676005136302,
                    102.90538039297343
                ]
            ],
            "flags": {},
            "group_id": null,
            "label": "pickable_box"
        },
        {
            "shape_type": "polygon",
            "points": [
                [
                    311.7716572436158,
                    152.2857366638972
                ],
                [
                    342.61581308777176,
                    268.8441782223388
                ],
                [
                    476.3820468540055,
                    219.49352887168942
                ],
                [
                    470.21321568517436,
                    130.53248991065047
                ]
            ],
            "flags": {},
            "group_id": null,
            "label": "pickable_smartpac"
        }
    ],
    "imagePath": "1616051518-711074-por1094.png",
    "flags": {},
    "imageWidth": 640,
    "imageHeight": 360
}