{
    "shapes": [
        {
            "shape_type": "polygon",
            "points": [
                [
                    406.81637204437783,
                    46.434636233756464
                ],
                [
                    409.08909931710514,
                    137.9635618535912
                ],
                [
                    469.62628939974974,
                    135.48422301061598
                ],
                [
                    466.52711584603077,
                    45.401578382516796
                ]
            ],
            "flags": {},
            "group_id": null,
            "label": "pickable_box"
        },
        {
            "shape_type": "polygon",
            "points": [
                [
                    402.4775290691712,
                    135.0709998701201
                ],
                [
                    336.1552150195845,
                    209.4511651593763
                ],
                [
                    229.33703320140265,
                    120.19496681226886
                ],
                [
                    302.06430592867537,
                    40.64951226681431
                ]
            ],
            "flags": {},
            "group_id": null,
            "label": "pickable_polybag"
        }
    ],
    "imagePath": "1616051295-010703-por1094.png",
    "flags": {},
    "imageWidth": 640,
    "imageHeight": 360
}