{
    "shapes": [
        {
            "shape_type": "polygon",
            "points": [
                [
                    226.3769846778532,
                    262.89424016843367
                ],
                [
                    173.41999543054138,
                    158.86198210391757
                ],
                [
                    272.344726613337,
                    114.2383261899391
                ],
                [
                    331.2156943552725,
                    201.8727347920896
                ]
            ],
            "flags": {},
            "group_id": null,
            "label": "pickable_smartpac"
        },
        {
            "shape_type": "polygon",
            "points": [
                [
                    312.66730725849834,
                    134.66843371682083
                ],
                [
                    413.20494166710046,
                    84.39961651251974
                ],
                [
                    462.3984900541972,
                    198.10929393187456
                ],
                [
                    364.28021048430475,
                    248.10929393187456
                ]
            ],
            "flags": {},
            "group_id": null,
            "label": "pickable_smartpac"
        }
    ],
    "imagePath": "1616050567-055351-por1094.png",
    "flags": {},
    "imageWidth": 640,
    "imageHeight": 360
}