{
    "shapes": [
        {
            "shape_type": "polygon",
            "points": [
                [
                    145.6765949855844,
                    28.417055649065585
                ],
                [
                    145.84543884944293,
                    125.14681660170045
                ],
                [
                    284.6884140560545,
                    123.28731246946904
                ],
                [
                    281.79585207258344,
                    27.419543874427706
                ]
            ],
            "flags": {},
            "group_id": null,
            "label": "pickable_box"
        },
        {
            "shape_type": "polygon",
            "points": [
                [
                    360.69555317649383,
                    130.4106186044914
                ],
                [
                    442.92632240726317,
                    78.37215706602986
                ],
                [
                    490.00324548418615,
                    189.98754168141446
                ],
                [
                    412.1186300995708,
                    242.29523398910678
                ]
            ],
            "flags": {},
            "group_id": null,
            "label": "pickable_smartpac"
        },
        {
            "shape_type": "polygon",
            "points": [
                [
                    280.6194316236281,
                    203.14961216906636
                ],
                [
                    304.5094950485753,
                    95.75003500204733
                ],
                [
                    389.2875077335648,
                    144.37582781388664
                ],
                [
                    379.3509326807106,
                    217.52593352213188
                ]
            ],
            "flags": {},
            "group_id": null,
            "label": "pickable_polybag"
        }
    ],
    "imagePath": "1616050694-026335-por1094.png",
    "flags": {},
    "imageWidth": 640,
    "imageHeight": 360
}