{
    "shapes": [
        {
            "shape_type": "polygon",
            "points": [
                [
                    81.1532662953258,
                    41.3574502420656
                ],
                [
                    165.42190576924386,
                    33.463999606679494
                ],
                [
                    190.21529419899596,
                    127.8854872099853
                ],
                [
                    92.9012446122191,
                    153.71193349097703
                ]
            ],
            "flags": {},
            "group_id": null,
            "label": "pickable_smartpac"
        },
        {
            "shape_type": "polygon",
            "points": [
                [
                    172.29360106276522,
                    149.00540796631924
                ],
                [
                    195.8971695315411,
                    282.76741254877913
                ],
                [
                    301.3766215863356,
                    251.53453583645037
                ],
                [
                    287.4040188466096,
                    135.09617967206682
                ]
            ],
            "flags": {},
            "group_id": null,
            "label": "pickable_smartpac"
        },
        {
            "shape_type": "polygon",
            "points": [
                [
                    224.39032021647262,
                    37.83590569946408
                ],
                [
                    232.64698928640772,
                    131.00101024164144
                ],
                [
                    346.7522524443025,
                    125.10627339953618
                ],
                [
                    338.12067349693405,
                    30.369431294273024
                ]
            ],
            "flags": {},
            "group_id": null,
            "label": "pickable_smartpac"
        },
        {
            "shape_type": "polygon",
            "points": [
                [
                    363.1733050758814,
                    36.053641820588815
                ],
                [
                    463.59435770746035,
                    46.15890497848355
                ],
                [
                    460.1319921160625,
                    161.10627339953612
                ],
                [
                    350.12067349693405,
                    156.47469445216777
                ]
            ],
            "flags": {},
            "group_id": null,
            "label": "pickable_polybag"
        },
        {
            "shape_type": "polygon",
            "points": [
                [
                    405.1941680441128,
                    160.39882911314453
                ],
                [
                    403.8610912568336,
                    265.69492835786116
                ],
                [
                    479.4901934759387,
                    263.9557018048306
                ],
                [
                    477.04048734919587,
                    160.36633155501923
                ]
            ],
            "flags": {},
            "group_id": null,
            "label": "pickable_box"
        }
    ],
    "imagePath": "1616050951-126647-por1094.png",
    "flags": {},
    "imageWidth": 640,
    "imageHeight": 360
}