{
    "shapes": [
        {
            "shape_type": "polygon",
            "points": [
                [
                    374.187522155264,
                    103.00846857856783
                ],
                [
                    479.87982984757167,
                    119.47000704010627
                ],
                [
                    467.187522155264,
                    196.77769934779857
                ],
                [
                    361.8029067706486,
                    179.47000704010625
                ]
            ],
            "flags": {},
            "group_id": null,
            "label": "pickable_box"
        },
        {
            "shape_type": "polygon",
            "points": [
                [
                    255.30955558900368,
                    0.2557544757033248
                ],
                [
                    392.68028142490255,
                    50.03087884409163
                ],
                [
                    350.07620314528157,
                    183.4401822505846
                ],
                [
                    206.7846110164801,
                    134.78186382482437
                ]
            ],
            "flags": {},
            "group_id": null,
            "label": "pickable_polybag"
        },
        {
            "shape_type": "polygon",
            "points": [
                [
                    55.55337403309971,
                    34.18548104683858
                ],
                [
                    195.31715356065877,
                    31.035874747625982
                ],
                [
                    201.61636615908395,
                    124.73666214920078
                ],
                [
                    61.18926045638771,
                    146.94735172209508
                ]
            ],
            "flags": {},
            "group_id": null,
            "label": "pickable_flat"
        },
        {
            "shape_type": "polygon",
            "points": [
                [
                    368.57184694696235,
                    211.30357913440625
                ],
                [
                    490.2995956380619,
                    164.96850060037482
                ],
                [
                    466.215826004554,
                    266.27740112393514
                ],
                [
                    319.3571872610985,
                    282.2459875113696
                ]
            ],
            "flags": {},
            "group_id": null,
            "label": "pickable_smartpac"
        }
    ],
    "imagePath": "1616051005-783780-por1094.png",
    "flags": {},
    "imageWidth": 640,
    "imageHeight": 360
}