{
    "shapes": [
        {
            "shape_type": "polygon",
            "points": [
                [
                    152.3291788856305,
                    72.12587754376611
                ],
                [
                    241.18548387096774,
                    22.930107526881724
                ],
                [
                    278.5510752688172,
                    96.85483870967742
                ],
                [
                    207.85215053763437,
                    167.5537634408602
                ]
            ],
            "flags": {},
            "group_id": null,
            "label": "pickable_smartpac"
        },
        {
            "shape_type": "polygon",
            "points": [
                [
                    13.116157979174007,
                    91.45521194348176
                ],
                [
                    129.28740120320307,
                    183.81947036345866
                ],
                [
                    203.6231338967071,
                    107.37096774193547
                ],
                [
                    77.63006538164444,
                    7.599795610059539
                ]
            ],
            "flags": {},
            "group_id": null,
            "label": "pickable_smartpac"
        },
        {
            "shape_type": "polygon",
            "points": [
                [
                    305.1787285193479,
                    267.0069774128749
                ],
                [
                    369.2171900578094,
                    168.73774664364402
                ],
                [
                    274.7941131347324,
                    100.85313125902863
                ],
                [
                    204.21719005780935,
                    195.46851587441324
                ]
            ],
            "flags": {},
            "group_id": null,
            "label": "pickable_polybag"
        },
        {
            "shape_type": "polygon",
            "points": [
                [
                    339.7941131347322,
                    32.39159279749016
                ],
                [
                    344.7941131347324,
                    141.81466972056708
                ],
                [
                    472.87103621165545,
                    134.1223620282594
                ],
                [
                    458.25565159627087,
                    30.853131259028626
                ]
            ],
            "flags": {},
            "group_id": null,
            "label": "pickable_smartpac"
        }
    ],
    "imagePath": "1616050980-588618-por1094.png",
    "flags": {},
    "imageWidth": 640,
    "imageHeight": 360
}