{
    "shapes": [
        {
            "shape_type": "polygon",
            "points": [
                [
                    214.04912138365452,
                    216.24687592822968
                ],
                [
                    291.6746321642455,
                    265.58006911169025
                ],
                [
                    325.53790720399115,
                    213.43380520072049
                ],
                [
                    247.9544413852312,
                    163.19533143283496
                ]
            ],
            "flags": {},
            "group_id": null,
            "label": "pickable_box"
        },
        {
            "shape_type": "polygon",
            "points": [
                [
                    335.2846806838875,
                    121.13442020732398
                ],
                [
                    369.8276326908499,
                    226.09694088593233
                ],
                [
                    473.87294013421564,
                    185.96749104774463
                ],
                [
                    448.46840938987907,
                    77.06781467234009
                ]
            ],
            "flags": {},
            "group_id": null,
            "label": "pickable_smartpac"
        },
        {
            "shape_type": "polygon",
            "points": [
                [
                    77.06301866624621,
                    198.46514556452289
                ],
                [
                    160.90702980830747,
                    49.997178990706715
                ],
                [
                    261.1855813403409,
                    119.9136135310967
                ],
                [
                    186.81232228741612,
                    263.92475559237806
                ]
            ],
            "flags": {},
            "group_id": null,
            "label": "pickable_smartpac"
        }
    ],
    "imagePath": "1616051353-407138-por1094.png",
    "flags": {},
    "imageWidth": 640,
    "imageHeight": 360
}