{
    "shapes": [
        {
            "shape_type": "polygon",
            "points": [
                [
                    156.4971577599032,
                    146.30600728694574
                ],
                [
                    199.6789759417213,
                    262.42170976628455
                ],
                [
                    308.9764966028783,
                    226.4712965431441
                ],
                [
                    265.3814552805643,
                    110.35559406380524
                ]
            ],
            "flags": {},
            "group_id": null,
            "label": "pickable_smartpac"
        },
        {
            "shape_type": "polygon",
            "points": [
                [
                    306.2905461896552,
                    163.4547676175243
                ],
                [
                    306.70376933015103,
                    259.73575935306144
                ],
                [
                    449.67897594172126,
                    258.08286679107795
                ],
                [
                    442.44757098304353,
                    148.578734559673
                ]
            ],
            "flags": {},
            "group_id": null,
            "label": "pickable_polybag"
        }
    ],
    "imagePath": "1616051462-528063-por1094.png",
    "flags": {},
    "imageWidth": 640,
    "imageHeight": 360
}