{
    "shapes": [
        {
            "shape_type": "polygon",
            "points": [
                [
                    158.40633457399088,
                    134.49826938464957
                ],
                [
                    267.3093552417174,
                    161.04834887590556
                ],
                [
                    288.1360643037206,
                    81.87505793790874
                ],
                [
                    177.80220102868086,
                    53.57617081549221
                ]
            ],
            "flags": {},
            "group_id": null,
            "label": "pickable_box"
        },
        {
            "shape_type": "polygon",
            "points": [
                [
                    353.00092916858546,
                    170.58729959132685
                ],
                [
                    364.7656350509384,
                    252.62227574395007
                ],
                [
                    474.6225507902071,
                    231.47760165809953
                ],
                [
                    462.06293234823573,
                    150.07855555317107
                ]
            ],
            "flags": {},
            "group_id": null,
            "label": "pickable_box"
        }
    ],
    "imagePath": "1616050716-360008-por1094.png",
    "flags": {},
    "imageWidth": 640,
    "imageHeight": 360
}