{
    "shapes": [
        {
            "shape_type": "polygon",
            "points": [
                [
                    241.50909987448446,
                    51.16824573276187
                ],
                [
                    256.8983294132742,
                    155.4204451462516
                ],
                [
                    331.8983294132742,
                    146.74275919583843
                ],
                [
                    313.509899661208,
                    41.78408150988797
                ]
            ],
            "flags": {},
            "group_id": null,
            "label": "pickable_box"
        },
        {
            "shape_type": "polygon",
            "points": [
                [
                    316.1958500744311,
                    43.023750931375574
                ],
                [
                    329.62560214054685,
                    138.06507324542508
                ],
                [
                    390.9892385041832,
                    128.56094101402022
                ],
                [
                    376.7330401570758,
                    34.346064980962346
                ]
            ],
            "flags": {},
            "group_id": null,
            "label": "pickable_box"
        },
        {
            "shape_type": "polygon",
            "points": [
                [
                    363.9453732784996,
                    16.947781446315172
                ],
                [
                    471.69388578637063,
                    16.990036127607294
                ],
                [
                    460.88307497555985,
                    99.16870801216155
                ],
                [
                    388.2280670264342,
                    106.33820782872019
                ]
            ],
            "flags": {},
            "group_id": null,
            "label": "pickable_smartpac"
        },
        {
            "shape_type": "polygon",
            "points": [
                [
                    134.77045044370328,
                    156.98484943930947
                ],
                [
                    223.62554883368546,
                    91.56445587938101
                ],
                [
                    286.45202468341716,
                    181.00989416202864
                ],
                [
                    217.7579280823438,
                    224.48037716739537
                ]
            ],
            "flags": {},
            "group_id": null,
            "label": "pickable_polybag"
        },
        {
            "shape_type": "polygon",
            "points": [
                [
                    190.53439333798644,
                    215.89186496435357
                ],
                [
                    209.7568555410102,
                    265.78387360366247
                ],
                [
                    316.6683026252434,
                    262.7601155043104
                ],
                [
                    318.39616439630174,
                    204.87674617385682
                ]
            ],
            "flags": {},
            "group_id": null,
            "label": "pickable_smartpac"
        }
    ],
    "imagePath": "1616050904-939579-por1094.png",
    "flags": {},
    "imageWidth": 640,
    "imageHeight": 360
}