{
    "shapes": [
        {
            "shape_type": "polygon",
            "points": [
                [
                    124.18393187798783,
                    120.87447428384387
                ],
                [
                    224.02494936606413,
                    139.4754281789154
                ],
                [
                    211.3063484121691,
                    211.01755854457517
                ],
                [
                    110.98838338832175,
                    192.1781308816181
                ]
            ],
            "flags": {},
            "group_id": null,
            "label": "pickable_box"
        },
        {
            "shape_type": "polygon",
            "points": [
                [
                    261.4154991977905,
                    152.66865387214108
                ],
                [
                    269.27913556142687,
                    260.47709543058266
                ],
                [
                    379.0973173796087,
                    258.05826426175156
                ],
                [
                    358.24342127571265,
                    127.34722530071247
                ]
            ],
            "flags": {},
            "group_id": null,
            "label": "pickable_polybag"
        }
    ],
    "imagePath": "1616051359-201829-por1094.png",
    "flags": {},
    "imageWidth": 640,
    "imageHeight": 360
}