{
    "shapes": [
        {
            "shape_type": "polygon",
            "points": [
                [
                    191.86807423345883,
                    26.971221086605702
                ],
                [
                    105.50443786982245,
                    137.4607315761162
                ],
                [
                    197.11282947821408,
                    206.34185045723507
                ],
                [
                    283.1268154922001,
                    94.45373856912319
                ]
            ],
            "flags": {},
            "group_id": null,
            "label": "pickable_box"
        },
        {
            "shape_type": "polygon",
            "points": [
                [
                    287.3226196880043,
                    84.31387842926301
                ],
                [
                    227.88206024744483,
                    195.50268961807424
                ],
                [
                    329.6303119956966,
                    247.60059171597635
                ],
                [
                    392.2177245831092,
                    137.81038192576654
                ]
            ],
            "flags": {},
            "group_id": null,
            "label": "pickable_smartpac"
        },
        {
            "shape_type": "polygon",
            "points": [
                [
                    409.6198224852071,
                    151.11457772996232
                ],
                [
                    480.77366863905326,
                    196.11457772996235
                ],
                [
                    443.85059171597635,
                    276.88380849919326
                ],
                [
                    347.3121301775147,
                    237.6530392684239
                ]
            ],
            "flags": {},
            "group_id": null,
            "label": "pickable_polybag"
        }
    ],
    "imagePath": "1616051327-073041-por1094.png",
    "flags": {},
    "imageWidth": 640,
    "imageHeight": 360
}