{
    "shapes": [
        {
            "shape_type": "polygon",
            "points": [
                [
                    191.53650505821716,
                    27.17322008016798
                ],
                [
                    106.62526245466687,
                    137.5282496659668
                ],
                [
                    197.15780683336507,
                    207.05487688490172
                ],
                [
                    282.66076541324674,
                    94.92469937010881
                ]
            ],
            "flags": {},
            "group_id": null,
            "label": "pickable_box"
        },
        {
            "shape_type": "polygon",
            "points": [
                [
                    292.6284418564888,
                    43.16857942729464
                ],
                [
                    292.9843137426098,
                    165.58850825291742
                ],
                [
                    405.79570164296564,
                    167.0119957974014
                ],
                [
                    424.30103972125744,
                    42.81270754117364
                ]
            ],
            "flags": {},
            "group_id": null,
            "label": "pickable_smartpac"
        },
        {
            "shape_type": "polygon",
            "points": [
                [
                    404.01634221236066,
                    149.21840149135167
                ],
                [
                    479.4611820700119,
                    193.34651537035515
                ],
                [
                    449.5679436358482,
                    267.3678676835225
                ],
                [
                    350.27968740809035,
                    244.94793885789963
                ]
            ],
            "flags": {},
            "group_id": null,
            "label": "pickable_polybag"
        }
    ],
    "imagePath": "1616051325-402570-por1094.png",
    "flags": {},
    "imageWidth": 640,
    "imageHeight": 360
}