{
    "shapes": [
        {
            "shape_type": "polygon",
            "points": [
                [
                    422.77422680710515,
                    155.344609484808
                ],
                [
                    372.2710319968417,
                    272.9372548159386
                ],
                [
                    466.18977288051474,
                    253.21425554542816
                ],
                [
                    495.1838557207514,
                    173.33259874069444
                ]
            ],
            "flags": {},
            "group_id": null,
            "label": "pickable_polybag"
        },
        {
            "shape_type": "polygon",
            "points": [
                [
                    375.0482568671677,
                    25.945873839850126
                ],
                [
                    358.60748282802484,
                    151.15477033122858
                ],
                [
                    239.70043927703765,
                    159.68133364561268
                ],
                [
                    259.64928838189695,
                    30.013814464027003
                ]
            ],
            "flags": {},
            "group_id": null,
            "label": "pickable_polybag"
        },
        {
            "shape_type": "polygon",
            "points": [
                [
                    152.65343993351564,
                    27.767474563672593
                ],
                [
                    253.57793916309961,
                    39.94004775319493
                ],
                [
                    244.02478045739852,
                    109.1234067670624
                ],
                [
                    140.9431163587853,
                    97.56716639726272
                ]
            ],
            "flags": {},
            "group_id": null,
            "label": "pickable_box"
        }
    ],
    "imagePath": "1616051047-584014-por1094.png",
    "flags": {},
    "imageWidth": 640,
    "imageHeight": 360
}