{
    "shapes": [
        {
            "shape_type": "polygon",
            "points": [
                [
                    192.91687857596943,
                    54.243801652892564
                ],
                [
                    239.8294967495847,
                    158.31929605096764
                ],
                [
                    88.79643889834503,
                    231.04656877824038
                ],
                [
                    39.41627360908883,
                    128.56722993526515
                ]
            ],
            "flags": {},
            "group_id": null,
            "label": "pickable_flat"
        },
        {
            "shape_type": "polygon",
            "points": [
                [
                    237.1892526726878,
                    134.67567921517588
                ],
                [
                    239.65079113422624,
                    255.5410638305605
                ],
                [
                    402.53540651884157,
                    260.9256792151759
                ],
                [
                    402.15079113422615,
                    138.04106383056052
                ]
            ],
            "flags": {},
            "group_id": null,
            "label": "pickable_smartpac"
        }
    ],
    "imagePath": "1616051396-265876-por1094.png",
    "flags": {},
    "imageWidth": 640,
    "imageHeight": 360
}