{
    "shapes": [
        {
            "shape_type": "polygon",
            "points": [
                [
                    159.98955137275686,
                    49.68558364712212
                ],
                [
                    77.96475798432712,
                    198.8591373661304
                ],
                [
                    188.9151712074676,
                    262.2888894322461
                ],
                [
                    256.477154678542,
                    125.92525306860973
                ]
            ],
            "flags": {},
            "group_id": null,
            "label": "pickable_smartpac"
        },
        {
            "shape_type": "polygon",
            "points": [
                [
                    248.4193034388726,
                    163.73517042398163
                ],
                [
                    215.1548406289552,
                    214.1483935644775
                ],
                [
                    291.3945100504428,
                    266.0078976967089
                ],
                [
                    325.48541914135194,
                    213.52855885373367
                ]
            ],
            "flags": {},
            "group_id": null,
            "label": "pickable_box"
        },
        {
            "shape_type": "polygon",
            "points": [
                [
                    218.71254450219055,
                    73.94604173829018
                ],
                [
                    294.9069067446577,
                    194.31368282067587
                ],
                [
                    389.12178277771557,
                    135.84260844051056
                ],
                [
                    315.98128690994696,
                    18.074013399188242
                ]
            ],
            "flags": {},
            "group_id": null,
            "label": "pickable_box"
        },
        {
            "shape_type": "polygon",
            "points": [
                [
                    437.2897407635056,
                    110.24380209247623
                ],
                [
                    315.09522704779494,
                    182.0642509702817
                ],
                [
                    370.45682305776995,
                    279.5704853842468
                ],
                [
                    497.38949138694704,
                    232.43831580818696
                ]
            ],
            "flags": {},
            "group_id": null,
            "label": "pickable_polybag"
        }
    ],
    "imagePath": "1616051350-005046-por1094.png",
    "flags": {},
    "imageWidth": 640,
    "imageHeight": 360
}