{
    "shapes": [
        {
            "shape_type": "polygon",
            "points": [
                [
                    242.66067286724854,
                    229.23362948052772
                ],
                [
                    333.6230828912422,
                    259.496670447381
                ],
                [
                    353.8710167755397,
                    205.98427375316612
                ],
                [
                    262.9619258664488,
                    172.9264225134967
                ]
            ],
            "flags": {},
            "group_id": null,
            "label": "pickable_box"
        },
        {
            "shape_type": "polygon",
            "points": [
                [
                    355.63773749249054,
                    133.64934631006838
                ],
                [
                    359.88773749249054,
                    257.8993463100684
                ],
                [
                    462.88773749249054,
                    256.8993463100684
                ],
                [
                    459.38773749249054,
                    134.14934631006838
                ]
            ],
            "flags": {},
            "group_id": null,
            "label": "pickable_smartpac"
        },
        {
            "shape_type": "polygon",
            "points": [
                [
                    272.24757253871286,
                    133.87232383101423
                ],
                [
                    250.387107422434,
                    220.84906801706077
                ],
                [
                    90.387107422434,
                    215.26767266822353
                ],
                [
                    110.85222370150377,
                    110.1513935984561
                ]
            ],
            "flags": {},
            "group_id": null,
            "label": "pickable_smartpac"
        }
    ],
    "imagePath": "1616051514-639625-por1094.png",
    "flags": {},
    "imageWidth": 640,
    "imageHeight": 360
}