{
    "shapes": [
        {
            "shape_type": "polygon",
            "points": [
                [
                    355.4978328135448,
                    162.44591737641395
                ],
                [
                    362.75855888615206,
                    251.22479526420267
                ],
                [
                    483.2206050907725,
                    250.564729257602
                ],
                [
                    465.3988229125547,
                    145.61423420809714
                ]
            ],
            "flags": {},
            "group_id": null,
            "label": "pickable_polybag"
        },
        {
            "shape_type": "polygon",
            "points": [
                [
                    8.821947283485743,
                    86.6681313807774
                ],
                [
                    113.52799415277792,
                    238.78125773192988
                ],
                [
                    210.15632953292751,
                    176.55897348497217
                ],
                [
                    97.47909385133771,
                    17.443198113754136
                ]
            ],
            "flags": {},
            "group_id": null,
            "label": "pickable_polybag"
        }
    ],
    "imagePath": "1616050879-941957-por1094.png",
    "flags": {},
    "imageWidth": 640,
    "imageHeight": 360
}