{
    "shapes": [
        {
            "shape_type": "polygon",
            "points": [
                [
                    190.9562937062937,
                    27.152501344809043
                ],
                [
                    106.69055944055943,
                    137.2923614846692
                ],
                [
                    196.5506993006993,
                    207.57208176438948
                ],
                [
                    282.56468531468533,
                    94.28536847767619
                ]
            ],
            "flags": {},
            "group_id": null,
            "label": "pickable_box"
        },
        {
            "shape_type": "polygon",
            "points": [
                [
                    287.3793706293706,
                    84.2224314147391
                ],
                [
                    228.14860139860136,
                    195.76089295320068
                ],
                [
                    329.3024475524475,
                    248.45320064550836
                ],
                [
                    392.76398601398597,
                    138.83781603012375
                ]
            ],
            "flags": {},
            "group_id": null,
            "label": "pickable_smartpac"
        }
    ],
    "imagePath": "1616051328-939165-por1094.png",
    "flags": {},
    "imageWidth": 640,
    "imageHeight": 360
}