{
    "shapes": [
        {
            "shape_type": "polygon",
            "points": [
                [
                    416.84210406990076,
                    243.71332026676103
                ],
                [
                    416.9903656219055,
                    261.12310066502357
                ],
                [
                    462.8577804732777,
                    247.69976457611767
                ],
                [
                    462.97357325569595,
                    232.05002815003374
                ]
            ],
            "flags": {},
            "group_id": null,
            "label": "pickable_polybag"
        },
        {
            "shape_type": "polygon",
            "points": [
                [
                    405.10900071858345,
                    134.24510484511353
                ],
                [
                    429.0653374903954,
                    133.32265058690214
                ],
                [
                    424.95015704796833,
                    220.7175978421597
                ],
                [
                    396.74766091143675,
                    222.46427189980943
                ]
            ],
            "flags": {},
            "group_id": null,
            "label": "pickable_polybag"
        },
        {
            "shape_type": "polygon",
            "points": [
                [
                    420.28149266844014,
                    123.16542376385887
                ],
                [
                    437.10869938502736,
                    122.85739108856957
                ],
                [
                    433.9534917607932,
                    22.011577610012726
                ],
                [
                    415.95939146580804,
                    21.4216071085378
                ]
            ],
            "flags": {},
            "group_id": null,
            "label": "pickable_polybag"
        },
        {
            "shape_type": "polygon",
            "points": [
                [
                    393.86371563243887,
                    252.81423888540965
                ],
                [
                    409.56619497128185,
                    262.31837111681466
                ],
                [
                    462.44266161780195,
                    184.93429039048786
                ],
                [
                    449.2356164588851,
                    175.1282884721865
                ]
            ],
            "flags": {},
            "group_id": null,
            "label": "pickable_polybag"
        }
    ],
    "imagePath": "1616050668-826470-por1094.png",
    "flags": {},
    "imageWidth": 640,
    "imageHeight": 360
}