{
    "shapes": [
        {
            "shape_type": "polygon",
            "points": [
                [
                    346.0798299848571,
                    109.9871455975077
                ],
                [
                    364.8397663918523,
                    191.06822667858876
                ],
                [
                    472.94787449996045,
                    162.92832206809592
                ],
                [
                    453.86997306911786,
                    84.39096117779387
                ]
            ],
            "flags": {},
            "group_id": null,
            "label": "pickable_box"
        },
        {
            "shape_type": "polygon",
            "points": [
                [
                    210.99202827940837,
                    93.52306119224683
                ],
                [
                    337.8102100975902,
                    78.52306119224683
                ],
                [
                    366.4465737339538,
                    247.84124301042863
                ],
                [
                    237.12839191577203,
                    263.5230611922468
                ]
            ],
            "flags": {},
            "group_id": null,
            "label": "pickable_flat"
        },
        {
            "shape_type": "polygon",
            "points": [
                [
                    65.025213941012,
                    31.626540012479246
                ],
                [
                    193.66599064004112,
                    66.73980862089348
                ],
                [
                    155.96372526787283,
                    179.0375432487252
                ],
                [
                    45.2841136173874,
                    126.44854648497116
                ]
            ],
            "flags": {},
            "group_id": null,
            "label": "pickable_smartpac"
        }
    ],
    "imagePath": "1616050719-421868-por1094.png",
    "flags": {},
    "imageWidth": 640,
    "imageHeight": 360
}