{
    "shapes": [
        {
            "shape_type": "polygon",
            "points": [
                [
                    141.61579819180903,
                    129.50208768286424
                ],
                [
                    274.45173369291615,
                    151.5635531504018
                ],
                [
                    264.11787041787636,
                    262.37436396121257
                ],
                [
                    129.30070030658862,
                    248.06593788808064
                ]
            ],
            "flags": {},
            "group_id": null,
            "label": "pickable_smartpac"
        },
        {
            "shape_type": "polygon",
            "points": [
                [
                    337.8857559504678,
                    176.52380752242087
                ],
                [
                    360.7792376674789,
                    258.081836139273
                ],
                [
                    460.3022901317079,
                    232.80361674340656
                ],
                [
                    441.86031874856,
                    152.517448221944
                ]
            ],
            "flags": {},
            "group_id": null,
            "label": "pickable_flat"
        },
        {
            "shape_type": "polygon",
            "points": [
                [
                    321.0115026508751,
                    86.00749064863793
                ],
                [
                    298.7760580172405,
                    147.74797286423328
                ],
                [
                    171.43106596636605,
                    101.32507938251624
                ],
                [
                    193.5627956772813,
                    40.20947369677482
                ]
            ],
            "flags": {},
            "group_id": null,
            "label": "pickable_box"
        }
    ],
    "imagePath": "1616051166-159548-por1094.png",
    "flags": {},
    "imageWidth": 640,
    "imageHeight": 360
}