{
    "shapes": [
        {
            "shape_type": "polygon",
            "points": [
                [
                    52.79036192942965,
                    92.8180311145336
                ],
                [
                    67.81783445690218,
                    175.29055858706107
                ],
                [
                    199.4689333580011,
                    178.3400091365116
                ],
                [
                    170.68321907228673,
                    52.35374540024787
                ]
            ],
            "flags": {},
            "group_id": null,
            "label": "pickable_polybag"
        },
        {
            "shape_type": "polygon",
            "points": [
                [
                    278.1769296760837,
                    187.1133775240475
                ],
                [
                    319.141561329865,
                    89.72823578406707
                ],
                [
                    423.6870158753195,
                    131.46377297414972
                ],
                [
                    383.39775967697244,
                    229.81088041216626
                ]
            ],
            "flags": {},
            "group_id": null,
            "label": "pickable_smartpac"
        }
    ],
    "imagePath": "1616051268-877536-por1094.png",
    "flags": {},
    "imageWidth": 640,
    "imageHeight": 360
}