{
    "shapes": [
        {
            "shape_type": "polygon",
            "points": [
                [
                    338.1998752995256,
                    47.592522861753636
                ],
                [
                    409.6874786053108,
                    196.35285344026605
                ],
                [
                    499.9767348036579,
                    150.2784732749768
                ],
                [
                    448.53045381192237,
                    6.8900435229106645
                ]
            ],
            "flags": {},
            "group_id": null,
            "label": "pickable_smartpac"
        },
        {
            "shape_type": "polygon",
            "points": [
                [
                    257.81474087123814,
                    29.77406500600849
                ],
                [
                    244.1682911670961,
                    145.9308697397363
                ],
                [
                    359.70083554579435,
                    158.94862121902625
                ],
                [
                    364.1387053682796,
                    34.392408201274755
                ]
            ],
            "flags": {},
            "group_id": null,
            "label": "pickable_smartpac"
        }
    ],
    "imagePath": "1616051301-412261-por1094.png",
    "flags": {},
    "imageWidth": 640,
    "imageHeight": 360
}