{
    "shapes": [
        {
            "shape_type": "polygon",
            "points": [
                [
                    28.84270453585814,
                    37.6868871785407
                ],
                [
                    35.86749792428789,
                    179.21581279837537
                ],
                [
                    128.42948139536227,
                    137.6868871785407
                ],
                [
                    109.21460536230443,
                    23.430688831433258
                ]
            ],
            "flags": {},
            "group_id": null,
            "label": "pickable_flat"
        },
        {
            "shape_type": "polygon",
            "points": [
                [
                    242.99903945034987,
                    159.38841774433905
                ],
                [
                    259.79736699692916,
                    261.18187952731125
                ],
                [
                    379.82646377427784,
                    247.30711792527697
                ],
                [
                    375.036498494802,
                    141.75183404831472
                ]
            ],
            "flags": {},
            "group_id": null,
            "label": "pickable_smartpac"
        }
    ],
    "imagePath": "1616051379-197978-por1094.png",
    "flags": {},
    "imageWidth": 640,
    "imageHeight": 360
}