{
    "shapes": [
        {
            "shape_type": "polygon",
            "points": [
                [
                    408.99186029024736,
                    64.05726572848162
                ],
                [
                    462.7553011504624,
                    164.3260829327827
                ],
                [
                    337.7553011504624,
                    259.21855605106225
                ],
                [
                    258.72304308594624,
                    176.69167433063217
                ]
            ],
            "flags": {},
            "group_id": null,
            "label": "pickable_flat"
        },
        {
            "shape_type": "polygon",
            "points": [
                [
                    209.26067749454842,
                    118.6271582015999
                ],
                [
                    285.60476351605377,
                    191.7454377714924
                ],
                [
                    217.05637641927962,
                    268.6271582015999
                ],
                [
                    141.0790385640334,
                    207.23890465899666
                ]
            ],
            "flags": {},
            "group_id": null,
            "label": "pickable_polybag"
        }
    ],
    "imagePath": "1616050891-934723-por1094.png",
    "flags": {},
    "imageWidth": 640,
    "imageHeight": 360
}