{
    "shapes": [
        {
            "shape_type": "polygon",
            "points": [
                [
                    66.33490701009379,
                    98.92063273489343
                ],
                [
                    108.51116080399463,
                    203.98567103522586
                ],
                [
                    222.72781060887974,
                    157.56277755350882
                ],
                [
                    178.89452545206518,
                    52.17977422932904
                ]
            ],
            "flags": {},
            "group_id": null,
            "label": "pickable_smartpac"
        },
        {
            "shape_type": "polygon",
            "points": [
                [
                    310.08002913756883,
                    111.70354934133942
                ],
                [
                    288.9524067599465,
                    231.3853675231577
                ],
                [
                    402.9598032096506,
                    250.5909888249328
                ],
                [
                    420.7649838528511,
                    131.34849586021247
                ]
            ],
            "flags": {},
            "group_id": null,
            "label": "pickable_smartpac"
        }
    ],
    "imagePath": "1616051199-297760-por1094.png",
    "flags": {},
    "imageWidth": 640,
    "imageHeight": 360
}