{
    "shapes": [
        {
            "shape_type": "polygon",
            "points": [
                [
                    334.00562072336265,
                    165.3003551452683
                ],
                [
                    446.102394916911,
                    258.5799250377414
                ],
                [
                    515.9948680351906,
                    291.3756239624726
                ],
                [
                    443.95185728250243,
                    224.70895729580593
                ]
            ],
            "flags": {},
            "group_id": null,
            "label": "pickable_smartpac"
        },
        {
            "shape_type": "polygon",
            "points": [
                [
                    220.93046758865614,
                    159.64917836505919
                ],
                [
                    225.73094803027905,
                    269.73812096915856
                ],
                [
                    120.46949523351871,
                    272.3919638781268
                ],
                [
                    126.84762735196973,
                    177.85893426537052
                ]
            ],
            "flags": {},
            "group_id": null,
            "label": "pickable_polybag"
        }
    ],
    "imagePath": "1616051338-605517-por1094.png",
    "flags": {},
    "imageWidth": 640,
    "imageHeight": 360
}