{
    "shapes": [
        {
            "shape_type": "polygon",
            "points": [
                [
                    316.0312572043341,
                    156.4287251210328
                ],
                [
                    308.64368323983706,
                    263.07073695535234
                ],
                [
                    419.6939790978252,
                    259.9287251210328
                ],
                [
                    415.2146891569969,
                    155.65357719203874
                ]
            ],
            "flags": {},
            "group_id": null,
            "label": "pickable_smartpac"
        },
        {
            "shape_type": "polygon",
            "points": [
                [
                    196.83399795595508,
                    160.59944048162154
                ],
                [
                    158.84698496894208,
                    242.0929469751281
                ],
                [
                    233.19763431959143,
                    273.2617781439593
                ],
                [
                    265.98984211179925,
                    189.49554437772548
                ]
            ],
            "flags": {},
            "group_id": null,
            "label": "pickable_polybag"
        }
    ],
    "imagePath": "1616051180-164118-por1094.png",
    "flags": {},
    "imageWidth": 640,
    "imageHeight": 360
}