{
    "shapes": [
        {
            "shape_type": "polygon",
            "points": [
                [
                    363.20980156423883,
                    148.36447817450593
                ],
                [
                    462.2559064926967,
                    146.29770551949795
                ],
                [
                    464.32267914770466,
                    252.33904097259813
                ],
                [
                    366.2304692907889,
                    264.2627293668748
                ]
            ],
            "flags": {},
            "group_id": null,
            "label": "pickable_smartpac"
        },
        {
            "shape_type": "polygon",
            "points": [
                [
                    197.33009827728753,
                    169.14930661016794
                ],
                [
                    214.32038953942345,
                    244.39202505676988
                ],
                [
                    316.9093863031775,
                    256.0425104936631
                ],
                [
                    300.0809073387762,
                    138.89040693379255
                ]
            ],
            "flags": {},
            "group_id": null,
            "label": "pickable_polybag"
        }
    ],
    "imagePath": "1616050733-424000-por1094.png",
    "flags": {},
    "imageWidth": 640,
    "imageHeight": 360
}