{
    "shapes": [
        {
            "shape_type": "polygon",
            "points": [
                [
                    277.68801652892563,
                    109.86935791481248
                ],
                [
                    210.74586776859505,
                    200.57183725365545
                ],
                [
                    293.1625333403408,
                    265.54575623826963
                ],
                [
                    355.80164303827405,
                    180.64909487102
                ]
            ],
            "flags": {},
            "group_id": null,
            "label": "pickable_smartpac"
        },
        {
            "shape_type": "polygon",
            "points": [
                [
                    151.50511285939092,
                    75.31298027019952
                ],
                [
                    219.86175621603425,
                    146.36193131915059
                ],
                [
                    126.67993803421608,
                    219.0892040464233
                ],
                [
                    65.49112684540486,
                    140.4178753750946
                ]
            ],
            "flags": {},
            "group_id": null,
            "label": "pickable_smartpac"
        }
    ],
    "imagePath": "1616051466-459061-por1094.png",
    "flags": {},
    "imageWidth": 640,
    "imageHeight": 360
}