{
    "shapes": [
        {
            "shape_type": "polygon",
            "points": [
                [
                    364.5458869087902,
                    57.89832954473153
                ],
                [
                    360.24481163997297,
                    169.9951037382799
                ],
                [
                    455.4061019625536,
                    173.4897273941939
                ],
                [
                    457.5566395969622,
                    63.00585642645196
                ]
            ],
            "flags": {},
            "group_id": null,
            "label": "pickable_smartpac"
        }
    ],
    "imagePath": "1616051188-427429-por1094.png",
    "flags": {},
    "imageWidth": 640,
    "imageHeight": 360
}