{
    "shapes": [
        {
            "shape_type": "polygon",
            "points": [
                [
                    141.90967355296505,
                    86.82013461601231
                ],
                [
                    275.3976726150183,
                    84.77429418968248
                ],
                [
                    277.325686692009,
                    264.52636030538486
                ],
                [
                    146.10477829263522,
                    269.8986975289829
                ]
            ],
            "flags": {},
            "group_id": null,
            "label": "pickable_flat"
        }
    ],
    "imagePath": "1616050972-254702-por1094.png",
    "flags": {},
    "imageWidth": 640,
    "imageHeight": 360
}