{
    "shapes": [
        {
            "shape_type": "polygon",
            "points": [
                [
                    110.88032080334135,
                    191.80262699177655
                ],
                [
                    124.31270067957148,
                    121.2455969427679
                ],
                [
                    224.78653853295774,
                    139.3839855830981
                ],
                [
                    211.09460699261544,
                    210.89987800363602
                ]
            ],
            "flags": {},
            "group_id": null,
            "label": "pickable_box"
        },
        {
            "shape_type": "polygon",
            "points": [
                [
                    275.0148408213532,
                    58.86927231080793
                ],
                [
                    304.9400278537721,
                    180.06627979210467
                ],
                [
                    416.1619729909292,
                    150.6398458768927
                ],
                [
                    382.2467610208544,
                    33.931616450458804
                ]
            ],
            "flags": {},
            "group_id": null,
            "label": "pickable_smartpac"
        }
    ],
    "imagePath": "1616051361-134601-por1094.png",
    "flags": {},
    "imageWidth": 640,
    "imageHeight": 360
}