{
    "shapes": [
        {
            "shape_type": "polygon",
            "points": [
                [
                    222.25782013685244,
                    199.35728250244378
                ],
                [
                    264.46212121212153,
                    98.55083088954056
                ],
                [
                    402.36534701857283,
                    131.07771260997075
                ],
                [
                    353.70943304007824,
                    275.7013685239491
                ]
            ],
            "flags": {},
            "group_id": null,
            "label": "pickable_polybag"
        },
        {
            "shape_type": "polygon",
            "points": [
                [
                    387.25995612340665,
                    97.89897756044626
                ],
                [
                    468.7042190974829,
                    94.19571597724091
                ],
                [
                    472.51979938365145,
                    208.34515953844917
                ],
                [
                    390.6438057429519,
                    208.66312456229656
                ]
            ],
            "flags": {},
            "group_id": null,
            "label": "pickable_box"
        }
    ],
    "imagePath": "1616050589-307716-por1094.png",
    "flags": {},
    "imageWidth": 640,
    "imageHeight": 360
}