{
    "shapes": [
        {
            "shape_type": "polygon",
            "points": [
                [
                    203.7395104895105,
                    266.3951048951049
                ],
                [
                    381.1467614261732,
                    262.39052441993624
                ],
                [
                    376.2183035565389,
                    139.49704270292509
                ],
                [
                    209.44564854858976,
                    148.40006337065165
                ]
            ],
            "flags": {},
            "group_id": null,
            "label": "pickable_polybag"
        },
        {
            "shape_type": "polygon",
            "points": [
                [
                    377.09982370847894,
                    53.31497704181241
                ],
                [
                    379.4592856393704,
                    167.17863557151693
                ],
                [
                    460.77933545257093,
                    170.91462560887683
                ],
                [
                    460.90386845381624,
                    61.823716517967746
                ]
            ],
            "flags": {},
            "group_id": null,
            "label": "pickable_smartpac"
        },
        {
            "shape_type": "polygon",
            "points": [
                [
                    111.04605526091008,
                    144.5528080069288
                ],
                [
                    226.70870586331972,
                    183.8600369225915
                ],
                [
                    267.52195887536794,
                    67.2937718623505
                ],
                [
                    159.54003116452455,
                    25.426301982832417
                ]
            ],
            "flags": {},
            "group_id": null,
            "label": "pickable_smartpac"
        }
    ],
    "imagePath": "1616051275-276536-por1094.png",
    "flags": {},
    "imageWidth": 640,
    "imageHeight": 360
}