{
    "shapes": [
        {
            "shape_type": "polygon",
            "points": [
                [
                    325.457100591716,
                    29.849112426035486
                ],
                [
                    288.7438138784293,
                    195.93302850995158
                ],
                [
                    408.3242334588488,
                    223.90505648197956
                ],
                [
                    446.43612157073693,
                    60.2686928456159
                ]
            ],
            "flags": {},
            "group_id": null,
            "label": "pickable_flat"
        }
    ],
    "imagePath": "1616051506-381207-por1094.png",
    "flags": {},
    "imageWidth": 640,
    "imageHeight": 360
}