{
    "shapes": [
        {
            "shape_type": "polygon",
            "points": [
                [
                    210.99120983911195,
                    125.22218690400507
                ],
                [
                    251.90030074820282,
                    71.91640178003813
                ],
                [
                    394.8557511567249,
                    175.03830260648442
                ],
                [
                    362.64410240109544,
                    218.40400508582326
                ]
            ],
            "flags": {},
            "group_id": null,
            "label": "pickable_polybag"
        },
        {
            "shape_type": "polygon",
            "points": [
                [
                    407.9524106098522,
                    9.606392636140573
                ],
                [
                    477.53072386286425,
                    71.6545854072249
                ],
                [
                    436.2656636219004,
                    160.96181432288756
                ],
                [
                    344.0969889231052,
                    116.98591070842973
                ]
            ],
            "flags": {},
            "group_id": null,
            "label": "pickable_smartpac"
        },
        {
            "shape_type": "polygon",
            "points": [
                [
                    136.6508314068365,
                    202.5358560954729
                ],
                [
                    214.495142784082,
                    267.80531717331723
                ],
                [
                    289.5450429836828,
                    196.54783214337712
                ],
                [
                    211.10192921122768,
                    124.89114551663059
                ]
            ],
            "flags": {},
            "group_id": null,
            "label": "pickable_polybag"
        },
        {
            "shape_type": "polygon",
            "points": [
                [
                    294.4016152188059,
                    270.52691302826526
                ],
                [
                    367.041475358666,
                    271.81624869260094
                ],
                [
                    512.9549368971276,
                    145.8547102310625
                ],
                [
                    487.95493689712754,
                    122.53740253875482
                ]
            ],
            "flags": {},
            "group_id": null,
            "label": "pickable_flat"
        }
    ],
    "imagePath": "1616050887-268268-por1094.png",
    "flags": {},
    "imageWidth": 640,
    "imageHeight": 360
}