{
    "shapes": [
        {
            "shape_type": "polygon",
            "points": [
                [
                    125.84169862395666,
                    192.99622007438384
                ],
                [
                    126.64815023685989,
                    255.89944588083543
                ],
                [
                    246.0029889465373,
                    256.1682630851365
                ],
                [
                    244.39008572073087,
                    192.1897684614806
                ]
            ],
            "flags": {},
            "group_id": null,
            "label": "pickable_box"
        },
        {
            "shape_type": "polygon",
            "points": [
                [
                    238.47322451839673,
                    78.26245603060434
                ],
                [
                    278.5643406915175,
                    162.31712573447678
                ],
                [
                    333.6896254295585,
                    133.38774076864536
                ],
                [
                    293.3707188236359,
                    52.066556258394776
                ]
            ],
            "flags": {},
            "group_id": null,
            "label": "pickable_box"
        },
        {
            "shape_type": "polygon",
            "points": [
                [
                    113.34687775137309,
                    37.68252758245927
                ],
                [
                    103.82306822756357,
                    151.96824186817355
                ],
                [
                    227.8832186035034,
                    148.459469938349
                ],
                [
                    229.1363514355836,
                    33.17124938697055
                ]
            ],
            "flags": {},
            "group_id": null,
            "label": "pickable_smartpac"
        },
        {
            "shape_type": "polygon",
            "points": [
                [
                    246.52878356485783,
                    164.91915060855598
                ],
                [
                    255.85279288886716,
                    264.2198499092553
                ],
                [
                    351.4238884599627,
                    267.7163534057588
                ],
                [
                    354.687291723366,
                    149.5345352239406
                ]
            ],
            "flags": {},
            "group_id": null,
            "label": "pickable_smartpac"
        },
        {
            "shape_type": "polygon",
            "points": [
                [
                    399.9087369448112,
                    140.21052589993124
                ],
                [
                    472.8691099051842,
                    174.942460631866
                ],
                [
                    427.647664683739,
                    266.7839524733579
                ],
                [
                    329.97866701474123,
                    223.42730911671444
                ]
            ],
            "flags": {},
            "group_id": null,
            "label": "pickable_smartpac"
        }
    ],
    "imagePath": "1616051540-307750-por1094.png",
    "flags": {},
    "imageWidth": 640,
    "imageHeight": 360
}