{
    "shapes": [
        {
            "shape_type": "polygon",
            "points": [
                [
                    346.5598440021517,
                    137.6199569661108
                ],
                [
                    459.8547944628775,
                    133.5495801684613
                ],
                [
                    463.5113922371224,
                    255.648149325854
                ],
                [
                    350.31584374745626,
                    259.14576458817515
                ]
            ],
            "flags": {},
            "group_id": null,
            "label": "pickable_smartpac"
        }
    ],
    "imagePath": "1616050594-173894-por1094.png",
    "flags": {},
    "imageWidth": 640,
    "imageHeight": 360
}