{
    "shapes": [
        {
            "shape_type": "polygon",
            "points": [
                [
                    112.44976526969536,
                    181.44307790111984
                ],
                [
                    240.8350163822192,
                    218.49012176634554
                ],
                [
                    269.9672477871779,
                    109.19260110518853
                ],
                [
                    144.96724778717788,
                    73.65541102254389
                ]
            ],
            "flags": {},
            "group_id": null,
            "label": "pickable_box"
        },
        {
            "shape_type": "polygon",
            "points": [
                [
                    258.9132240420841,
                    84.90568528569025
                ],
                [
                    261.5680912987213,
                    261.1944898930789
                ],
                [
                    380.65183098928776,
                    261.1704094644473
                ],
                [
                    397.2613066379543,
                    92.28031655412683
                ]
            ],
            "flags": {},
            "group_id": null,
            "label": "pickable_flat"
        }
    ],
    "imagePath": "1616051207-819520-por1094.png",
    "flags": {},
    "imageWidth": 640,
    "imageHeight": 360
}