{
    "shapes": [
        {
            "shape_type": "polygon",
            "points": [
                [
                    0,
                    39.86363636363637
                ],
                [
                    117.5804007820137,
                    25.61632453567938
                ],
                [
                    131.29007820136854,
                    157.60557184750732
                ],
                [
                    24.83846529814274,
                    162.1754643206256
                ]
            ],
            "flags": {},
            "group_id": null,
            "label": "pickable_smartpac"
        },
        {
            "shape_type": "polygon",
            "points": [
                [
                    203.28617574848715,
                    32.199421665247435
                ],
                [
                    343.1495014888061,
                    31.51605036684197
                ],
                [
                    346.33856754803156,
                    121.26548089075999
                ],
                [
                    209.20872700133455,
                    136.5274398884821
                ]
            ],
            "flags": {},
            "group_id": null,
            "label": "pickable_flat"
        },
        {
            "shape_type": "polygon",
            "points": [
                [
                    129.00191605753773,
                    149.98318243106098
                ],
                [
                    138.38664956761352,
                    264.0791159063677
                ],
                [
                    215.07258405701623,
                    256.1793085845951
                ],
                [
                    204.6679597795596,
                    139.41630280424832
                ]
            ],
            "flags": {},
            "group_id": null,
            "label": "pickable_box"
        },
        {
            "shape_type": "polygon",
            "points": [
                [
                    259.6720203537725,
                    243.54853420920696
                ],
                [
                    266.2835906017064,
                    117.37773531113535
                ],
                [
                    427.16513330143096,
                    125.64219812105272
                ],
                [
                    420.0025988661692,
                    251.8129970191243
                ]
            ],
            "flags": {},
            "group_id": null,
            "label": "pickable_box"
        },
        {
            "shape_type": "polygon",
            "points": [
                [
                    383.36348040886895,
                    272.74963613758183
                ],
                [
                    424.1348302711279,
                    187.07470500810504
                ],
                [
                    508.4323509322849,
                    160.9039061100334
                ],
                [
                    494.9337283427532,
                    266.68903007697565
                ]
            ],
            "flags": {},
            "group_id": null,
            "label": "pickable_smartpac"
        }
    ],
    "imagePath": "1616051014-320786-por1094.png",
    "flags": {},
    "imageWidth": 640,
    "imageHeight": 360
}