{
    "shapes": [
        {
            "shape_type": "polygon",
            "points": [
                [
                    259.5694630018452,
                    69.61848779838856
                ],
                [
                    188.5509653704443,
                    173.00596054070002
                ],
                [
                    323.76601913388515,
                    261.4468207557538
                ],
                [
                    392.5832234349604,
                    168.16725086328066
                ]
            ],
            "flags": {},
            "group_id": null,
            "label": "pickable_flat"
        }
    ],
    "imagePath": "1616051415-456948-por1094.png",
    "flags": {},
    "imageWidth": 640,
    "imageHeight": 360
}