{
    "shapes": [
        {
            "shape_type": "polygon",
            "points": [
                [
                    433.6789620494553,
                    94.00323015787913
                ],
                [
                    459.98682031781055,
                    202.22124006641863
                ],
                [
                    359.50987278203945,
                    235.2896025465458
                ],
                [
                    313.72290934801725,
                    130.04317965306407
                ]
            ],
            "flags": {},
            "group_id": null,
            "label": "pickable_smartpac"
        },
        {
            "shape_type": "polygon",
            "points": [
                [
                    163.0010437732104,
                    32.55401579625318
                ],
                [
                    176.46258223474885,
                    141.59247733471472
                ],
                [
                    0,
                    152.3617081039455
                ],
                [
                    5.693351465518088,
                    38.32324656548395
                ]
            ],
            "flags": {},
            "group_id": null,
            "label": "pickable_smartpac"
        }
    ],
    "imagePath": "1616051074-972264-por1094.png",
    "flags": {},
    "imageWidth": 640,
    "imageHeight": 360
}