{
    "shapes": [
        {
            "shape_type": "polygon",
            "points": [
                [
                    82.84136051556531,
                    89.6784071256212
                ],
                [
                    52.039484259143606,
                    150.147931097819
                ],
                [
                    150.6086416518304,
                    204.04300263994935
                ],
                [
                    180.8153189173312,
                    142.35778801355823
                ]
            ],
            "flags": {},
            "group_id": null,
            "label": "pickable_box"
        },
        {
            "shape_type": "polygon",
            "points": [
                [
                    206.7294683608924,
                    121.37209643963139
                ],
                [
                    169.686543082673,
                    220.89514890386033
                ],
                [
                    284.7898817154234,
                    248.87607100242948
                ],
                [
                    311.9758912543741,
                    151.4197911932085
                ]
            ],
            "flags": {},
            "group_id": null,
            "label": "pickable_smartpac"
        },
        {
            "shape_type": "polygon",
            "points": [
                [
                    336.30777558625846,
                    201.20855568785535
                ],
                [
                    399.4317669794806,
                    281.90382196004447
                ],
                [
                    482.1724877971246,
                    213.05228887774237
                ],
                [
                    426.7798035582864,
                    132.344919324219
                ]
            ],
            "flags": {},
            "group_id": null,
            "label": "pickable_smartpac"
        }
    ],
    "imagePath": "1616051536-308689-por1094.png",
    "flags": {},
    "imageWidth": 640,
    "imageHeight": 360
}