{
    "shapes": [
        {
            "shape_type": "polygon",
            "points": [
                [
                    248.56182795698922,
                    32.58993157380253
                ],
                [
                    241.3037634408602,
                    159.47165200391007
                ],
                [
                    367.64784946236557,
                    166.46089931573803
                ],
                [
                    381.6263440860215,
                    39.84799608993156
                ]
            ],
            "flags": {},
            "group_id": null,
            "label": "pickable_polybag"
        }
    ],
    "imagePath": "1616051448-854825-por1094.png",
    "flags": {},
    "imageWidth": 640,
    "imageHeight": 360
}