{
    "shapes": [
        {
            "shape_type": "polygon",
            "points": [
                [
                    282.7395104895105,
                    87.95131791285637
                ],
                [
                    368.6486013986014,
                    226.13313609467454
                ],
                [
                    475.01223776223776,
                    157.95131791285635
                ],
                [
                    390.4667832167832,
                    22.04222700376547
                ]
            ],
            "flags": {},
            "group_id": null,
            "label": "pickable_box"
        },
        {
            "shape_type": "polygon",
            "points": [
                [
                    161.37587412587413,
                    30.6785906401291
                ],
                [
                    178.19405594405592,
                    159.7694997310382
                ],
                [
                    299.1031468531469,
                    138.40586336740182
                ],
                [
                    279.1031468531469,
                    21.58768154922001
                ]
            ],
            "flags": {},
            "group_id": null,
            "label": "pickable_smartpac"
        }
    ],
    "imagePath": "1616051526-641639-por1094.png",
    "flags": {},
    "imageWidth": 640,
    "imageHeight": 360
}