{
    "shapes": [
        {
            "shape_type": "polygon",
            "points": [
                [
                    334.00562072336265,
                    165.3003551452683
                ],
                [
                    446.102394916911,
                    258.5799250377414
                ],
                [
                    515.9948680351906,
                    291.3756239624726
                ],
                [
                    443.95185728250243,
                    224.70895729580593
                ]
            ],
            "flags": {},
            "group_id": null,
            "label": "pickable_smartpac"
        },
        {
            "shape_type": "polygon",
            "points": [
                [
                    217.3217752057702,
                    159.64978569817276
                ],
                [
                    226.12405580584297,
                    271.0885046802595
                ],
                [
                    121.56824714980652,
                    272.45524727707044
                ],
                [
                    129.08533143226666,
                    177.23884636590873
                ]
            ],
            "flags": {},
            "group_id": null,
            "label": "pickable_polybag"
        }
    ],
    "imagePath": "1616051337-404361-por1094.png",
    "flags": {},
    "imageWidth": 640,
    "imageHeight": 360
}