{
    "shapes": [
        {
            "shape_type": "polygon",
            "points": [
                [
                    303.48338943934476,
                    77.52466929265935
                ],
                [
                    336.547905568377,
                    143.11606714212172
                ],
                [
                    416.9242496543985,
                    101.44940047545505
                ],
                [
                    382.784464708162,
                    38.27735746470237
                ]
            ],
            "flags": {},
            "group_id": null,
            "label": "pickable_box"
        },
        {
            "shape_type": "polygon",
            "points": [
                [
                    457.0403163833684,
                    109.74916522683269
                ],
                [
                    367.42992677297883,
                    182.15176262943012
                ],
                [
                    443.4039527470048,
                    264.943970421638
                ],
                [
                    489.8325241755762,
                    182.47643795410545
                ]
            ],
            "flags": {},
            "group_id": null,
            "label": "pickable_smartpac"
        },
        {
            "shape_type": "polygon",
            "points": [
                [
                    95.6780922097564,
                    36.368219692862226
                ],
                [
                    42.65318117772794,
                    202.20451862524658
                ],
                [
                    166.1407256617137,
                    234.94473214837825
                ],
                [
                    222.01261178271017,
                    68.0408175576309
                ]
            ],
            "flags": {},
            "group_id": null,
            "label": "pickable_flat"
        }
    ],
    "imagePath": "1616051484-578777-por1094.png",
    "flags": {},
    "imageWidth": 640,
    "imageHeight": 360
}