{
    "shapes": [
        {
            "shape_type": "polygon",
            "points": [
                [
                    296.55251078344924,
                    33.07142368872574
                ],
                [
                    194.8539600207273,
                    88.9022058564063
                ],
                [
                    268.29629272776583,
                    241.0434112329058
                ],
                [
                    382.1599290914022,
                    176.0434112329058
                ]
            ],
            "flags": {},
            "group_id": null,
            "label": "pickable_flat"
        }
    ],
    "imagePath": "1616051220-087914-por1094.png",
    "flags": {},
    "imageWidth": 640,
    "imageHeight": 360
}