{
    "shapes": [
        {
            "shape_type": "polygon",
            "points": [
                [
                    26.187726008107248,
                    79.10154951447532
                ],
                [
                    117.71665162794196,
                    156.58088835745053
                ],
                [
                    112.34475080149566,
                    228.48171480373153
                ],
                [
                    27.014172289098983,
                    160.0932850516654
                ]
            ],
            "flags": {},
            "group_id": null,
            "label": "pickable_smartpac"
        },
        {
            "shape_type": "polygon",
            "points": [
                [
                    425.6052184493901,
                    110.85598536326813
                ],
                [
                    485.24240665800687,
                    183.64510100952666
                ],
                [
                    419.70952683941283,
                    266.41154091882385
                ],
                [
                    345.33310960585266,
                    202.91947742676018
                ]
            ],
            "flags": {},
            "group_id": null,
            "label": "pickable_smartpac"
        },
        {
            "shape_type": "polygon",
            "points": [
                [
                    282.2945608530181,
                    102.91947742676021
                ],
                [
                    267.1018170888459,
                    261.87639352653343
                ],
                [
                    120.84331368748533,
                    260.96936404807536
                ],
                [
                    138.0768737781883,
                    80.47049783492348
                ]
            ],
            "flags": {},
            "group_id": null,
            "label": "pickable_polybag"
        }
    ],
    "imagePath": "1616051373-005512-por1094.png",
    "flags": {},
    "imageWidth": 640,
    "imageHeight": 360
}