{
    "shapes": [
        {
            "shape_type": "polygon",
            "points": [
                [
                    417.1600690937482,
                    242.7594251952189
                ],
                [
                    415.87748803843965,
                    262.07699573656566
                ],
                [
                    462.8577804732777,
                    247.69976457611767
                ],
                [
                    462.97357325569595,
                    232.05002815003374
                ]
            ],
            "flags": {},
            "group_id": null,
            "label": "pickable_polybag"
        },
        {
            "shape_type": "polygon",
            "points": [
                [
                    404.1551056470413,
                    134.83612233318985
                ],
                [
                    426.26254366357006,
                    129.2576099364956
                ],
                [
                    426.6757668040659,
                    219.54686613484267
                ],
                [
                    396.0972544073717,
                    224.09232068029723
                ]
            ],
            "flags": {},
            "group_id": null,
            "label": "pickable_polybag"
        },
        {
            "shape_type": "polygon",
            "points": [
                [
                    420.28149266844014,
                    123.16542376385887
                ],
                [
                    437.10869938502736,
                    122.85739108856957
                ],
                [
                    433.9534917607932,
                    22.011577610012726
                ],
                [
                    415.95939146580804,
                    21.4216071085378
                ]
            ],
            "flags": {},
            "group_id": null,
            "label": "pickable_polybag"
        },
        {
            "shape_type": "polygon",
            "points": [
                [
                    393.86371563243887,
                    252.81423888540965
                ],
                [
                    409.56619497128185,
                    262.31837111681466
                ],
                [
                    462.44266161780195,
                    184.93429039048786
                ],
                [
                    449.2356164588851,
                    175.1282884721865
                ]
            ],
            "flags": {},
            "group_id": null,
            "label": "pickable_polybag"
        }
    ],
    "imagePath": "1616050667-764670-por1094.png",
    "flags": {},
    "imageWidth": 640,
    "imageHeight": 360
}