{
    "shapes": [
        {
            "shape_type": "polygon",
            "points": [
                [
                    370.95877509587183,
                    56.070679114103406
                ],
                [
                    385.42758178409645,
                    160.90591240261304
                ],
                [
                    329.0706135689376,
                    167.62962878403113
                ],
                [
                    319.64558653636755,
                    62.600732227046095
                ]
            ],
            "flags": {},
            "group_id": null,
            "label": "pickable_box"
        },
        {
            "shape_type": "polygon",
            "points": [
                [
                    300.3293472201283,
                    29.07509120140507
                ],
                [
                    325.97037286115386,
                    145.3144074407213
                ],
                [
                    247.12421901500002,
                    176.93833906465295
                ],
                [
                    204.3891762799573,
                    66.8956040219179
                ]
            ],
            "flags": {},
            "group_id": null,
            "label": "pickable_smartpac"
        },
        {
            "shape_type": "polygon",
            "points": [
                [
                    135.94224346593586,
                    77.46901092443873
                ],
                [
                    186.6134875653112,
                    161.05351228250774
                ],
                [
                    135.98057617290615,
                    190.54718316858367
                ],
                [
                    85.22108250202008,
                    107.12946164959632
                ]
            ],
            "flags": {},
            "group_id": null,
            "label": "pickable_box"
        },
        {
            "shape_type": "polygon",
            "points": [
                [
                    233.3706383434546,
                    152.27016140226712
                ],
                [
                    343.11853750311843,
                    157.48024543588056
                ],
                [
                    339.92526019219406,
                    265.0432706459646
                ],
                [
                    227.82441985605962,
                    259.83318661235114
                ]
            ],
            "flags": {},
            "group_id": null,
            "label": "pickable_polybag"
        }
    ],
    "imagePath": "1616050812-876477-por1094.png",
    "flags": {},
    "imageWidth": 640,
    "imageHeight": 360
}