{
    "shapes": [
        {
            "shape_type": "polygon",
            "points": [
                [
                    302.4111572877082,
                    106.32284382284381
                ],
                [
                    377.9487916963103,
                    186.6991879088653
                ],
                [
                    468.80900675007376,
                    96.10779005940294
                ],
                [
                    386.55094223394474,
                    24.871230919617997
                ]
            ],
            "flags": {},
            "group_id": null,
            "label": "pickable_smartpac"
        },
        {
            "shape_type": "polygon",
            "points": [
                [
                    37.58730640740568,
                    43.780571578958586
                ],
                [
                    191.83730640740566,
                    77.78057157895859
                ],
                [
                    165.5158778359771,
                    180.13771443610145
                ],
                [
                    20.587306407405677,
                    174.7805715789586
                ]
            ],
            "flags": {},
            "group_id": null,
            "label": "pickable_polybag"
        }
    ],
    "imagePath": "1616050787-812169-por1094.png",
    "flags": {},
    "imageWidth": 640,
    "imageHeight": 360
}