{
    "shapes": [
        {
            "shape_type": "polygon",
            "points": [
                [
                    125.79545454545452,
                    193.36713286713285
                ],
                [
                    126.84440559440557,
                    255.6048951048951
                ],
                [
                    245.72552447552445,
                    257.0034965034965
                ],
                [
                    245.02622377622373,
                    192.3181818181818
                ]
            ],
            "flags": {},
            "group_id": null,
            "label": "pickable_box"
        },
        {
            "shape_type": "polygon",
            "points": [
                [
                    237.558642481663,
                    78.4143681343095
                ],
                [
                    278.88095653124975,
                    162.50527722521858
                ],
                [
                    333.01318793620845,
                    133.3730458202599
                ],
                [
                    292.72393173786134,
                    51.55486400207808
                ]
            ],
            "flags": {},
            "group_id": null,
            "label": "pickable_box"
        },
        {
            "shape_type": "polygon",
            "points": [
                [
                    347.26938628331584,
                    61.4722193739789
                ],
                [
                    394.99665901058864,
                    162.50527722521855
                ],
                [
                    454.70740281224147,
                    130.27387226654088
                ],
                [
                    408.01318793620845,
                    31.51354168802849
                ]
            ],
            "flags": {},
            "group_id": null,
            "label": "pickable_box"
        },
        {
            "shape_type": "polygon",
            "points": [
                [
                    348.9069915817382,
                    153.60336977325358
                ],
                [
                    243.90699158173823,
                    160.35336977325358
                ],
                [
                    256.4069915817382,
                    265.1033697732536
                ],
                [
                    355.9069915817382,
                    266.8533697732536
                ]
            ],
            "flags": {},
            "group_id": null,
            "label": "pickable_smartpac"
        },
        {
            "shape_type": "polygon",
            "points": [
                [
                    411.7045602920977,
                    146.2429046569745
                ],
                [
                    334.96037424558614,
                    225.31267209883498
                ],
                [
                    427.34938058808075,
                    268.01880317705906
                ],
                [
                    471.7468435901948,
                    176.05262981553687
                ]
            ],
            "flags": {},
            "group_id": null,
            "label": "pickable_smartpac"
        },
        {
            "shape_type": "polygon",
            "points": [
                [
                    113.33966093032468,
                    36.29613384965171
                ],
                [
                    103.16154388197862,
                    152.5811211270054
                ],
                [
                    229.11574235526106,
                    147.49206260283236
                ],
                [
                    229.11574235526106,
                    34.2605104399825
                ]
            ],
            "flags": {},
            "group_id": null,
            "label": "pickable_smartpac"
        }
    ],
    "imagePath": "1616051538-643141-por1094.png",
    "flags": {},
    "imageWidth": 640,
    "imageHeight": 360
}