{
    "shapes": [
        {
            "shape_type": "polygon",
            "points": [
                [
                    117.41834117082257,
                    146.44450359400733
                ],
                [
                    207.528556224586,
                    154.25570314714236
                ],
                [
                    204.34640479829966,
                    261.423991603554
                ],
                [
                    121.83194198838233,
                    256.99837176884324
                ]
            ],
            "flags": {},
            "group_id": null,
            "label": "pickable_box"
        },
        {
            "shape_type": "polygon",
            "points": [
                [
                    315.1991336925313,
                    6.694993061306848
                ],
                [
                    315.9370384245209,
                    120.25615946597374
                ],
                [
                    459.1400530946557,
                    114.22470359485214
                ],
                [
                    461.31274754968837,
                    17.18291640978821
                ]
            ],
            "flags": {},
            "group_id": null,
            "label": "pickable_flat"
        },
        {
            "shape_type": "polygon",
            "points": [
                [
                    367.74572523045913,
                    131.02499267972345
                ],
                [
                    359.4845542518269,
                    252.90387711318988
                ],
                [
                    466.23872055451835,
                    254.46193358272757
                ],
                [
                    464.46276427036537,
                    133.42368221660732
                ]
            ],
            "flags": {},
            "group_id": null,
            "label": "pickable_smartpac"
        }
    ],
    "imagePath": "1616050755-954480-por1094.png",
    "flags": {},
    "imageWidth": 640,
    "imageHeight": 360
}