{
    "shapes": [
        {
            "shape_type": "polygon",
            "points": [
                [
                    152.49407692465448,
                    84.25289745219814
                ],
                [
                    285.3453165940759,
                    92.10413712161964
                ],
                [
                    271.9155645279602,
                    271.8562032373221
                ],
                [
                    141.337052131266,
                    265.864467700132
                ]
            ],
            "flags": {},
            "group_id": null,
            "label": "pickable_flat"
        }
    ],
    "imagePath": "1616050970-389648-por1094.png",
    "flags": {},
    "imageWidth": 640,
    "imageHeight": 360
}