{
    "shapes": [
        {
            "shape_type": "polygon",
            "points": [
                [
                    359.45279720279717,
                    146.8286713286713
                ],
                [
                    358.26278638280536,
                    260.13815136231904
                ],
                [
                    461.7604016451265,
                    255.3686760046084
                ],
                [
                    461.9193841570502,
                    145.35277775341604
                ]
            ],
            "flags": {},
            "group_id": null,
            "label": "pickable_smartpac"
        },
        {
            "shape_type": "polygon",
            "points": [
                [
                    246.02004899300914,
                    249.57701536000656
                ],
                [
                    359.5346464781949,
                    245.6707427772634
                ],
                [
                    354.76517112048424,
                    79.05707028123797
                ],
                [
                    238.70793741619167,
                    78.10317520969583
                ]
            ],
            "flags": {},
            "group_id": null,
            "label": "pickable_smartpac"
        },
        {
            "shape_type": "polygon",
            "points": [
                [
                    166.46205928796064,
                    143.82821328767508
                ],
                [
                    87.96555579145715,
                    188.58345804291983
                ],
                [
                    131.84667467257603,
                    264.1079335673953
                ],
                [
                    209.1194019453033,
                    219.17786363732543
                ]
            ],
            "flags": {},
            "group_id": null,
            "label": "pickable_box"
        }
    ],
    "imagePath": "1616051433-120290-por1094.png",
    "flags": {},
    "imageWidth": 640,
    "imageHeight": 360
}