{
    "shapes": [
        {
            "shape_type": "polygon",
            "points": [
                [
                    362.13351508631234,
                    138.79507555381676
                ],
                [
                    362.34012665656024,
                    210.90251357034575
                ],
                [
                    463.5797960780478,
                    210.90251357034575
                ],
                [
                    462.34012665656024,
                    139.20829869431267
                ]
            ],
            "flags": {},
            "group_id": null,
            "label": "pickable_box"
        },
        {
            "shape_type": "polygon",
            "points": [
                [
                    171.61660008723393,
                    136.40714894264505
                ],
                [
                    72.59062606125988,
                    212.38117491667103
                ],
                [
                    144.9932234638573,
                    280.23831777381395
                ],
                [
                    235.9023143729482,
                    201.01753855303468
                ]
            ],
            "flags": {},
            "group_id": null,
            "label": "pickable_smartpac"
        },
        {
            "shape_type": "polygon",
            "points": [
                [
                    15.641325688717485,
                    30.19098978153741
                ],
                [
                    0,
                    142.27558192655252
                ],
                [
                    32.55975469173862,
                    148.3178779990601
                ],
                [
                    50.08241330201053,
                    35.32694144316883
                ]
            ],
            "flags": {},
            "group_id": null,
            "label": "pickable_box"
        }
    ],
    "imagePath": "1616051365-395312-por1094.png",
    "flags": {},
    "imageWidth": 640,
    "imageHeight": 360
}