{
    "shapes": [
        {
            "shape_type": "polygon",
            "points": [
                [
                    353.23396009584826,
                    113.59550589270869
                ],
                [
                    358.1926377817986,
                    209.8764976282459
                ],
                [
                    462.79656110229945,
                    207.20861340955952
                ],
                [
                    461.0477534711389,
                    111.5011412314991
                ]
            ],
            "flags": {},
            "group_id": null,
            "label": "pickable_smartpac"
        },
        {
            "shape_type": "polygon",
            "points": [
                [
                    109.21388741668459,
                    160.13640898441392
                ],
                [
                    125.94465664745381,
                    271.2902551382601
                ],
                [
                    223.2523489551461,
                    256.6748705228755
                ],
                [
                    211.13696433976148,
                    142.44410129210624
                ]
            ],
            "flags": {},
            "group_id": null,
            "label": "pickable_smartpac"
        }
    ],
    "imagePath": "1616051425-723925-por1094.png",
    "flags": {},
    "imageWidth": 640,
    "imageHeight": 360
}