{
    "shapes": [
        {
            "shape_type": "polygon",
            "points": [
                [
                    81.1532662953258,
                    41.3574502420656
                ],
                [
                    164.80207105850008,
                    33.87722274717537
                ],
                [
                    191.0217458118992,
                    126.52140652039141
                ],
                [
                    93.5210793229629,
                    155.98466076370434
                ]
            ],
            "flags": {},
            "group_id": null,
            "label": "pickable_smartpac"
        },
        {
            "shape_type": "polygon",
            "points": [
                [
                    224.39032021647262,
                    37.83590569946408
                ],
                [
                    232.23376614591186,
                    130.17456396064972
                ],
                [
                    346.7522524443025,
                    125.10627339953616
                ],
                [
                    338.12067349693405,
                    30.369431294273024
                ]
            ],
            "flags": {},
            "group_id": null,
            "label": "pickable_smartpac"
        },
        {
            "shape_type": "polygon",
            "points": [
                [
                    363.1733050758814,
                    36.053641820588815
                ],
                [
                    463.59435770746035,
                    46.15890497848355
                ],
                [
                    461.47607813756787,
                    162.98799382964364
                ],
                [
                    350.12067349693405,
                    156.47469445216777
                ]
            ],
            "flags": {},
            "group_id": null,
            "label": "pickable_polybag"
        }
    ],
    "imagePath": "1616050954-925996-por1094.png",
    "flags": {},
    "imageWidth": 640,
    "imageHeight": 360
}