{
    "shapes": [
        {
            "shape_type": "polygon",
            "points": [
                [
                    43.70632696501187,
                    157.2968036925853
                ],
                [
                    173.54503664243123,
                    42.51185745602618
                ],
                [
                    252.30847750264627,
                    126.9204596065638
                ],
                [
                    88.86761728759251,
                    241.16777143452077
                ]
            ],
            "flags": {},
            "group_id": null,
            "label": "pickable_flat"
        },
        {
            "shape_type": "polygon",
            "points": [
                [
                    328.63239994055004,
                    215.12035288356591
                ],
                [
                    386.72980253795265,
                    119.85411911733215
                ],
                [
                    470.3823999405501,
                    174.37035288356591
                ],
                [
                    452.88239994055004,
                    266.37035288356594
                ]
            ],
            "flags": {},
            "group_id": null,
            "label": "pickable_smartpac"
        },
        {
            "shape_type": "polygon",
            "points": [
                [
                    178.00087856394205,
                    272.8262606857229
                ],
                [
                    293.3207658340187,
                    259.6490183293777
                ],
                [
                    288.7806359131781,
                    142.54809894419438
                ],
                [
                    174.9170882932853,
                    142.32801446015048
                ]
            ],
            "flags": {},
            "group_id": null,
            "label": "pickable_smartpac"
        },
        {
            "shape_type": "polygon",
            "points": [
                [
                    282.1537965814548,
                    63.16005646357553
                ],
                [
                    280.88259343859386,
                    136.71377547184
                ],
                [
                    382.3771604411823,
                    134.99715851458134
                ],
                [
                    382.85410797695334,
                    63.93197568469262
                ]
            ],
            "flags": {},
            "group_id": null,
            "label": "pickable_box"
        }
    ],
    "imagePath": "1616051033-182157-por1094.png",
    "flags": {},
    "imageWidth": 640,
    "imageHeight": 360
}