{
    "shapes": [
        {
            "shape_type": "polygon",
            "points": [
                [
                    357.95145239376006,
                    120.22135556750939
                ],
                [
                    360.451640377819,
                    202.7125203167387
                ],
                [
                    472.7964812589719,
                    199.06195167134513
                ],
                [
                    469.9347960443455,
                    119.09374817372989
                ]
            ],
            "flags": {},
            "group_id": null,
            "label": "pickable_box"
        },
        {
            "shape_type": "polygon",
            "points": [
                [
                    357.3805263871346,
                    213.49672556200136
                ],
                [
                    355.6497571563654,
                    258.8813409466168
                ],
                [
                    492.9574494640577,
                    265.2274947927706
                ],
                [
                    494.88052638713464,
                    220.99672556200136
                ]
            ],
            "flags": {},
            "group_id": null,
            "label": "pickable_box"
        },
        {
            "shape_type": "polygon",
            "points": [
                [
                    259.8805263871346,
                    157.53518710046288
                ],
                [
                    256.6852601149452,
                    214.20678473359897
                ],
                [
                    353.28289325103987,
                    217.75708059158714
                ],
                [
                    356.2414731326967,
                    162.4316368046049
                ]
            ],
            "flags": {},
            "group_id": null,
            "label": "pickable_box"
        },
        {
            "shape_type": "polygon",
            "points": [
                [
                    280.0960438454158,
                    30.96427094149686
                ],
                [
                    312.6660184001232,
                    162.00752793895234
                ],
                [
                    414.1927359573751,
                    110.3535839185961
                ],
                [
                    369.40902094465247,
                    5.518978320631722
                ]
            ],
            "flags": {},
            "group_id": null,
            "label": "pickable_flat"
        },
        {
            "shape_type": "polygon",
            "points": [
                [
                    154.80577495755216,
                    132.3872999005401
                ],
                [
                    227.12979730392087,
                    197.0150297126275
                ],
                [
                    317.07393138213314,
                    96.45637049475039
                ],
                [
                    230.48175261118342,
                    39.47313027128671
                ]
            ],
            "flags": {},
            "group_id": null,
            "label": "pickable_smartpac"
        },
        {
            "shape_type": "polygon",
            "points": [
                [
                    0,
                    141.44056556255563
                ],
                [
                    113.27995896606878,
                    14.259357508864367
                ],
                [
                    201.87056299291444,
                    81.37345146859586
                ],
                [
                    100.19271064392113,
                    220.97076690483755
                ]
            ],
            "flags": {},
            "group_id": null,
            "label": "pickable_flat"
        }
    ],
    "imagePath": "1616051385-261762-por1094.png",
    "flags": {},
    "imageWidth": 640,
    "imageHeight": 360
}