{
    "shapes": [
        {
            "shape_type": "polygon",
            "points": [
                [
                    288.69898112640044,
                    81.50293255131966
                ],
                [
                    334.288711276811,
                    186.0315296193459
                ],
                [
                    477.7251242943933,
                    122.07050612861354
                ],
                [
                    450.0116503695058,
                    20.283593486724666
                ]
            ],
            "flags": {},
            "group_id": null,
            "label": "pickable_flat"
        },
        {
            "shape_type": "polygon",
            "points": [
                [
                    240.69368290200208,
                    118.13340946804995
                ],
                [
                    275.7186786551508,
                    171.74141296260186
                ],
                [
                    127.2141769928119,
                    263.3757226672637
                ],
                [
                    89.63318347229355,
                    212.1878176996611
                ]
            ],
            "flags": {},
            "group_id": null,
            "label": "pickable_box"
        }
    ],
    "imagePath": "1616051402-598372-por1094.png",
    "flags": {},
    "imageWidth": 640,
    "imageHeight": 360
}