{
    "shapes": [
        {
            "shape_type": "polygon",
            "points": [
                [
                    172.3252688172043,
                    115.52150537634408
                ],
                [
                    72.86290322580645,
                    202.88709677419354
                ],
                [
                    166.94892473118279,
                    287.0268817204301
                ],
                [
                    276.6263440860215,
                    217.67204301075267
                ]
            ],
            "flags": {},
            "group_id": null,
            "label": "pickable_polybag"
        },
        {
            "shape_type": "polygon",
            "points": [
                [
                    276.54414378387975,
                    150.01452945881098
                ],
                [
                    268.9683862081223,
                    256.34173109393055
                ],
                [
                    377.23284901803964,
                    267.0855327468231
                ],
                [
                    377.23284901803964,
                    161.7136319203768
                ]
            ],
            "flags": {},
            "group_id": null,
            "label": "pickable_polybag"
        },
        {
            "shape_type": "polygon",
            "points": [
                [
                    462.1502043899405,
                    130.51528481293877
                ],
                [
                    463.8030969519239,
                    252.6227228294677
                ],
                [
                    367.3154936461388,
                    261.7136319203768
                ],
                [
                    365.24937794365945,
                    136.093797209633
                ]
            ],
            "flags": {},
            "group_id": null,
            "label": "pickable_smartpac"
        },
        {
            "shape_type": "polygon",
            "points": [
                [
                    1.3981857316262989,
                    29.6363552342806
                ],
                [
                    115.8981857316263,
                    21.1363552342806
                ],
                [
                    130.8981857316263,
                    160.3863552342806
                ],
                [
                    18.6481857316263,
                    172.8863552342806
                ]
            ],
            "flags": {},
            "group_id": null,
            "label": "pickable_box"
        }
    ],
    "imagePath": "1616051343-601577-por1094.png",
    "flags": {},
    "imageWidth": 640,
    "imageHeight": 360
}