{
    "shapes": [
        {
            "shape_type": "polygon",
            "points": [
                [
                    316.590025565832,
                    20.04628167531392
                ],
                [
                    424.4703173170914,
                    77.09380404541695
                ],
                [
                    354.4612940822618,
                    237.72806226032034
                ],
                [
                    238.33226182419727,
                    187.1904278517182
                ]
            ],
            "flags": {},
            "group_id": null,
            "label": "pickable_smartpac"
        },
        {
            "shape_type": "polygon",
            "points": [
                [
                    396.39677795322956,
                    102.51300849687948
                ],
                [
                    477.3421766405637,
                    94.07843232036781
                ],
                [
                    458.6087595200498,
                    226.11306435499984
                ],
                [
                    372.7808533109119,
                    225.2180649262761
                ]
            ],
            "flags": {},
            "group_id": null,
            "label": "pickable_polybag"
        },
        {
            "shape_type": "polygon",
            "points": [
                [
                    409.7679382004689,
                    257.7915542238921
                ],
                [
                    411.1400090717522,
                    240.84866928875198
                ],
                [
                    465.7475176041754,
                    240.96243493152787
                ],
                [
                    464.83739246196836,
                    257.4584531340307
                ]
            ],
            "flags": {},
            "group_id": null,
            "label": "pickable_polybag"
        },
        {
            "shape_type": "polygon",
            "points": [
                [
                    368.3641273880207,
                    244.26163857202843
                ],
                [
                    456.07743796822547,
                    216.04775916360975
                ],
                [
                    463.01714217755426,
                    233.34013686554377
                ],
                [
                    373.14228438460776,
                    263.26050091560063
                ]
            ],
            "flags": {},
            "group_id": null,
            "label": "pickable_polybag"
        },
        {
            "shape_type": "polygon",
            "points": [
                [
                    0,
                    77.7405277603473
                ],
                [
                    89.2719817543206,
                    22.71116547651209
                ],
                [
                    182.02697168290513,
                    169.13306622729036
                ],
                [
                    71.50783599347092,
                    233.69450186178955
                ]
            ],
            "flags": {},
            "group_id": null,
            "label": "pickable_flat"
        }
    ],
    "imagePath": "1616050635-573960-por1094.png",
    "flags": {},
    "imageWidth": 640,
    "imageHeight": 360
}