{
    "shapes": [
        {
            "shape_type": "polygon",
            "points": [
                [
                    56.04986454631163,
                    34.938760577718405
                ],
                [
                    195.3171710423571,
                    31.05313007918467
                ],
                [
                    200.977883741193,
                    125.792310742119
                ],
                [
                    62.54813167507728,
                    146.66007933716034
                ]
            ],
            "flags": {},
            "group_id": null,
            "label": "pickable_flat"
        },
        {
            "shape_type": "polygon",
            "points": [
                [
                    88.99441266681282,
                    143.76751735368924
                ],
                [
                    252.8373878734244,
                    132.81710413054876
                ],
                [
                    260.482015972598,
                    259.88321983302814
                ],
                [
                    97.25887547673017,
                    271.4534677669124
                ]
            ],
            "flags": {},
            "group_id": null,
            "label": "pickable_box"
        },
        {
            "shape_type": "polygon",
            "points": [
                [
                    355.4789299931003,
                    281.86873406376276
                ],
                [
                    341.6212040891111,
                    222.8721434657487
                ],
                [
                    489.2867591745949,
                    164.78688352995493
                ],
                [
                    468.3152040393388,
                    261.9399084409869
                ]
            ],
            "flags": {},
            "group_id": null,
            "label": "pickable_smartpac"
        }
    ],
    "imagePath": "1616051009-113577-por1094.png",
    "flags": {},
    "imageWidth": 640,
    "imageHeight": 360
}