{
    "shapes": [
        {
            "shape_type": "polygon",
            "points": [
                [
                    151.9632867132867,
                    271.74475524475525
                ],
                [
                    247.5926573426573,
                    192.69882561231535
                ],
                [
                    171.55959949141763,
                    118.52527189330708
                ],
                [
                    65.56786395422755,
                    172.2442801577699
                ]
            ],
            "flags": {},
            "group_id": null,
            "label": "pickable_smartpac"
        },
        {
            "shape_type": "polygon",
            "points": [
                [
                    309.9893515575333,
                    257.1616355296707
                ],
                [
                    402.1381118881119,
                    198.48394957925748
                ],
                [
                    342.014144945963,
                    90.42609833958807
                ],
                [
                    243.97695486331824,
                    150.0335363561169
                ]
            ],
            "flags": {},
            "group_id": null,
            "label": "pickable_smartpac"
        },
        {
            "shape_type": "polygon",
            "points": [
                [
                    374.2187662322992,
                    202.15280272230902
                ],
                [
                    453.93301181253713,
                    140.50289202056518
                ],
                [
                    494.8155595218864,
                    211.18898356632803
                ],
                [
                    433.3643123563539,
                    268.78535544841435
                ]
            ],
            "flags": {},
            "group_id": null,
            "label": "pickable_polybag"
        }
    ],
    "imagePath": "1616050564-243286-por1094.png",
    "flags": {},
    "imageWidth": 640,
    "imageHeight": 360
}