{
    "shapes": [
        {
            "shape_type": "polygon",
            "points": [
                [
                    114.9928725121033,
                    34.93141473910704
                ],
                [
                    98.87717003276447,
                    103.31984449117316
                ],
                [
                    185.44741796664874,
                    170.26199325150375
                ],
                [
                    214.7862609418554,
                    114.68348085480953
                ]
            ],
            "flags": {},
            "group_id": null,
            "label": "pickable_box"
        },
        {
            "shape_type": "polygon",
            "points": [
                [
                    354.4547557337399,
                    19.225823961486235
                ],
                [
                    398.56351706304497,
                    121.94485719411463
                ],
                [
                    246.9018856431054,
                    198.98413211858593
                ],
                [
                    196.7508282412927,
                    72.0959145959273
                ]
            ],
            "flags": {},
            "group_id": null,
            "label": "pickable_flat"
        }
    ],
    "imagePath": "1616051127-231360-por1094.png",
    "flags": {},
    "imageWidth": 640,
    "imageHeight": 360
}