{
    "shapes": [
        {
            "shape_type": "polygon",
            "points": [
                [
                    417.1600690937482,
                    242.7594251952189
                ],
                [
                    415.87748803843965,
                    262.07699573656566
                ],
                [
                    462.8577804732777,
                    247.69976457611767
                ],
                [
                    462.97357325569595,
                    232.05002815003374
                ]
            ],
            "flags": {},
            "group_id": null,
            "label": "pickable_polybag"
        },
        {
            "shape_type": "polygon",
            "points": [
                [
                    402.08898994456183,
                    132.9766182009584
                ],
                [
                    425.4360973825783,
                    130.91050249847905
                ],
                [
                    427.7088246553056,
                    219.75347770509063
                ],
                [
                    396.0972544073717,
                    224.09232068029723
                ]
            ],
            "flags": {},
            "group_id": null,
            "label": "pickable_polybag"
        },
        {
            "shape_type": "polygon",
            "points": [
                [
                    420.08918497613246,
                    122.01157761001271
                ],
                [
                    437.4933147696428,
                    121.12662185780033
                ],
                [
                    433.9534917607932,
                    22.011577610012726
                ],
                [
                    415.959391465808,
                    21.4216071085378
                ]
            ],
            "flags": {},
            "group_id": null,
            "label": "pickable_polybag"
        }
    ],
    "imagePath": "1616050666-894873-por1094.png",
    "flags": {},
    "imageWidth": 640,
    "imageHeight": 360
}