{
    "shapes": [
        {
            "shape_type": "polygon",
            "points": [
                [
                    336.8217262020522,
                    151.85710966796012
                ],
                [
                    333.91251299872135,
                    264.68207881645867
                ],
                [
                    250.69572978193813,
                    265.5562046905846
                ],
                [
                    253.49293257914093,
                    152.79396692834678
                ]
            ],
            "flags": {},
            "group_id": null,
            "label": "pickable_box"
        },
        {
            "shape_type": "polygon",
            "points": [
                [
                    201.43504336937463,
                    118.19354090385933
                ],
                [
                    238.14677873298714,
                    225.99151937589926
                ],
                [
                    147.95447104067944,
                    254.4530578374377
                ],
                [
                    113.14677873298712,
                    144.4530578374377
                ]
            ],
            "flags": {},
            "group_id": null,
            "label": "pickable_smartpac"
        },
        {
            "shape_type": "polygon",
            "points": [
                [
                    464.22365124466285,
                    157.2236239449937
                ],
                [
                    470.8307941018057,
                    262.2236239449937
                ],
                [
                    371.7236512446627,
                    262.22362394499385
                ],
                [
                    324.22365124466296,
                    164.36648108785084
                ]
            ],
            "flags": {},
            "group_id": null,
            "label": "pickable_smartpac"
        }
    ],
    "imagePath": "1616050838-404171-por1094.png",
    "flags": {},
    "imageWidth": 640,
    "imageHeight": 360
}