{
    "shapes": [
        {
            "shape_type": "polygon",
            "points": [
                [
                    369.14288957527174,
                    144.93508765841273
                ],
                [
                    294.58995989900245,
                    242.29293408043029
                ],
                [
                    381.8713589451074,
                    293.64428543178167
                ],
                [
                    465.97310775273854,
                    210.81439671953999
                ]
            ],
            "flags": {},
            "group_id": null,
            "label": "pickable_smartpac"
        },
        {
            "shape_type": "polygon",
            "points": [
                [
                    298.54935904005737,
                    30.0415947050759
                ],
                [
                    298.18928409541417,
                    158.8680297246637
                ],
                [
                    127.96274687858569,
                    155.63178376997115
                ],
                [
                    131.19899283327825,
                    31.845376002980842
                ]
            ],
            "flags": {},
            "group_id": null,
            "label": "pickable_flat"
        },
        {
            "shape_type": "polygon",
            "points": [
                [
                    126.88230914761371,
                    157.29566858865505
                ],
                [
                    210.81624308154764,
                    150.238611531598
                ],
                [
                    217.12254938785395,
                    263.30167459466105
                ],
                [
                    132.5880148533194,
                    271.4097827027692
                ]
            ],
            "flags": {},
            "group_id": null,
            "label": "pickable_box"
        }
    ],
    "imagePath": "1616050833-272190-por1094.png",
    "flags": {},
    "imageWidth": 640,
    "imageHeight": 360
}