{
    "shapes": [
        {
            "shape_type": "polygon",
            "points": [
                [
                    0,
                    39.86363636363637
                ],
                [
                    117.5804007820137,
                    25.61632453567938
                ],
                [
                    131.29007820136854,
                    157.60557184750732
                ],
                [
                    24.83846529814274,
                    162.1754643206256
                ]
            ],
            "flags": {},
            "group_id": null,
            "label": "pickable_smartpac"
        },
        {
            "shape_type": "polygon",
            "points": [
                [
                    202.760781702953,
                    32.02429031673605
                ],
                [
                    341.9660695361434,
                    31.516050366841966
                ],
                [
                    346.33856754803156,
                    121.26548089076
                ],
                [
                    207.72943706050611,
                    137.11915586481342
                ]
            ],
            "flags": {},
            "group_id": null,
            "label": "pickable_flat"
        },
        {
            "shape_type": "polygon",
            "points": [
                [
                    127.60331465893634,
                    150.68248313036167
                ],
                [
                    137.68734886831282,
                    263.03016485741665
                ],
                [
                    214.0236330080652,
                    256.1793085845951
                ],
                [
                    204.66795977955962,
                    139.41630280424832
                ]
            ],
            "flags": {},
            "group_id": null,
            "label": "pickable_box"
        },
        {
            "shape_type": "polygon",
            "points": [
                [
                    259.5262939871159,
                    245.05714188060534
                ],
                [
                    266.2835906017064,
                    117.37773531113535
                ],
                [
                    426.10805084899954,
                    125.64219812105272
                ],
                [
                    419.15693290422416,
                    250.96733105717928
                ]
            ],
            "flags": {},
            "group_id": null,
            "label": "pickable_box"
        },
        {
            "shape_type": "polygon",
            "points": [
                [
                    381.0378990135201,
                    272.74963613758183
                ],
                [
                    424.1348302711279,
                    187.07470500810504
                ],
                [
                    511.1807653086063,
                    160.9039061100334
                ],
                [
                    491.55106449497305,
                    267.5346960389207
                ]
            ],
            "flags": {},
            "group_id": null,
            "label": "pickable_smartpac"
        }
    ],
    "imagePath": "1616051015-116843-por1094.png",
    "flags": {},
    "imageWidth": 640,
    "imageHeight": 360
}