{
    "shapes": [
        {
            "shape_type": "polygon",
            "points": [
                [
                    122.90448529964661,
                    31.88363786750884
                ],
                [
                    123.44211970824877,
                    146.13094969546583
                ],
                [
                    253.2808293856681,
                    142.90514324385293
                ],
                [
                    252.20556056846382,
                    33.227723889014214
                ]
            ],
            "flags": {},
            "group_id": null,
            "label": "pickable_smartpac"
        },
        {
            "shape_type": "polygon",
            "points": [
                [
                    219.78976033741432,
                    142.47192543526856
                ],
                [
                    228.88066942832342,
                    265.61242130303714
                ],
                [
                    337.3517438084887,
                    255.4884543608884
                ],
                [
                    327.0211652960921,
                    134.00085105510328
                ]
            ],
            "flags": {},
            "group_id": null,
            "label": "pickable_smartpac"
        }
    ],
    "imagePath": "1616051450-783342-por1094.png",
    "flags": {},
    "imageWidth": 640,
    "imageHeight": 360
}