{
    "shapes": [
        {
            "shape_type": "polygon",
            "points": [
                [
                    324.1716482442289,
                    68.102225731258
                ],
                [
                    251.8259831566283,
                    168.85792164824423
                ],
                [
                    385.4281336942627,
                    261.8686743364163
                ],
                [
                    458.54641326415515,
                    168.32028723964208
                ]
            ],
            "flags": {},
            "group_id": null,
            "label": "pickable_flat"
        },
        {
            "shape_type": "polygon",
            "points": [
                [
                    108.81523046845626,
                    159.18050229340554
                ],
                [
                    124.40662831791863,
                    272.89017971276036
                ],
                [
                    223.06254229641326,
                    256.2235130460937
                ],
                [
                    210.69695089856378,
                    141.16974960523348
                ]
            ],
            "flags": {},
            "group_id": null,
            "label": "pickable_smartpac"
        }
    ],
    "imagePath": "1616051423-991222-por1094.png",
    "flags": {},
    "imageWidth": 640,
    "imageHeight": 360
}