{
    "shapes": [
        {
            "shape_type": "polygon",
            "points": [
                [
                    355.63773749249054,
                    133.64934631006838
                ],
                [
                    359.88773749249054,
                    257.8993463100684
                ],
                [
                    461.81246867528625,
                    256.36171190146626
                ],
                [
                    459.38773749249054,
                    134.14934631006838
                ]
            ],
            "flags": {},
            "group_id": null,
            "label": "pickable_smartpac"
        },
        {
            "shape_type": "polygon",
            "points": [
                [
                    271.4411209258097,
                    134.14114103531526
                ],
                [
                    247.96775258372435,
                    223.26842285577044
                ],
                [
                    87.43011817512217,
                    214.99885546392247
                ],
                [
                    109.77695488429947,
                    109.34494198555286
                ]
            ],
            "flags": {},
            "group_id": null,
            "label": "pickable_smartpac"
        }
    ],
    "imagePath": "1616051516-310871-por1094.png",
    "flags": {},
    "imageWidth": 640,
    "imageHeight": 360
}