{
    "shapes": [
        {
            "shape_type": "polygon",
            "points": [
                [
                    318.17131644579194,
                    137.74670712399114
                ],
                [
                    320.29401037777683,
                    255.27080338780732
                ],
                [
                    423.5947438741094,
                    257.5935417741154
                ],
                [
                    423.7169932628624,
                    138.52263712863862
                ]
            ],
            "flags": {},
            "group_id": null,
            "label": "pickable_smartpac"
        },
        {
            "shape_type": "polygon",
            "points": [
                [
                    356.9688270036938,
                    118.4737373731374
                ],
                [
                    274.8172377616399,
                    184.48840729978775
                ],
                [
                    208.80256783498953,
                    132.41016769098582
                ],
                [
                    281.540954143058,
                    51.72557111396869
                ]
            ],
            "flags": {},
            "group_id": null,
            "label": "pickable_smartpac"
        },
        {
            "shape_type": "polygon",
            "points": [
                [
                    235.21696979439335,
                    119.80247942052662
                ],
                [
                    285.65326996891343,
                    228.70300298073602
                ],
                [
                    178.23066200658167,
                    272.6019453188365
                ],
                [
                    134.74072912067564,
                    162.13214666111836
                ]
            ],
            "flags": {},
            "group_id": null,
            "label": "pickable_smartpac"
        },
        {
            "shape_type": "polygon",
            "points": [
                [
                    49.32683661105534,
                    42.73982267460193
                ],
                [
                    176.3987924971379,
                    35.78189387201294
                ],
                [
                    184.04434014755074,
                    146.78835427333968
                ],
                [
                    58.5150748922581,
                    151.64514132190754
                ]
            ],
            "flags": {},
            "group_id": null,
            "label": "pickable_smartpac"
        }
    ],
    "imagePath": "1616051152-835327-por1094.png",
    "flags": {},
    "imageWidth": 640,
    "imageHeight": 360
}