{
    "shapes": [
        {
            "shape_type": "polygon",
            "points": [
                [
                    177.61582854697,
                    118.13259817105971
                ],
                [
                    176.5931952662722,
                    228.27245831091986
                ],
                [
                    293.068118192808,
                    246.74001226234478
                ],
                [
                    305.1648923863564,
                    128.99807677847383
                ]
            ],
            "flags": {},
            "group_id": null,
            "label": "pickable_smartpac"
        },
        {
            "shape_type": "polygon",
            "points": [
                [
                    354.9861178373473,
                    78.40843401654367
                ],
                [
                    379.94272940759527,
                    181.17083071075857
                ],
                [
                    477.71339056462006,
                    156.3774422810065
                ],
                [
                    452.0501674241242,
                    52.8650455867916
                ]
            ],
            "flags": {},
            "group_id": null,
            "label": "pickable_box"
        }
    ],
    "imagePath": "1616050777-079239-por1094.png",
    "flags": {},
    "imageWidth": 640,
    "imageHeight": 360
}