{
    "shapes": [
        {
            "shape_type": "polygon",
            "points": [
                [
                    158.22801465163892,
                    125.96810349846405
                ],
                [
                    295.00682382133994,
                    123.38976614783068
                ],
                [
                    294.4691894127378,
                    26.07793819084144
                ],
                [
                    156.119709175212,
                    28.07706945942243
                ]
            ],
            "flags": {},
            "group_id": null,
            "label": "pickable_box"
        },
        {
            "shape_type": "polygon",
            "points": [
                [
                    351.2826662499338,
                    95.10807104924754
                ],
                [
                    454.78266624993375,
                    73.58534377652028
                ],
                [
                    468.1008480681156,
                    196.47170741288394
                ],
                [
                    372.1917571590246,
                    215.1080710492475
                ]
            ],
            "flags": {},
            "group_id": null,
            "label": "pickable_smartpac"
        }
    ],
    "imagePath": "1616050695-765255-por1094.png",
    "flags": {},
    "imageWidth": 640,
    "imageHeight": 360
}