{
    "shapes": [
        {
            "shape_type": "polygon",
            "points": [
                [
                    117.79007530930608,
                    161.26116191500807
                ],
                [
                    129.60825712748792,
                    278.5338891877354
                ],
                [
                    294.1537116729424,
                    254.44298009682626
                ],
                [
                    283.699166218397,
                    144.8975255513717
                ]
            ],
            "flags": {},
            "group_id": null,
            "label": "pickable_flat"
        },
        {
            "shape_type": "polygon",
            "points": [
                [
                    192.58217928368796,
                    41.709795060457694
                ],
                [
                    164.0107507122594,
                    131.0521986885756
                ],
                [
                    225.6887552474068,
                    149.1927882577366
                ],
                [
                    253.57991170999185,
                    60.53065673846222
                ]
            ],
            "flags": {},
            "group_id": null,
            "label": "pickable_box"
        }
    ],
    "imagePath": "1616051283-610254-por1094.png",
    "flags": {},
    "imageWidth": 640,
    "imageHeight": 360
}