{
    "shapes": [
        {
            "shape_type": "polygon",
            "points": [
                [
                    383.36276992801925,
                    137.7103065743941
                ],
                [
                    381.0430705494964,
                    224.72334051256175
                ],
                [
                    467.2115920121355,
                    225.99520060795126
                ],
                [
                    469.4373471790671,
                    140.30362668108322
                ]
            ],
            "flags": {},
            "group_id": null,
            "label": "pickable_box"
        },
        {
            "shape_type": "polygon",
            "points": [
                [
                    296.6233567180178,
                    135.69313383529624
                ],
                [
                    285.335598371436,
                    222.4975853456301
                ],
                [
                    372.9349624413883,
                    232.3545010848988
                ],
                [
                    382.4739131568096,
                    146.66292715803073
                ]
            ],
            "flags": {},
            "group_id": null,
            "label": "pickable_box"
        },
        {
            "shape_type": "polygon",
            "points": [
                [
                    178.91131518244688,
                    104.00380567537984
                ],
                [
                    173.31690958804128,
                    186.69611336768753
                ],
                [
                    287.12809839923005,
                    194.73807140964558
                ],
                [
                    293.2469795181112,
                    112.5702392418134
                ]
            ],
            "flags": {},
            "group_id": null,
            "label": "pickable_box"
        }
    ],
    "imagePath": "1616051437-395784-por1094.png",
    "flags": {},
    "imageWidth": 640,
    "imageHeight": 360
}