{
    "shapes": [
        {
            "shape_type": "polygon",
            "points": [
                [
                    385.3857034573817,
                    124.5794659885569
                ],
                [
                    210.13363392378733,
                    156.77549576523182
                ],
                [
                    232.03446037006833,
                    269.5854131206038
                ],
                [
                    405.17495623783685,
                    244.9986362610996
                ]
            ],
            "flags": {},
            "group_id": null,
            "label": "pickable_flat"
        },
        {
            "shape_type": "polygon",
            "points": [
                [
                    368.71699341048395,
                    161.1355578358808
                ],
                [
                    469.63415317379753,
                    176.9772738122122
                ],
                [
                    466.59569163533604,
                    29.88555783588081
                ],
                [
                    380.7983543572295,
                    14.206563753040573
                ]
            ],
            "flags": {},
            "group_id": null,
            "label": "pickable_flat"
        }
    ],
    "imagePath": "1616050930-532636-por1094.png",
    "flags": {},
    "imageWidth": 640,
    "imageHeight": 360
}