{
    "shapes": [
        {
            "shape_type": "polygon",
            "points": [
                [
                    126.97291833288901,
                    156.42126544032706
                ],
                [
                    211.0638274237981,
                    150.0163067626411
                ],
                [
                    216.22911667999645,
                    263.65267039900476
                ],
                [
                    132.11882748949336,
                    271.5193484528486
                ]
            ],
            "flags": {},
            "group_id": null,
            "label": "pickable_box"
        },
        {
            "shape_type": "polygon",
            "points": [
                [
                    131.16493241795123,
                    31.77372047192648
                ],
                [
                    128.7801947390959,
                    154.34923716509024
                ],
                [
                    298.5735174735951,
                    159.27769503472456
                ],
                [
                    299.0504650093662,
                    30.501860376536975
                ]
            ],
            "flags": {},
            "group_id": null,
            "label": "pickable_flat"
        },
        {
            "shape_type": "polygon",
            "points": [
                [
                    368.36684020809435,
                    144.65130393774524
                ],
                [
                    464.3922774100021,
                    210.15209885030487
                ],
                [
                    394.12200713973186,
                    283.91998438289613
                ],
                [
                    291.41930443702904,
                    243.22046133043207
                ]
            ],
            "flags": {},
            "group_id": null,
            "label": "pickable_smartpac"
        }
    ],
    "imagePath": "1616050834-804664-por1094.png",
    "flags": {},
    "imageWidth": 640,
    "imageHeight": 360
}