{
    "shapes": [
        {
            "shape_type": "polygon",
            "points": [
                [
                    459.26090307541926,
                    137.8247102547802
                ],
                [
                    425.16999398451014,
                    245.67594992420172
                ],
                [
                    308.02123365393163,
                    208.27925570932564
                ],
                [
                    351.2030518357498,
                    108.07264413907771
                ]
            ],
            "flags": {},
            "group_id": null,
            "label": "pickable_smartpac"
        },
        {
            "shape_type": "polygon",
            "points": [
                [
                    254.50883695971675,
                    50.63462761015209
                ],
                [
                    232.19478737293989,
                    161.37842926304467
                ],
                [
                    92.31875431508865,
                    134.31231356056531
                ],
                [
                    115.04602704236137,
                    24.80818132916035
                ]
            ],
            "flags": {},
            "group_id": null,
            "label": "pickable_box"
        }
    ],
    "imagePath": "1616051092-373610-por1094.png",
    "flags": {},
    "imageWidth": 640,
    "imageHeight": 360
}