{
    "shapes": [
        {
            "shape_type": "polygon",
            "points": [
                [
                    135.68965601621,
                    213.71256169990343
                ],
                [
                    237.8050406315946,
                    208.71256169990343
                ],
                [
                    241.26657909313306,
                    267.3664078537496
                ],
                [
                    146.2665790931331,
                    274.6741001614419
                ]
            ],
            "flags": {},
            "group_id": null,
            "label": "pickable_box"
        },
        {
            "shape_type": "polygon",
            "points": [
                [
                    24.31004725288031,
                    87.00926499660672
                ],
                [
                    137.29009046548165,
                    114.29302774548574
                ],
                [
                    110.65161266421316,
                    209.21903197381553
                ],
                [
                    8.53744775935059,
                    169.6841482528853
                ]
            ],
            "flags": {},
            "group_id": null,
            "label": "pickable_smartpac"
        },
        {
            "shape_type": "polygon",
            "points": [
                [
                    239.60471624077718,
                    199.0593524670093
                ],
                [
                    272.20728726446305,
                    19.98181128464491
                ],
                [
                    399.38815047524173,
                    49.768863122964156
                ],
                [
                    354.415301497131,
                    222.76688025597176
                ]
            ],
            "flags": {},
            "group_id": null,
            "label": "pickable_flat"
        }
    ],
    "imagePath": "1616050933-257004-por1094.png",
    "flags": {},
    "imageWidth": 640,
    "imageHeight": 360
}