{
    "shapes": [
        {
            "shape_type": "polygon",
            "points": [
                [
                    244.0209327644495,
                    104.90243364485524
                ],
                [
                    348.0501505775815,
                    142.96059001839967
                ],
                [
                    308.51993343864524,
                    268.2185995848
                ],
                [
                    202.39033624074693,
                    223.73523706290857
                ]
            ],
            "flags": {},
            "group_id": null,
            "label": "pickable_smartpac"
        },
        {
            "shape_type": "polygon",
            "points": [
                [
                    355.280003491185,
                    34.067986625080195
                ],
                [
                    344.94725392901313,
                    147.20283776343396
                ],
                [
                    438.9927880796261,
                    157.01019328007143
                ],
                [
                    452.12763921797983,
                    44.22560483874043
                ]
            ],
            "flags": {},
            "group_id": null,
            "label": "pickable_smartpac"
        }
    ],
    "imagePath": "1616051116-305552-por1094.png",
    "flags": {},
    "imageWidth": 640,
    "imageHeight": 360
}