{
    "shapes": [
        {
            "shape_type": "polygon",
            "points": [
                [
                    162.89062653640815,
                    181.432343091152
                ],
                [
                    192.00952816264115,
                    80.52147487823102
                ],
                [
                    301.5136603940461,
                    115.02560710963597
                ],
                [
                    269.6954785758643,
                    216.67849967161945
                ]
            ],
            "flags": {},
            "group_id": null,
            "label": "pickable_smartpac"
        },
        {
            "shape_type": "polygon",
            "points": [
                [
                    333.3318422122279,
                    51.18263190302441
                ],
                [
                    454.1303023155009,
                    43.108685326404036
                ],
                [
                    460.3306202805247,
                    155.6683037683754
                ],
                [
                    340.29882377814,
                    164.09437690033093
                ]
            ],
            "flags": {},
            "group_id": null,
            "label": "pickable_smartpac"
        },
        {
            "shape_type": "polygon",
            "points": [
                [
                    389.72490723363524,
                    249.00469114888045
                ],
                [
                    402.2378942466222,
                    182.81962621381552
                ],
                [
                    471.28334879207677,
                    197.2579379021272
                ],
                [
                    458.03334879207677,
                    263.7579379021272
                ]
            ],
            "flags": {},
            "group_id": null,
            "label": "pickable_box"
        }
    ],
    "imagePath": "1616051201-686565-por1094.png",
    "flags": {},
    "imageWidth": 640,
    "imageHeight": 360
}