{
    "shapes": [
        {
            "shape_type": "polygon",
            "points": [
                [
                    361.964404533276,
                    149.49869278777467
                ],
                [
                    461.57463566540645,
                    145.56268440868533
                ],
                [
                    464.14187282922063,
                    252.16415140135038
                ],
                [
                    364.2641222179735,
                    264.389090276656
                ]
            ],
            "flags": {},
            "group_id": null,
            "label": "pickable_smartpac"
        },
        {
            "shape_type": "polygon",
            "points": [
                [
                    65.33643125126746,
                    93.28027466492081
                ],
                [
                    85.12053406058682,
                    227.0993536882078
                ],
                [
                    242.47612388639632,
                    173.70450699199986
                ],
                [
                    246.21759629084835,
                    59.113781092486654
                ]
            ],
            "flags": {},
            "group_id": null,
            "label": "pickable_smartpac"
        },
        {
            "shape_type": "polygon",
            "points": [
                [
                    234.57407294938315,
                    33.31634246646657
                ],
                [
                    359.3052557450821,
                    34.66042848797192
                ],
                [
                    362.53106219669496,
                    145.95075106861708
                ],
                [
                    239.14396542250142,
                    148.90774031592892
                ]
            ],
            "flags": {},
            "group_id": null,
            "label": "pickable_smartpac"
        }
    ],
    "imagePath": "1616050738-154299-por1094.png",
    "flags": {},
    "imageWidth": 640,
    "imageHeight": 360
}