{
    "shapes": [
        {
            "shape_type": "polygon",
            "points": [
                [
                    298.05111864975385,
                    102.8320434734827
                ],
                [
                    266.18894856177724,
                    243.907312290687
                ],
                [
                    372.00404744139234,
                    268.1982364203208
                ],
                [
                    424.65913429002757,
                    142.73917934836052
                ]
            ],
            "flags": {},
            "group_id": null,
            "label": "pickable_polybag"
        },
        {
            "shape_type": "polygon",
            "points": [
                [
                    385.8053217348081,
                    210.388285611739
                ],
                [
                    383.90257332043177,
                    230.41545149411868
                ],
                [
                    464.452256195696,
                    239.81439213837066
                ],
                [
                    463.70320529660756,
                    217.94187855542947
                ]
            ],
            "flags": {},
            "group_id": null,
            "label": "pickable_polybag"
        },
        {
            "shape_type": "polygon",
            "points": [
                [
                    410.9638841026728,
                    233.26048093329666
                ],
                [
                    407.3698037644064,
                    254.1907134914362
                ],
                [
                    465.08650566715477,
                    256.51629488678503
                ],
                [
                    465.08650566715477,
                    240.23722511934318
                ]
            ],
            "flags": {},
            "group_id": null,
            "label": "pickable_polybag"
        },
        {
            "shape_type": "polygon",
            "points": [
                [
                    169.42813369426273,
                    226.85107902849836
                ],
                [
                    208.17352808481843,
                    102.44510865478605
                ],
                [
                    297.4208399127754,
                    127.9827430633882
                ],
                [
                    263.2810549665389,
                    265.3483344612377
                ]
            ],
            "flags": {},
            "group_id": null,
            "label": "pickable_polybag"
        }
    ],
    "imagePath": "1616050625-100697-por1094.png",
    "flags": {},
    "imageWidth": 640,
    "imageHeight": 360
}