{
    "shapes": [
        {
            "shape_type": "polygon",
            "points": [
                [
                    259.44198982835354,
                    70.64601550040305
                ],
                [
                    188.78083280356014,
                    172.5055196326344
                ],
                [
                    322.4585187539733,
                    260.93527169875017
                ],
                [
                    392.4998410680229,
                    167.9600650871799
                ]
            ],
            "flags": {},
            "group_id": null,
            "label": "pickable_flat"
        }
    ],
    "imagePath": "1616051416-604691-por1094.png",
    "flags": {},
    "imageWidth": 640,
    "imageHeight": 360
}