{
    "shapes": [
        {
            "shape_type": "polygon",
            "points": [
                [
                    289.79115115653576,
                    133.52689618074234
                ],
                [
                    292.08113878376685,
                    260.6061707673483
                ],
                [
                    464.8084115110396,
                    256.06071622189376
                ],
                [
                    460.26295696558503,
                    130.85410465164583
                ]
            ],
            "flags": {},
            "group_id": null,
            "label": "pickable_flat"
        },
        {
            "shape_type": "polygon",
            "points": [
                [
                    118.06039710988186,
                    183.20331464940202
                ],
                [
                    225.9788447249161,
                    101.51648062375631
                ],
                [
                    296.3538974008537,
                    192.57060138710594
                ],
                [
                    201.1158021627584,
                    269.44134968642595
                ]
            ],
            "flags": {},
            "group_id": null,
            "label": "pickable_smartpac"
        }
    ],
    "imagePath": "1616051060-846811-por1094.png",
    "flags": {},
    "imageWidth": 640,
    "imageHeight": 360
}