{
    "shapes": [
        {
            "shape_type": "polygon",
            "points": [
                [
                    345.6504349661918,
                    206.7109354665186
                ],
                [
                    348.3386070092026,
                    267.7324408428627
                ],
                [
                    463.1235532457617,
                    256.17330105791643
                ],
                [
                    458.5536607726434,
                    192.19480643426053
                ]
            ],
            "flags": {},
            "group_id": null,
            "label": "pickable_box"
        },
        {
            "shape_type": "polygon",
            "points": [
                [
                    287.2428505317698,
                    95.53383126743232
                ],
                [
                    372.5887819789804,
                    31.42430315755377
                ],
                [
                    459.0777092073504,
                    116.93400109935264
                ],
                [
                    380.03442902511813,
                    189.59914916313394
                ]
            ],
            "flags": {},
            "group_id": null,
            "label": "pickable_smartpac"
        },
        {
            "shape_type": "polygon",
            "points": [
                [
                    180.25010217399236,
                    170.78800869296214
                ],
                [
                    217.7608170719865,
                    33.39893339886371
                ],
                [
                    327.78587972862806,
                    45.42900858683364
                ],
                [
                    282.9237243401569,
                    185.52925921340005
                ]
            ],
            "flags": {},
            "group_id": null,
            "label": "pickable_smartpac"
        },
        {
            "shape_type": "polygon",
            "points": [
                [
                    179.0222048797695,
                    245.52563928584664
                ],
                [
                    193.13440994955647,
                    158.482215066908
                ],
                [
                    302.274194895793,
                    170.84780646475747
                ],
                [
                    289.1917576198074,
                    262.2456559271231
                ]
            ],
            "flags": {},
            "group_id": null,
            "label": "pickable_smartpac"
        }
    ],
    "imagePath": "1616051548-236643-por1094.png",
    "flags": {},
    "imageWidth": 640,
    "imageHeight": 360
}