{
    "shapes": [
        {
            "shape_type": "polygon",
            "points": [
                [
                    359.304491530016,
                    40.264232876532326
                ],
                [
                    345.63199550457875,
                    144.3977781865482
                ],
                [
                    458.95951114045045,
                    167.27337922984665
                ],
                [
                    463.7272373018196,
                    61.16090979219383
                ]
            ],
            "flags": {},
            "group_id": null,
            "label": "pickable_smartpac"
        },
        {
            "shape_type": "polygon",
            "points": [
                [
                    281.06628411521774,
                    54.23228474917907
                ],
                [
                    210.60838160413945,
                    132.0757116324878
                ],
                [
                    273.828470230432,
                    184.66064516276845
                ],
                [
                    356.84176417430194,
                    118.92947824991764
                ]
            ],
            "flags": {},
            "group_id": null,
            "label": "pickable_smartpac"
        },
        {
            "shape_type": "polygon",
            "points": [
                [
                    235.15356418552048,
                    119.07937011586883
                ],
                [
                    284.65367788525015,
                    228.0302068863614
                ],
                [
                    177.41272907126765,
                    272.84918316601187
                ],
                [
                    136.71360297888313,
                    161.61322810983208
                ]
            ],
            "flags": {},
            "group_id": null,
            "label": "pickable_smartpac"
        },
        {
            "shape_type": "polygon",
            "points": [
                [
                    49.8109305888426,
                    42.70976875560414
                ],
                [
                    177.7550423652897,
                    36.12294240829875
                ],
                [
                    183.69615553066404,
                    146.81216304536562
                ],
                [
                    59.57941205908183,
                    151.57406780727038
                ]
            ],
            "flags": {},
            "group_id": null,
            "label": "pickable_smartpac"
        },
        {
            "shape_type": "polygon",
            "points": [
                [
                    320.37959800782465,
                    255.37490053424912
                ],
                [
                    424.15907198788443,
                    257.93473604207435
                ],
                [
                    419.43731819361795,
                    137.53001428828009
                ],
                [
                    318.0505312250435,
                    137.84109849481118
                ]
            ],
            "flags": {},
            "group_id": null,
            "label": "pickable_smartpac"
        }
    ],
    "imagePath": "1616051150-702516-por1094.png",
    "flags": {},
    "imageWidth": 640,
    "imageHeight": 360
}