{
    "shapes": [
        {
            "shape_type": "polygon",
            "points": [
                [
                    274.7986820871436,
                    92.03308230231308
                ],
                [
                    177.94553523399676,
                    179.4456697149005
                ],
                [
                    256.9665142549758,
                    264.0610543302851
                ],
                [
                    353.4700107584723,
                    177.3477676169984
                ]
            ],
            "flags": {},
            "group_id": null,
            "label": "pickable_smartpac"
        },
        {
            "shape_type": "polygon",
            "points": [
                [
                    409.06441635287786,
                    126.29881656804734
                ],
                [
                    387.73574502420655,
                    242.0330823023131
                ],
                [
                    469.9035771920387,
                    252.52259279182357
                ],
                [
                    469.55392684238836,
                    140.63448090371173
                ]
            ],
            "flags": {},
            "group_id": null,
            "label": "pickable_smartpac"
        },
        {
            "shape_type": "polygon",
            "points": [
                [
                    199.5589618917272,
                    51.47771256656358
                ],
                [
                    106.0589618917272,
                    86.47771256656358
                ],
                [
                    143.3089618917272,
                    198.22771256656358
                ],
                [
                    228.8089618917272,
                    148.97771256656358
                ]
            ],
            "flags": {},
            "group_id": null,
            "label": "pickable_smartpac"
        }
    ],
    "imagePath": "1616051254-475593-por1094.png",
    "flags": {},
    "imageWidth": 640,
    "imageHeight": 360
}