{
    "shapes": [
        {
            "shape_type": "polygon",
            "points": [
                [
                    380.81429449188306,
                    40.32072472981563
                ],
                [
                    280.81429449188306,
                    192.5934520025429
                ],
                [
                    387.01264159932106,
                    253.75047679593135
                ],
                [
                    475.2357820951888,
                    107.26287349014622
                ]
            ],
            "flags": {},
            "group_id": null,
            "label": "pickable_flat"
        },
        {
            "shape_type": "polygon",
            "points": [
                [
                    114.67365913951008,
                    187.1436490245466
                ],
                [
                    125.67365913951008,
                    282.89364902454656
                ],
                [
                    218.92365913951008,
                    245.6436490245466
                ],
                [
                    196.67365913951008,
                    160.8936490245466
                ]
            ],
            "flags": {},
            "group_id": null,
            "label": "pickable_polybag"
        },
        {
            "shape_type": "polygon",
            "points": [
                [
                    241.17365913951008,
                    37.89364902454659
                ],
                [
                    235.42365913951008,
                    157.6436490245466
                ],
                [
                    73.42365913951008,
                    146.8936490245466
                ],
                [
                    71.92365913951008,
                    25.89364902454659
                ]
            ],
            "flags": {},
            "group_id": null,
            "label": "pickable_smartpac"
        }
    ],
    "imagePath": "1616051320-869821-por1094.png",
    "flags": {},
    "imageWidth": 640,
    "imageHeight": 360
}