{
    "shapes": [
        {
            "shape_type": "polygon",
            "points": [
                [
                    262.53079612694995,
                    0
                ],
                [
                    243.64967724583107,
                    109.27245831091983
                ],
                [
                    384.558768154922,
                    138.29343733189887
                ],
                [
                    397.49583109198494,
                    29.55217859064011
                ]
            ],
            "flags": {},
            "group_id": null,
            "label": "pickable_box"
        },
        {
            "shape_type": "polygon",
            "points": [
                [
                    394.34897794513176,
                    61.37036040882193
                ],
                [
                    467.0762506724045,
                    47.7339967724583
                ],
                [
                    478.2650618612157,
                    173.25847229693383
                ],
                [
                    379.31401291016675,
                    181.30043033889186
                ]
            ],
            "flags": {},
            "group_id": null,
            "label": "pickable_polybag"
        },
        {
            "shape_type": "polygon",
            "points": [
                [
                    234.0757127487897,
                    262.4298009682625
                ],
                [
                    243.18813878429265,
                    139.50080688542218
                ],
                [
                    394.0165411511565,
                    139.79666487358796
                ],
                [
                    415.3183162990855,
                    260.80258203335126
                ]
            ],
            "flags": {},
            "group_id": null,
            "label": "pickable_flat"
        },
        {
            "shape_type": "polygon",
            "points": [
                [
                    62.6555944055944,
                    225.29962345346962
                ],
                [
                    88.3952393760086,
                    116.12802582033352
                ],
                [
                    248.15855298547606,
                    150.44755244755243
                ],
                [
                    230.9987896718666,
                    268.4948897256591
                ]
            ],
            "flags": {},
            "group_id": null,
            "label": "pickable_polybag"
        }
    ],
    "imagePath": "1616051271-347615-por1094.png",
    "flags": {},
    "imageWidth": 640,
    "imageHeight": 360
}