{
    "shapes": [
        {
            "shape_type": "polygon",
            "points": [
                [
                    48.58417413476066,
                    94.19172665067096
                ],
                [
                    132.74395374908573,
                    97.33977605971744
                ],
                [
                    125.71916036065599,
                    212.83564382831247
                ],
                [
                    45.140647963961754,
                    205.81085043988273
                ]
            ],
            "flags": {},
            "group_id": null,
            "label": "pickable_box"
        },
        {
            "shape_type": "polygon",
            "points": [
                [
                    236.66957358379645,
                    259.52985870434554
                ],
                [
                    258.3637884598295,
                    137.00919754732075
                ],
                [
                    143.69436697222622,
                    119.24060250599842
                ],
                [
                    123.4464330879287,
                    243.00093308451082
                ]
            ],
            "flags": {},
            "group_id": null,
            "label": "pickable_smartpac"
        },
        {
            "shape_type": "polygon",
            "points": [
                [
                    341.1591616220265,
                    35.710996134013975
                ],
                [
                    459.04377700664185,
                    48.210996134013975
                ],
                [
                    457.3404803033452,
                    209.69451261753048
                ],
                [
                    332.120700083565,
                    206.67253459555243
                ]
            ],
            "flags": {},
            "group_id": null,
            "label": "pickable_smartpac"
        }
    ],
    "imagePath": "1616050586-243634-por1094.png",
    "flags": {},
    "imageWidth": 640,
    "imageHeight": 360
}