{
    "shapes": [
        {
            "shape_type": "polygon",
            "points": [
                [
                    162.37587412587413,
                    142.37412587412587
                ],
                [
                    255.07713669517187,
                    108.09284019987831
                ],
                [
                    295.9484598978734,
                    215.3109153798303
                ],
                [
                    204.00631113754284,
                    247.95554347900386
                ]
            ],
            "flags": {},
            "group_id": null,
            "label": "pickable_smartpac"
        },
        {
            "shape_type": "polygon",
            "points": [
                [
                    302.56003014580733,
                    150.22827075173115
                ],
                [
                    303.38647642679905,
                    264.69108066908655
                ],
                [
                    463.12673616705877,
                    256.95790475409245
                ],
                [
                    468.05589791440235,
                    132.8728988509047
                ]
            ],
            "flags": {},
            "group_id": null,
            "label": "pickable_smartpac"
        }
    ],
    "imagePath": "1616050556-110887-por1094.png",
    "flags": {},
    "imageWidth": 640,
    "imageHeight": 360
}