{
    "shapes": [
        {
            "shape_type": "polygon",
            "points": [
                [
                    159.80244755244755,
                    38.25309306078537
                ],
                [
                    75.71153846153847,
                    134.16218396987628
                ],
                [
                    200.71153846153845,
                    240.98036578805807
                ],
                [
                    284.34790209790214,
                    142.7985476062399
                ]
            ],
            "flags": {},
            "group_id": null,
            "label": "pickable_box"
        },
        {
            "shape_type": "polygon",
            "points": [
                [
                    352.8189764780674,
                    118.37706000293413
                ],
                [
                    397.07517482517477,
                    221.889456697149
                ],
                [
                    473.4388111888111,
                    191.889456697149
                ],
                [
                    429.9931659249841,
                    89.61037214533717
                ]
            ],
            "flags": {},
            "group_id": null,
            "label": "pickable_box"
        }
    ],
    "imagePath": "1616051524-838733-por1094.png",
    "flags": {},
    "imageWidth": 640,
    "imageHeight": 360
}