{
    "shapes": [
        {
            "shape_type": "polygon",
            "points": [
                [
                    355.6136363636364,
                    45.45104895104894
                ],
                [
                    349.25433588668886,
                    199.68354141883555
                ],
                [
                    463.5627619598208,
                    198.41168132344606
                ],
                [
                    461.81395432866026,
                    30.84411375587847
                ]
            ],
            "flags": {},
            "group_id": null,
            "label": "pickable_smartpac"
        },
        {
            "shape_type": "polygon",
            "points": [
                [
                    169.17158695117587,
                    26.06698696652631
                ],
                [
                    208.43711058416943,
                    133.28431782843546
                ],
                [
                    143.17763091822687,
                    180.50066306478405
                ],
                [
                    83.0520110293826,
                    82.37678632759355
                ]
            ],
            "flags": {},
            "group_id": null,
            "label": "pickable_smartpac"
        },
        {
            "shape_type": "polygon",
            "points": [
                [
                    240.91370844126428,
                    52.702673217224735
                ],
                [
                    273.6326024504809,
                    154.39238135854578
                ],
                [
                    219.56194192820743,
                    172.36473158896052
                ],
                [
                    189.45441504648701,
                    71.90390209587297
                ]
            ],
            "flags": {},
            "group_id": null,
            "label": "pickable_box"
        }
    ],
    "imagePath": "1616050809-886608-por1094.png",
    "flags": {},
    "imageWidth": 640,
    "imageHeight": 360
}