{
    "shapes": [
        {
            "shape_type": "polygon",
            "points": [
                [
                    182.33439090798666,
                    94.65188428384911
                ],
                [
                    216.63191156914368,
                    159.32130577145242
                ],
                [
                    136.8798454534412,
                    200.8502313912871
                ],
                [
                    102.37571322203624,
                    137.21386775492348
                ]
            ],
            "flags": {},
            "group_id": null,
            "label": "pickable_box"
        },
        {
            "shape_type": "polygon",
            "points": [
                [
                    155.6814983460032,
                    183.28824792021274
                ],
                [
                    156.71455619724284,
                    273.99072725905575
                ],
                [
                    216.21868842864782,
                    271.9246115565764
                ],
                [
                    229.23521735426766,
                    183.90808263095656
                ]
            ],
            "flags": {},
            "group_id": null,
            "label": "pickable_polybag"
        },
        {
            "shape_type": "polygon",
            "points": [
                [
                    460.02034132120986,
                    111.38742147393175
                ],
                [
                    372.41703553608585,
                    179.77585122599785
                ],
                [
                    445.1443082633586,
                    264.6932065978987
                ],
                [
                    487.49968016418507,
                    183.70147106070868
                ]
            ],
            "flags": {},
            "group_id": null,
            "label": "pickable_smartpac"
        }
    ],
    "imagePath": "1616051475-981234-por1094.png",
    "flags": {},
    "imageWidth": 640,
    "imageHeight": 360
}