{
    "shapes": [
        {
            "shape_type": "polygon",
            "points": [
                [
                    352.2441858611538,
                    54.298145005501844
                ],
                [
                    355.2110270478903,
                    133.87929683796258
                ],
                [
                    459.0504685836669,
                    133.5302566983465
                ],
                [
                    459.92306893270705,
                    50.45870346972523
                ]
            ],
            "flags": {},
            "group_id": null,
            "label": "pickable_flat"
        },
        {
            "shape_type": "polygon",
            "points": [
                [
                    346.83406369710497,
                    33.87929683796258
                ],
                [
                    345.6124232084488,
                    129.69081516256983
                ],
                [
                    233.3960183218868,
                    127.59657432487357
                ],
                [
                    232.52341797284666,
                    33.70477676815455
                ]
            ],
            "flags": {},
            "group_id": null,
            "label": "pickable_smartpac"
        }
    ],
    "imagePath": "1616050925-536631-por1094.png",
    "flags": {},
    "imageWidth": 640,
    "imageHeight": 360
}