{
    "shapes": [
        {
            "shape_type": "polygon",
            "points": [
                [
                    359.7831759565389,
                    56.357954301744115
                ],
                [
                    371.5135604864344,
                    191.56123179775332
                ],
                [
                    461.8028166847815,
                    190.52817394651365
                ],
                [
                    462.38238213301054,
                    67.25445886775694
                ]
            ],
            "flags": {},
            "group_id": null,
            "label": "pickable_smartpac"
        },
        {
            "shape_type": "polygon",
            "points": [
                [
                    279.66396920218745,
                    144.93332520412065
                ],
                [
                    292.52385403903963,
                    255.48994708511873
                ],
                [
                    129.7599384920147,
                    276.6031908471149
                ],
                [
                    114.98066785861738,
                    162.20779737302658
                ]
            ],
            "flags": {},
            "group_id": null,
            "label": "pickable_flat"
        },
        {
            "shape_type": "polygon",
            "points": [
                [
                    158.16684828088225,
                    152.80280696995558
                ],
                [
                    221.89045672617976,
                    145.8930181023932
                ],
                [
                    215.17260643827188,
                    54.9141313461552
                ],
                [
                    152.79256805055596,
                    57.60127146131835
                ]
            ],
            "flags": {},
            "group_id": null,
            "label": "pickable_box"
        }
    ],
    "imagePath": "1616051281-147688-por1094.png",
    "flags": {},
    "imageWidth": 640,
    "imageHeight": 360
}