{
    "shapes": [
        {
            "shape_type": "polygon",
            "points": [
                [
                    40.60445117330972,
                    160.70427215464437
                ],
                [
                    103.6980236769219,
                    140.71833517716001
                ],
                [
                    118.16543226197754,
                    184.27954344425063
                ],
                [
                    55.20835754019694,
                    203.8343924108643
                ]
            ],
            "flags": {},
            "group_id": null,
            "label": "pickable_box"
        },
        {
            "shape_type": "polygon",
            "points": [
                [
                    127.83998267182209,
                    248.55563102916176
                ],
                [
                    149.34647617831558,
                    101.67251414604488
                ],
                [
                    267.0867359185753,
                    125.6367998603306
                ],
                [
                    248.08673591857533,
                    258.1367998603306
                ]
            ],
            "flags": {},
            "group_id": null,
            "label": "pickable_polybag"
        },
        {
            "shape_type": "polygon",
            "points": [
                [
                    339.3367359185753,
                    167.3867998603306
                ],
                [
                    423.8367359185753,
                    216.6367998603306
                ],
                [
                    482.0867359185753,
                    115.8867998603306
                ],
                [
                    396.8367359185753,
                    66.3867998603306
                ]
            ],
            "flags": {},
            "group_id": null,
            "label": "pickable_box"
        }
    ],
    "imagePath": "1616050701-027977-por1094.png",
    "flags": {},
    "imageWidth": 640,
    "imageHeight": 360
}