{
    "shapes": [
        {
            "shape_type": "polygon",
            "points": [
                [
                    125.8829799233025,
                    193.19234239705702
                ],
                [
                    127.22706594480788,
                    256.90201981641184
                ],
                [
                    244.96900142867884,
                    256.6332026121108
                ],
                [
                    245.506635837281,
                    191.0418047626484
                ]
            ],
            "flags": {},
            "group_id": null,
            "label": "pickable_box"
        },
        {
            "shape_type": "polygon",
            "points": [
                [
                    415.54419406644803,
                    155.56198996739872
                ],
                [
                    374.79419406644803,
                    231.56198996739872
                ],
                [
                    425.29419406644803,
                    258.56198996739874
                ],
                [
                    465.04419406644803,
                    181.31198996739872
                ]
            ],
            "flags": {},
            "group_id": null,
            "label": "pickable_box"
        },
        {
            "shape_type": "polygon",
            "points": [
                [
                    228.7154190519105,
                    34.344362130765575
                ],
                [
                    228.7154190519105,
                    149.45010231203446
                ],
                [
                    102.73354594012801,
                    151.8670207410375
                ],
                [
                    113.00544926339084,
                    35.85493614889246
                ]
            ],
            "flags": {},
            "group_id": null,
            "label": "pickable_smartpac"
        }
    ],
    "imagePath": "1616051546-055985-por1094.png",
    "flags": {},
    "imageWidth": 640,
    "imageHeight": 360
}