{
    "shapes": [
        {
            "shape_type": "polygon",
            "points": [
                [
                    285.6574947965624,
                    37.642706439208915
                ],
                [
                    290.3334827870665,
                    130.91861064253243
                ],
                [
                    399.53160455776907,
                    123.19399117597753
                ],
                [
                    394.7063357405647,
                    31.40635676737537
                ]
            ],
            "flags": {},
            "group_id": null,
            "label": "pickable_smartpac"
        },
        {
            "shape_type": "polygon",
            "points": [
                [
                    52.79036192942965,
                    92.8180311145336
                ],
                [
                    67.81783445690218,
                    175.29055858706107
                ],
                [
                    199.2189333580011,
                    178.3400091365116
                ],
                [
                    170.6325197715874,
                    53.55479435129681
                ]
            ],
            "flags": {},
            "group_id": null,
            "label": "pickable_polybag"
        }
    ],
    "imagePath": "1616051267-212488-por1094.png",
    "flags": {},
    "imageWidth": 640,
    "imageHeight": 360
}