{
    "shapes": [
        {
            "shape_type": "polygon",
            "points": [
                [
                    345.6018253255415,
                    69.57081598968753
                ],
                [
                    464.7983463443861,
                    49.100739369269235
                ],
                [
                    475.75936710039565,
                    174.62521489374478
                ],
                [
                    375.89715641813945,
                    179.93368774208096
                ]
            ],
            "flags": {},
            "group_id": null,
            "label": "pickable_polybag"
        },
        {
            "shape_type": "polygon",
            "points": [
                [
                    234.0757127487897,
                    262.42980096826244
                ],
                [
                    241.2650618612157,
                    139.1161915008068
                ],
                [
                    393.10537941994914,
                    138.88550314238063
                ],
                [
                    414.1793641350763,
                    260.5747916005495
                ]
            ],
            "flags": {},
            "group_id": null,
            "label": "pickable_flat"
        },
        {
            "shape_type": "polygon",
            "points": [
                [
                    64.53731483570192,
                    228.52542990508255
                ],
                [
                    86.78233615020216,
                    117.20329463753782
                ],
                [
                    247.77393760086068,
                    148.1398601398601
                ],
                [
                    232.07405848907092,
                    267.9572553170569
                ]
            ],
            "flags": {},
            "group_id": null,
            "label": "pickable_polybag"
        },
        {
            "shape_type": "polygon",
            "points": [
                [
                    221.3400220045671,
                    34.859667040472175
                ],
                [
                    315.4286638045067,
                    37.34062513603682
                ],
                [
                    320.11523572563897,
                    139.2022155282022
                ],
                [
                    233.79538986822087,
                    147.87273575941606
                ]
            ],
            "flags": {},
            "group_id": null,
            "label": "pickable_smartpac"
        }
    ],
    "imagePath": "1616051272-876091-por1094.png",
    "flags": {},
    "imageWidth": 640,
    "imageHeight": 360
}