{
    "shapes": [
        {
            "shape_type": "polygon",
            "points": [
                [
                    304.36188811188805,
                    138.61888111888112
                ],
                [
                    322.54370629370624,
                    259.98251748251744
                ],
                [
                    470.7255244755244,
                    237.70979020979019
                ],
                [
                    455.270979020979,
                    118.16433566433565
                ]
            ],
            "flags": {},
            "group_id": null,
            "label": "pickable_polybag"
        }
    ],
    "imagePath": "1616051408-130821-por1094.png",
    "flags": {},
    "imageWidth": 640,
    "imageHeight": 360
}