{
    "shapes": [
        {
            "shape_type": "polygon",
            "points": [
                [
                    137.45296809739628,
                    136.48904591911582
                ],
                [
                    227.74222429574337,
                    127.60474839845472
                ],
                [
                    239.31247222962764,
                    243.51383930754562
                ],
                [
                    148.1967697502888,
                    247.85268228275223
                ]
            ],
            "flags": {},
            "group_id": null,
            "label": "pickable_smartpac"
        },
        {
            "shape_type": "polygon",
            "points": [
                [
                    323.60999289078467,
                    116.44772360506629
                ],
                [
                    372.576935039545,
                    91.0345004645704
                ],
                [
                    338.27941437838797,
                    26.9849136877109
                ],
                [
                    295.0975961965698,
                    52.6047483984547
                ]
            ],
            "flags": {},
            "group_id": null,
            "label": "pickable_polybag"
        },
        {
            "shape_type": "polygon",
            "points": [
                [
                    365.65614076365614,
                    95.24965382859504
                ],
                [
                    471.5438771883054,
                    134.2163186463886
                ],
                [
                    445.5108193370657,
                    209.42293021663656
                ],
                [
                    338.05665302814333,
                    171.3495788352624
                ]
            ],
            "flags": {},
            "group_id": null,
            "label": "pickable_box"
        }
    ],
    "imagePath": "1616050992-782167-por1094.png",
    "flags": {},
    "imageWidth": 640,
    "imageHeight": 360
}