{
    "shapes": [
        {
            "shape_type": "polygon",
            "points": [
                [
                    277.6835664335664,
                    124.52797202797203
                ],
                [
                    395.5157342657341,
                    137.8146853146853
                ],
                [
                    381.26090307541915,
                    252.47368223174675
                ],
                [
                    257.65748003030905,
                    235.48411679304982
                ]
            ],
            "flags": {},
            "group_id": null,
            "label": "pickable_smartpac"
        }
    ],
    "imagePath": "1616051190-486944-por1094.png",
    "flags": {},
    "imageWidth": 640,
    "imageHeight": 360
}