{
    "shapes": [
        {
            "shape_type": "polygon",
            "points": [
                [
                    350.8976600322754,
                    150.4413663259817
                ],
                [
                    346.7963559309713,
                    269.60598549060086
                ],
                [
                    464.76137977834804,
                    256.25145448901105
                ],
                [
                    477.4799807322431,
                    147.98436386897924
                ]
            ],
            "flags": {},
            "group_id": null,
            "label": "pickable_smartpac"
        },
        {
            "shape_type": "polygon",
            "points": [
                [
                    355.38141157485046,
                    97.10996005339898
                ],
                [
                    335.98554512016045,
                    207.92077086420977
                ],
                [
                    221.35915402318113,
                    206.01298072112553
                ],
                [
                    243.13975815672643,
                    81.3706913729538
                ]
            ],
            "flags": {},
            "group_id": null,
            "label": "pickable_smartpac"
        }
    ],
    "imagePath": "1616051170-493876-por1094.png",
    "flags": {},
    "imageWidth": 640,
    "imageHeight": 360
}