{
    "shapes": [
        {
            "shape_type": "polygon",
            "points": [
                [
                    74.23332436793974,
                    26.25578267885961
                ],
                [
                    68.77877891339429,
                    146.2557826788596
                ],
                [
                    235.59696073157613,
                    161.25578267885962
                ],
                [
                    243.32423345884885,
                    35.346691769768704
                ]
            ],
            "flags": {},
            "group_id": null,
            "label": "pickable_smartpac"
        },
        {
            "shape_type": "polygon",
            "points": [
                [
                    195.9815761161915,
                    161.43060785368476
                ],
                [
                    112.76479289940828,
                    188.35368477676167
                ],
                [
                    126.75080688542226,
                    281.710328133405
                ],
                [
                    222.90465303926842,
                    246.04599246906938
                ]
            ],
            "flags": {},
            "group_id": null,
            "label": "pickable_polybag"
        },
        {
            "shape_type": "polygon",
            "points": [
                [
                    335.7018558364712,
                    101.33270575578271
                ],
                [
                    339.93262506724045,
                    261.7173211403981
                ],
                [
                    465.7018558364712,
                    258.25578267885965
                ],
                [
                    461.08647122108664,
                    84.40962883270578
                ]
            ],
            "flags": {},
            "group_id": null,
            "label": "pickable_flat"
        }
    ],
    "imagePath": "1616051322-735864-por1094.png",
    "flags": {},
    "imageWidth": 640,
    "imageHeight": 360
}