{
    "shapes": [
        {
            "shape_type": "polygon",
            "points": [
                [
                    112.51145985261444,
                    144.56616432875373
                ],
                [
                    201.3206231960196,
                    117.45584561070689
                ],
                [
                    238.2045659623153,
                    226.19988376650977
                ],
                [
                    146.94860411811817,
                    253.2269107935368
                ]
            ],
            "flags": {},
            "group_id": null,
            "label": "pickable_smartpac"
        },
        {
            "shape_type": "polygon",
            "points": [
                [
                    318.8444055944056,
                    141.61888111888112
                ],
                [
                    349.1527336300064,
                    238.69538721298252
                ],
                [
                    458.45025429116345,
                    200.88546985761064
                ],
                [
                    427.25190718372545,
                    104.81108969232137
                ]
            ],
            "flags": {},
            "group_id": null,
            "label": "pickable_smartpac"
        }
    ],
    "imagePath": "1616050849-007849-por1094.png",
    "flags": {},
    "imageWidth": 640,
    "imageHeight": 360
}