{
    "shapes": [
        {
            "shape_type": "polygon",
            "points": [
                [
                    113.43881118881117,
                    144.32705466576434
                ],
                [
                    200.9824242685194,
                    117.34407614890658
                ],
                [
                    237.97190260685872,
                    226.12071707841733
                ],
                [
                    148.00222000560998,
                    253.7014498782838
                ]
            ],
            "flags": {},
            "group_id": null,
            "label": "pickable_smartpac"
        },
        {
            "shape_type": "polygon",
            "points": [
                [
                    326.1134775401396,
                    163.8570064770989
                ],
                [
                    463.4688494409665,
                    157.74130399776007
                ],
                [
                    471.73331225088384,
                    263.03056019610716
                ],
                [
                    369.0886841517103,
                    262.20411391511544
                ]
            ],
            "flags": {},
            "group_id": null,
            "label": "pickable_smartpac"
        }
    ],
    "imagePath": "1616050843-476382-por1094.png",
    "flags": {},
    "imageWidth": 640,
    "imageHeight": 360
}