{
    "shapes": [
        {
            "shape_type": "polygon",
            "points": [
                [
                    251.12112811994382,
                    90.50169895522932
                ],
                [
                    356.699640516638,
                    105.58434358332849
                ],
                [
                    367.23683059928265,
                    31.82401300481608
                ],
                [
                    260.8318719215967,
                    18.394260938700377
                ]
            ],
            "flags": {},
            "group_id": null,
            "label": "pickable_box"
        },
        {
            "shape_type": "polygon",
            "points": [
                [
                    366.66213010790597,
                    40.53840004928013
                ],
                [
                    465.2132909852362,
                    62.59005256869498
                ],
                [
                    456.3697535702703,
                    168.03222943944323
                ],
                [
                    344.35161298070113,
                    141.2748598249308
                ]
            ],
            "flags": {},
            "group_id": null,
            "label": "pickable_smartpac"
        },
        {
            "shape_type": "polygon",
            "points": [
                [
                    49.877894749929276,
                    44.174729161314225
                ],
                [
                    178.58117976123395,
                    35.93317717205551
                ],
                [
                    184.08279788421132,
                    147.3291725979619
                ],
                [
                    59.64914092628251,
                    151.6289700523144
                ]
            ],
            "flags": {},
            "group_id": null,
            "label": "pickable_smartpac"
        },
        {
            "shape_type": "polygon",
            "points": [
                [
                    134.9044013175789,
                    161.80154516439964
                ],
                [
                    235.3356751119952,
                    120.21485417455193
                ],
                [
                    284.7596519520967,
                    228.00851692835903
                ],
                [
                    177.5330894520967,
                    272.53976692835903
                ]
            ],
            "flags": {},
            "group_id": null,
            "label": "pickable_smartpac"
        },
        {
            "shape_type": "polygon",
            "points": [
                [
                    209.7498317705325,
                    126.75480708199035
                ],
                [
                    270.78845734871476,
                    181.05047597127964
                ],
                [
                    362.40136057452116,
                    115.4590781218173
                ],
                [
                    248.20781218742442,
                    89.86768027235496
                ]
            ],
            "flags": {},
            "group_id": null,
            "label": "pickable_smartpac"
        },
        {
            "shape_type": "polygon",
            "points": [
                [
                    317.4551240153815,
                    136.10423941213992
                ],
                [
                    419.82071541323086,
                    140.62036844439794
                ],
                [
                    424.12179068204796,
                    258.0397232831075
                ],
                [
                    320.2508229401126,
                    255.889185648699
                ]
            ],
            "flags": {},
            "group_id": null,
            "label": "pickable_smartpac"
        }
    ],
    "imagePath": "1616051149-095939-por1094.png",
    "flags": {},
    "imageWidth": 640,
    "imageHeight": 360
}