{
    "shapes": [
        {
            "shape_type": "polygon",
            "points": [
                [
                    337.68190049524884,
                    36.801445894206076
                ],
                [
                    226.2707361429081,
                    92.4592221402176
                ],
                [
                    303.3844809037117,
                    249.51559978483056
                ],
                [
                    414.9229424421732,
                    189.72538999462077
                ]
            ],
            "flags": {},
            "group_id": null,
            "label": "pickable_flat"
        },
        {
            "shape_type": "polygon",
            "points": [
                [
                    347.5456015615878,
                    75.59179691229177
                ],
                [
                    415.60616392640407,
                    168.66461594617786
                ],
                [
                    474.76405866324615,
                    117.9277738409147
                ],
                [
                    451.39563761061453,
                    0
                ]
            ],
            "flags": {},
            "group_id": null,
            "label": "pickable_flat"
        },
        {
            "shape_type": "polygon",
            "points": [
                [
                    179.48016409650245,
                    51.77711558572259
                ],
                [
                    222.6672310710983,
                    159.62930958110366
                ],
                [
                    109.96515254915835,
                    204.8948984956533
                ],
                [
                    65.62335116347705,
                    97.96649202914061
                ]
            ],
            "flags": {},
            "group_id": null,
            "label": "pickable_smartpac"
        }
    ],
    "imagePath": "1616051194-686815-por1094.png",
    "flags": {},
    "imageWidth": 640,
    "imageHeight": 360
}