{
    "shapes": [
        {
            "shape_type": "polygon",
            "points": [
                [
                    394.96219351368234,
                    123.89784946236558
                ],
                [
                    327.22025802981136,
                    193.79032258064515
                ],
                [
                    397.6503655566931,
                    258.57526881720423
                ],
                [
                    476.6826236212092,
                    179.54301075268816
                ]
            ],
            "flags": {},
            "group_id": null,
            "label": "pickable_polybag"
        },
        {
            "shape_type": "polygon",
            "points": [
                [
                    293.0804730835748,
                    153.46774193548384
                ],
                [
                    296.5528804416127,
                    265.48675908646584
                ],
                [
                    130.02395482177795,
                    272.7181640451435
                ],
                [
                    125.47850027632342,
                    161.35452768150714
                ]
            ],
            "flags": {},
            "group_id": null,
            "label": "pickable_smartpac"
        },
        {
            "shape_type": "polygon",
            "points": [
                [
                    181.14921030920354,
                    33.25535412778813
                ],
                [
                    252.65685493637685,
                    88.4384587034476
                ],
                [
                    191.6273788583571,
                    180.9974082869546
                ],
                [
                    115.02387782411603,
                    127.38418880561368
                ]
            ],
            "flags": {},
            "group_id": null,
            "label": "pickable_smartpac"
        }
    ],
    "imagePath": "1616051215-620326-por1094.png",
    "flags": {},
    "imageWidth": 640,
    "imageHeight": 360
}