{
    "shapes": [
        {
            "shape_type": "polygon",
            "points": [
                [
                    128.6476233556653,
                    124.75566042349259
                ],
                [
                    228.5249210335495,
                    150.28560457513763
                ],
                [
                    252.69847475255776,
                    45.74015002968308
                ],
                [
                    154.1447557442933,
                    20.32692688918721
                ]
            ],
            "flags": {},
            "group_id": null,
            "label": "pickable_box"
        },
        {
            "shape_type": "polygon",
            "points": [
                [
                    240.7150036781776,
                    104.4178359800963
                ],
                [
                    361.16954913272303,
                    144.70709217844342
                ],
                [
                    391.9546730996652,
                    58.75667895530291
                ],
                [
                    270.26045822363216,
                    20.74015002968308
                ]
            ],
            "flags": {},
            "group_id": null,
            "label": "pickable_box"
        }
    ],
    "imagePath": "1616050772-345889-por1094.png",
    "flags": {},
    "imageWidth": 640,
    "imageHeight": 360
}