{
    "shapes": [
        {
            "shape_type": "polygon",
            "points": [
                [
                    102.23009682625066,
                    46.24072081764389
                ],
                [
                    226.7080138261618,
                    55.92480506184544
                ],
                [
                    229.187352669137,
                    218.94133398746527
                ],
                [
                    96.95594771045933,
                    217.90827613622562
                ]
            ],
            "flags": {},
            "group_id": null,
            "label": "pickable_smartpac"
        },
        {
            "shape_type": "polygon",
            "points": [
                [
                    346.91765669575864,
                    159.20204939403794
                ],
                [
                    348.1632188259361,
                    258.5348896307243
                ],
                [
                    465.0271241513799,
                    258.0911026484758
                ],
                [
                    463.5133342745026,
                    158.7986037760347
                ]
            ],
            "flags": {},
            "group_id": null,
            "label": "pickable_smartpac"
        }
    ],
    "imagePath": "1616050583-378332-por1094.png",
    "flags": {},
    "imageWidth": 640,
    "imageHeight": 360
}