{
    "shapes": [
        {
            "shape_type": "polygon",
            "points": [
                [
                    109.4401168235479,
                    143.89341667044866
                ],
                [
                    126.09482797147975,
                    202.0101836780441
                ],
                [
                    260.0801580448294,
                    160.68989027951108
                ],
                [
                    241.49825095436483,
                    103.11042817682159
                ]
            ],
            "flags": {},
            "group_id": null,
            "label": "pickable_box"
        },
        {
            "shape_type": "polygon",
            "points": [
                [
                    204.02123760066848,
                    206.8381930138773
                ],
                [
                    250.15456861146913,
                    279.6637101677866
                ],
                [
                    374.81839378020663,
                    227.8114982086226
                ],
                [
                    318.8561777907837,
                    129.14509647838386
                ]
            ],
            "flags": {},
            "group_id": null,
            "label": "pickable_flat"
        },
        {
            "shape_type": "polygon",
            "points": [
                [
                    369.9798283229981,
                    135.43563929052016
                ],
                [
                    375.56865067828755,
                    249.20809438034053
                ],
                [
                    457.00577642679053,
                    244.01847362185748
                ],
                [
                    450.85902492538116,
                    130.718212034368
                ]
            ],
            "flags": {},
            "group_id": null,
            "label": "pickable_box"
        },
        {
            "shape_type": "polygon",
            "points": [
                [
                    310.86844940948697,
                    21.351052453861442
                ],
                [
                    465.9704902258135,
                    18.493909596718584
                ],
                [
                    471.8888575727522,
                    130.7388075559023
                ],
                [
                    313.9296738992827,
                    140.12656265794305
                ]
            ],
            "flags": {},
            "group_id": null,
            "label": "pickable_flat"
        }
    ],
    "imagePath": "1616050762-150762-por1094.png",
    "flags": {},
    "imageWidth": 640,
    "imageHeight": 360
}