{
    "shapes": [
        {
            "shape_type": "polygon",
            "points": [
                [
                    246.58378160301237,
                    68.20736955352342
                ],
                [
                    177.7376277568585,
                    173.59198493813878
                ],
                [
                    316.9683969876277,
                    262.4381387842926
                ],
                [
                    383.89147391070463,
                    167.43813878429265
                ]
            ],
            "flags": {},
            "group_id": null,
            "label": "pickable_flat"
        },
        {
            "shape_type": "polygon",
            "points": [
                [
                    301.70865672788744,
                    31.08449243064627
                ],
                [
                    322.8125528317836,
                    143.0974794436333
                ],
                [
                    486.44891646814716,
                    89.20137554752938
                ],
                [
                    461.7735917928225,
                    26.539037885191725
                ]
            ],
            "flags": {},
            "group_id": null,
            "label": "pickable_smartpac"
        }
    ],
    "imagePath": "1616051413-991009-por1094.png",
    "flags": {},
    "imageWidth": 640,
    "imageHeight": 360
}