{
    "shapes": [
        {
            "shape_type": "polygon",
            "points": [
                [
                    150.9522968759941,
                    144.68260482280334
                ],
                [
                    196.65122160717692,
                    262.15572310237326
                ],
                [
                    304.7157377362092,
                    225.86540052172808
                ],
                [
                    255.52218934911238,
                    112.15572310237323
                ]
            ],
            "flags": {},
            "group_id": null,
            "label": "pickable_smartpac"
        },
        {
            "shape_type": "polygon",
            "points": [
                [
                    267.3501463383597,
                    135.81163708086788
                ],
                [
                    349.0705764458866,
                    212.96217471527646
                ],
                [
                    405.5221893491124,
                    133.3922822421582
                ],
                [
                    324.0705764458866,
                    64.03744353248076
                ]
            ],
            "flags": {},
            "group_id": null,
            "label": "pickable_smartpac"
        }
    ],
    "imagePath": "1616051458-915875-por1094.png",
    "flags": {},
    "imageWidth": 640,
    "imageHeight": 360
}