{
    "shapes": [
        {
            "shape_type": "polygon",
            "points": [
                [
                    140.69080046461937,
                    143.22609444870668
                ],
                [
                    160.21688391924607,
                    50.34738478866924
                ],
                [
                    276.1977079407458,
                    79.54175121353134
                ],
                [
                    256.02655879649154,
                    171.71779033333573
                ]
            ],
            "flags": {},
            "group_id": null,
            "label": "pickable_smartpac"
        },
        {
            "shape_type": "polygon",
            "points": [
                [
                    255.86526640923617,
                    119.80041641235192
                ],
                [
                    423.42497271239796,
                    115.98534479623319
                ],
                [
                    435.7954583813129,
                    234.98366248565034
                ],
                [
                    266.41271723015825,
                    247.72362758163638
                ]
            ],
            "flags": {},
            "group_id": null,
            "label": "pickable_smartpac"
        }
    ],
    "imagePath": "1616050574-715006-por1094.png",
    "flags": {},
    "imageWidth": 640,
    "imageHeight": 360
}