{
    "shapes": [
        {
            "shape_type": "polygon",
            "points": [
                [
                    152.0144299455714,
                    83.13253454568591
                ],
                [
                    285.0789460746036,
                    91.19705067471817
                ],
                [
                    272.44453747245313,
                    270.76694314783646
                ],
                [
                    140.9929245692273,
                    266.1970506747182
                ]
            ],
            "flags": {},
            "group_id": null,
            "label": "pickable_flat"
        },
        {
            "shape_type": "polygon",
            "points": [
                [
                    404.31603840553765,
                    25.256856948600692
                ],
                [
                    407.3045154581858,
                    113.76708569947117
                ],
                [
                    468.19481752495847,
                    111.70031304446321
                ],
                [
                    465.333132310332,
                    22.496974926219323
                ]
            ],
            "flags": {},
            "group_id": null,
            "label": "pickable_box"
        }
    ],
    "imagePath": "1616050968-788245-por1094.png",
    "flags": {},
    "imageWidth": 640,
    "imageHeight": 360
}