{
    "shapes": [
        {
            "shape_type": "polygon",
            "points": [
                [
                    400.8455885467633,
                    66.25220474305351
                ],
                [
                    438.6588003918658,
                    221.14969904829272
                ],
                [
                    315.1963858132781,
                    237.55061021002393
                ],
                [
                    270.54946098412086,
                    110.67133913940887
                ]
            ],
            "flags": {},
            "group_id": null,
            "label": "pickable_polybag"
        },
        {
            "shape_type": "polygon",
            "points": [
                [
                    207.10429953534924,
                    185.4246685022711
                ],
                [
                    220.71615937362418,
                    258.60526149418484
                ],
                [
                    315.05578201513356,
                    260.89636661547866
                ],
                [
                    317.88597069437884,
                    182.9987924914894
                ]
            ],
            "flags": {},
            "group_id": null,
            "label": "pickable_flat"
        }
    ],
    "imagePath": "1616050794-078812-por1094.png",
    "flags": {},
    "imageWidth": 640,
    "imageHeight": 360
}