{
    "shapes": [
        {
            "shape_type": "polygon",
            "points": [
                [
                    92.86628062891316,
                    134.20409521300564
                ],
                [
                    231.91586740577267,
                    161.06359934523707
                ],
                [
                    254.43652856279746,
                    51.146243973336226
                ],
                [
                    115.18033021569002,
                    25.289933483075615
                ]
            ],
            "flags": {},
            "group_id": null,
            "label": "pickable_box"
        },
        {
            "shape_type": "polygon",
            "points": [
                [
                    349.9917739916207,
                    112.81933540450144
                ],
                [
                    344.14950689280903,
                    206.49268607112063
                ],
                [
                    457.0639920586031,
                    212.77540858420963
                ],
                [
                    458.1111124774513,
                    118.01101067845048
                ]
            ],
            "flags": {},
            "group_id": null,
            "label": "pickable_smartpac"
        }
    ],
    "imagePath": "1616051094-177491-por1094.png",
    "flags": {},
    "imageWidth": 640,
    "imageHeight": 360
}