{
    "shapes": [
        {
            "shape_type": "polygon",
            "points": [
                [
                    357.70454545454544,
                    120.86363636363636
                ],
                [
                    360.74424768779613,
                    201.65918490112034
                ],
                [
                    472.2411818386892,
                    199.40867392626924
                ],
                [
                    469.7523147746877,
                    119.18289685021169
                ]
            ],
            "flags": {},
            "group_id": null,
            "label": "pickable_box"
        },
        {
            "shape_type": "polygon",
            "points": [
                [
                    167.98734932217613,
                    139.1849843306594
                ],
                [
                    233.88208616428136,
                    202.13235275171203
                ],
                [
                    321.88208616428136,
                    93.50077380434361
                ],
                [
                    214.93471774322867,
                    26.763931699080445
                ]
            ],
            "flags": {},
            "group_id": null,
            "label": "pickable_polybag"
        },
        {
            "shape_type": "polygon",
            "points": [
                [
                    6.3486579992742715,
                    134.33339590012358
                ],
                [
                    101.84415349476977,
                    220.8198823866101
                ],
                [
                    211.15346280407908,
                    86.88594845267616
                ],
                [
                    127.66997932059556,
                    15.414476981204686
                ]
            ],
            "flags": {},
            "group_id": null,
            "label": "pickable_flat"
        }
    ],
    "imagePath": "1616051390-660597-por1094.png",
    "flags": {},
    "imageWidth": 640,
    "imageHeight": 360
}