{
    "shapes": [
        {
            "shape_type": "polygon",
            "points": [
                [
                    139.845232724265,
                    217.04184525152266
                ],
                [
                    175.39353095584772,
                    106.76014259445346
                ],
                [
                    346.05468798064106,
                    144.98328309032124
                ],
                [
                    299.9803078153518,
                    258.82625829693285
                ]
            ],
            "flags": {},
            "group_id": null,
            "label": "pickable_smartpac"
        },
        {
            "shape_type": "polygon",
            "points": [
                [
                    394.76043290366425,
                    86.31724149885059
                ],
                [
                    462.05088976344126,
                    84.94404760866206
                ],
                [
                    460.9603434582259,
                    190.83024548949322
                ],
                [
                    391.13785825112535,
                    203.70006797470032
                ]
            ],
            "flags": {},
            "group_id": null,
            "label": "pickable_flat"
        }
    ],
    "imagePath": "1616050552-379337-por1094.png",
    "flags": {},
    "imageWidth": 640,
    "imageHeight": 360
}