{
    "shapes": [
        {
            "shape_type": "polygon",
            "points": [
                [
                    28.84270453585814,
                    37.6868871785407
                ],
                [
                    35.86749792428789,
                    179.21581279837537
                ],
                [
                    128.42948139536227,
                    137.6868871785407
                ],
                [
                    109.21460536230443,
                    23.430688831433258
                ]
            ],
            "flags": {},
            "group_id": null,
            "label": "pickable_flat"
        },
        {
            "shape_type": "polygon",
            "points": [
                [
                    324.398720289788,
                    79.25450307310288
                ],
                [
                    287.5147775234923,
                    165.89997207151305
                ],
                [
                    388.6276551069581,
                    215.8204808155512
                ],
                [
                    427.1014229924907,
                    136.01125982985965
                ]
            ],
            "flags": {},
            "group_id": null,
            "label": "pickable_smartpac"
        }
    ],
    "imagePath": "1616051381-002032-por1094.png",
    "flags": {},
    "imageWidth": 640,
    "imageHeight": 360
}