{
    "shapes": [
        {
            "shape_type": "polygon",
            "points": [
                [
                    348.80298547606236,
                    95.89967724583106
                ],
                [
                    453.3484400215169,
                    73.17240451855834
                ],
                [
                    470.8309575040344,
                    193.80177514792905
                ],
                [
                    372.57920925228615,
                    215.48009682625064
                ]
            ],
            "flags": {},
            "group_id": null,
            "label": "pickable_smartpac"
        }
    ],
    "imagePath": "1616050697-557524-por1094.png",
    "flags": {},
    "imageWidth": 640,
    "imageHeight": 360
}