{
    "shapes": [
        {
            "shape_type": "polygon",
            "points": [
                [
                    110.52430633882248,
                    116.67986314760509
                ],
                [
                    136.3307579517257,
                    38.18523949169113
                ],
                [
                    244.1264568764569,
                    32.0024437927664
                ],
                [
                    232.83613429581172,
                    115.87341153470187
                ]
            ],
            "flags": {},
            "group_id": null,
            "label": "pickable_smartpac"
        },
        {
            "shape_type": "polygon",
            "points": [
                [
                    157.56095455413072,
                    139.62730858884711
                ],
                [
                    277.53136875531413,
                    271.5207997131074
                ],
                [
                    357.4130255600479,
                    199.3314506006814
                ],
                [
                    250.31243384407156,
                    62.64506006813698
                ]
            ],
            "flags": {},
            "group_id": null,
            "label": "pickable_smartpac"
        },
        {
            "shape_type": "polygon",
            "points": [
                [
                    322.71676860165667,
                    74.4099641670169
                ],
                [
                    339.5608937228325,
                    185.12130063064026
                ],
                [
                    479.1405784864051,
                    159.55212374797824
                ],
                [
                    458.8253420590846,
                    50.79555632240908
                ]
            ],
            "flags": {},
            "group_id": null,
            "label": "pickable_box"
        }
    ],
    "imagePath": "1616051096-236605-por1094.png",
    "flags": {},
    "imageWidth": 640,
    "imageHeight": 360
}