{
    "shapes": [
        {
            "shape_type": "polygon",
            "points": [
                [
                    373.5448310430828,
                    82.32537043376205
                ],
                [
                    368.4240427404763,
                    157.4863531460644
                ],
                [
                    470.69677001320355,
                    162.8582539725107
                ],
                [
                    476.2752824098978,
                    90.33759281548589
                ]
            ],
            "flags": {},
            "group_id": null,
            "label": "pickable_box"
        },
        {
            "shape_type": "polygon",
            "points": [
                [
                    298.8355593547282,
                    32.26877104996261
                ],
                [
                    285.5612230715424,
                    124.30416928005108
                ],
                [
                    363.1423440154952,
                    130.79384479627527
                ],
                [
                    387.9211050774421,
                    33.743697303649924
                ]
            ],
            "flags": {},
            "group_id": null,
            "label": "pickable_smartpac"
        },
        {
            "shape_type": "polygon",
            "points": [
                [
                    169.63201953171938,
                    29.90888904406291
                ],
                [
                    157.24263900074592,
                    163.53720762813367
                ],
                [
                    280.251488558268,
                    173.8616914039449
                ],
                [
                    296.1806920980911,
                    54.687650106009805
                ]
            ],
            "flags": {},
            "group_id": null,
            "label": "pickable_polybag"
        },
        {
            "shape_type": "polygon",
            "points": [
                [
                    29.551797033812797,
                    142.91664507164072
                ],
                [
                    39.140838129703205,
                    28.944042331914694
                ],
                [
                    173.11344086942924,
                    40.72486424972291
                ],
                [
                    161.60659155436076,
                    151.1358231538325
                ]
            ],
            "flags": {},
            "group_id": null,
            "label": "pickable_smartpac"
        },
        {
            "shape_type": "polygon",
            "points": [
                [
                    365.5093356831506,
                    161.67411096688602
                ],
                [
                    456.43956824129015,
                    165.39504119944417
                ],
                [
                    464.81166126454593,
                    257.720622594793
                ],
                [
                    374.579103125011,
                    261.674110966886
                ]
            ],
            "flags": {},
            "group_id": null,
            "label": "pickable_smartpac"
        }
    ],
    "imagePath": "1616051443-591823-por1094.png",
    "flags": {},
    "imageWidth": 640,
    "imageHeight": 360
}