{
    "shapes": [
        {
            "shape_type": "polygon",
            "points": [
                [
                    265.21801799599,
                    79.98882585945523
                ],
                [
                    363.610617889841,
                    135.39800522609912
                ],
                [
                    324.722150227395,
                    207.2615531321825
                ],
                [
                    226.7882659298743,
                    150.44337131400067
                ]
            ],
            "flags": {},
            "group_id": null,
            "label": "pickable_box"
        },
        {
            "shape_type": "polygon",
            "points": [
                [
                    383.1302257820558,
                    89.96255992356421
                ],
                [
                    478.28812051889787,
                    2.804665186722091
                ],
                [
                    466.9196994662663,
                    135.22571781830106
                ],
                [
                    435.97233104521365,
                    174.38361255514323
                ]
            ],
            "flags": {},
            "group_id": null,
            "label": "pickable_smartpac"
        },
        {
            "shape_type": "polygon",
            "points": [
                [
                    366.0775942031085,
                    5.54150729198525
                ],
                [
                    292.8144363083715,
                    90.3836125551431
                ],
                [
                    375.7618047294242,
                    188.69940202882734
                ],
                [
                    438.28812051889787,
                    148.48887571303786
                ]
            ],
            "flags": {},
            "group_id": null,
            "label": "pickable_smartpac"
        },
        {
            "shape_type": "polygon",
            "points": [
                [
                    196.94485831098535,
                    117.50949167442329
                ],
                [
                    187.96048331098535,
                    47.78292917442329
                ],
                [
                    244.01517081098535,
                    29.423554174423288
                ],
                [
                    254.56204581098535,
                    101.10324167442329
                ]
            ],
            "flags": {},
            "group_id": null,
            "label": "pickable_polybag"
        }
    ],
    "imagePath": "1616050990-253981-por1094.png",
    "flags": {},
    "imageWidth": 640,
    "imageHeight": 360
}