{
    "shapes": [
        {
            "shape_type": "polygon",
            "points": [
                [
                    390.23099967556317,
                    57.8404220413018
                ],
                [
                    313.78249705404005,
                    103.51935210439609
                ],
                [
                    349.5040824090565,
                    163.8721469146689
                ],
                [
                    426.5924144094119,
                    120.32153818810708
                ]
            ],
            "flags": {},
            "group_id": null,
            "label": "pickable_box"
        },
        {
            "shape_type": "polygon",
            "points": [
                [
                    281.5510920953624,
                    26.848686504111715
                ],
                [
                    189.40233176478384,
                    89.65860385948362
                ],
                [
                    247.25357143420533,
                    172.71645509915305
                ],
                [
                    340.4353896160235,
                    111.14620716526875
                ]
            ],
            "flags": {},
            "group_id": null,
            "label": "pickable_smartpac"
        },
        {
            "shape_type": "polygon",
            "points": [
                [
                    96.14051498268203,
                    35.91655583229596
                ],
                [
                    42.852533123271606,
                    211.2000025443141
                ],
                [
                    166.6620569327954,
                    233.6489821361508
                ],
                [
                    220.85706827066392,
                    67.88934494794219
                ]
            ],
            "flags": {},
            "group_id": null,
            "label": "pickable_flat"
        },
        {
            "shape_type": "polygon",
            "points": [
                [
                    327.93878402852016,
                    161.0142039665933
                ],
                [
                    335.2686269604574,
                    260.3161236873612
                ],
                [
                    394.2564105555709,
                    258.91996312889694
                ],
                [
                    382.738085948241,
                    162.58488459486554
                ]
            ],
            "flags": {},
            "group_id": null,
            "label": "pickable_polybag"
        },
        {
            "shape_type": "polygon",
            "points": [
                [
                    368.60196029379074,
                    182.13113241336467
                ],
                [
                    443.29655017162673,
                    263.2829648740977
                ],
                [
                    487.45012783305776,
                    184.39989332086904
                ],
                [
                    457.781715965693,
                    108.65818302418492
                ]
            ],
            "flags": {},
            "group_id": null,
            "label": "pickable_smartpac"
        }
    ],
    "imagePath": "1616051481-987811-por1094.png",
    "flags": {},
    "imageWidth": 640,
    "imageHeight": 360
}