{
    "shapes": [
        {
            "shape_type": "polygon",
            "points": [
                [
                    122.8491002004988,
                    120.71810357474693
                ],
                [
                    109.83257127487896,
                    192.61893002102795
                ],
                [
                    211.2788522666145,
                    211.62719448383785
                ],
                [
                    224.29538119223434,
                    139.31314489706097
                ]
            ],
            "flags": {},
            "group_id": null,
            "label": "pickable_box"
        },
        {
            "shape_type": "polygon",
            "points": [
                [
                    366.60685098442906,
                    80.49064777393093
                ],
                [
                    364.68377406135215,
                    178.95218623546938
                ],
                [
                    461.9914663690444,
                    177.22141700470016
                ],
                [
                    464.4914663690444,
                    80.10603238931554
                ]
            ],
            "flags": {},
            "group_id": null,
            "label": "pickable_smartpac"
        }
    ],
    "imagePath": "1616051363-007673-por1094.png",
    "flags": {},
    "imageWidth": 640,
    "imageHeight": 360
}