{
    "shapes": [
        {
            "shape_type": "polygon",
            "points": [
                [
                    302.9056708245513,
                    116.70439312469672
                ],
                [
                    335.2220416435959,
                    220.16136209831225
                ],
                [
                    465.3088250726253,
                    177.8851529771833
                ],
                [
                    433.5343305975961,
                    76.66552060781834
                ]
            ],
            "flags": {},
            "group_id": null,
            "label": "pickable_flat"
        },
        {
            "shape_type": "polygon",
            "points": [
                [
                    135.52179458989417,
                    192.9307007525636
                ],
                [
                    278.2767140889997,
                    186.49062919621298
                ],
                [
                    229.08172303354357,
                    267.8859780334225
                ],
                [
                    87.57903967039516,
                    286.66952007277837
                ]
            ],
            "flags": {},
            "group_id": null,
            "label": "pickable_smartpac"
        }
    ],
    "imagePath": "1616051003-118809-por1094.png",
    "flags": {},
    "imageWidth": 640,
    "imageHeight": 360
}