{
    "shapes": [
        {
            "shape_type": "polygon",
            "points": [
                [
                    96.41211061665605,
                    191.62934617829723
                ],
                [
                    200.54434202161474,
                    211.67066849234683
                ],
                [
                    212.73442466624283,
                    140.80289989730548
                ],
                [
                    109.22202797202794,
                    120.7615775832559
                ]
            ],
            "flags": {},
            "group_id": null,
            "label": "pickable_box"
        },
        {
            "shape_type": "polygon",
            "points": [
                [
                    287.0385600453092,
                    154.52764492901508
                ],
                [
                    347.37611278792525,
                    254.94958585728514
                ],
                [
                    473.59946749229255,
                    169.3942129601401
                ],
                [
                    433.0301212267438,
                    56.6373495703653
                ]
            ],
            "flags": {},
            "group_id": null,
            "label": "pickable_smartpac"
        }
    ],
    "imagePath": "1616051357-603973-por1094.png",
    "flags": {},
    "imageWidth": 640,
    "imageHeight": 360
}