{
    "shapes": [
        {
            "shape_type": "polygon",
            "points": [
                [
                    389.438660801564,
                    34.876077490446995
                ],
                [
                    459.9588693841524,
                    91.30903375016214
                ],
                [
                    391.2547129049348,
                    181.28458387241153
                ],
                [
                    317.9050796531011,
                    122.23812910468537
                ]
            ],
            "flags": {},
            "group_id": null,
            "label": "pickable_smartpac"
        },
        {
            "shape_type": "polygon",
            "points": [
                [
                    11.687129010224488,
                    39.22270986776899
                ],
                [
                    169.58186585232977,
                    29.749025657242676
                ],
                [
                    179.89765532601396,
                    144.27534144671634
                ],
                [
                    0,
                    150.80165723619004
                ]
            ],
            "flags": {},
            "group_id": null,
            "label": "pickable_smartpac"
        }
    ],
    "imagePath": "1616051076-439682-por1094.png",
    "flags": {},
    "imageWidth": 640,
    "imageHeight": 360
}