{
    "shapes": [
        {
            "shape_type": "polygon",
            "points": [
                [
                    80.3409090909091,
                    95.4370629370629
                ],
                [
                    72.61636018988959,
                    212.1274472745061
                ],
                [
                    244.15849055554935,
                    224.05113566878273
                ],
                [
                    252.42558117558116,
                    113.71727239374299
                ]
            ],
            "flags": {},
            "group_id": null,
            "label": "pickable_flat"
        },
        {
            "shape_type": "polygon",
            "points": [
                [
                    245.77234371352017,
                    28.928414590179276
                ],
                [
                    240.1761898673663,
                    155.66362169077098
                ],
                [
                    407.63181116914143,
                    162.3204264244988
                ],
                [
                    421.83299460109413,
                    55.95947967893665
                ]
            ],
            "flags": {},
            "group_id": null,
            "label": "pickable_flat"
        }
    ],
    "imagePath": "1616051394-599117-por1094.png",
    "flags": {},
    "imageWidth": 640,
    "imageHeight": 360
}