{
    "shapes": [
        {
            "shape_type": "polygon",
            "points": [
                [
                    349.1686382237932,
                    16.023162667726083
                ],
                [
                    362.1819827691455,
                    205.0945109391664
                ],
                [
                    464.02471411962733,
                    197.96966515701007
                ],
                [
                    462.33152995891066,
                    26.522353449958114
                ]
            ],
            "flags": {},
            "group_id": null,
            "label": "pickable_flat"
        },
        {
            "shape_type": "polygon",
            "points": [
                [
                    417.1600690937482,
                    242.75942519521888
                ],
                [
                    415.87748803843965,
                    262.07699573656566
                ],
                [
                    462.8577804732777,
                    247.69976457611767
                ],
                [
                    463.2685585064334,
                    232.9349839022461
                ]
            ],
            "flags": {},
            "group_id": null,
            "label": "pickable_polybag"
        }
    ],
    "imagePath": "1616050665-432744-por1094.png",
    "flags": {},
    "imageWidth": 640,
    "imageHeight": 360
}