{
    "shapes": [
        {
            "shape_type": "polygon",
            "points": [
                [
                    298.8355593547282,
                    30.520519301710863
                ],
                [
                    285.5612230715424,
                    124.3041692800511
                ],
                [
                    369.08639995955116,
                    130.79384479627527
                ],
                [
                    387.9211050774421,
                    33.743697303649924
                ]
            ],
            "flags": {},
            "group_id": null,
            "label": "pickable_smartpac"
        },
        {
            "shape_type": "polygon",
            "points": [
                [
                    168.57557597527583,
                    29.18711082228469
                ],
                [
                    153.04683480494174,
                    160.7400048309309
                ],
                [
                    280.251488558268,
                    173.8616914039449
                ],
                [
                    297.6092635266625,
                    55.044792963152666
                ]
            ],
            "flags": {},
            "group_id": null,
            "label": "pickable_polybag"
        },
        {
            "shape_type": "polygon",
            "points": [
                [
                    27.803545285561047,
                    147.1124492674449
                ],
                [
                    39.140838129703205,
                    28.944042331914694
                ],
                [
                    172.76379051977892,
                    38.97661250147115
                ],
                [
                    157.76043770820695,
                    151.1358231538325
                ]
            ],
            "flags": {},
            "group_id": null,
            "label": "pickable_smartpac"
        },
        {
            "shape_type": "polygon",
            "points": [
                [
                    365.77815288745165,
                    157.91067010667098
                ],
                [
                    456.43956824129015,
                    165.39504119944417
                ],
                [
                    464.81166126454593,
                    257.720622594793
                ],
                [
                    374.579103125011,
                    261.674110966886
                ]
            ],
            "flags": {},
            "group_id": null,
            "label": "pickable_smartpac"
        }
    ],
    "imagePath": "1616051445-119477-por1094.png",
    "flags": {},
    "imageWidth": 640,
    "imageHeight": 360
}