{
    "shapes": [
        {
            "shape_type": "polygon",
            "points": [
                [
                    303.20104895104896,
                    155.3881118881119
                ],
                [
                    315.6613159567705,
                    270.46118641866445
                ],
                [
                    473.30594405594405,
                    259.30416162527604
                ],
                [
                    462.76875397329945,
                    151.45292195585452
                ]
            ],
            "flags": {},
            "group_id": null,
            "label": "pickable_smartpac"
        },
        {
            "shape_type": "polygon",
            "points": [
                [
                    347.104671474945,
                    142.5850802239742
                ],
                [
                    474.13495261394934,
                    150.90888172097416
                ],
                [
                    492.04878481349584,
                    24.378269476076202
                ],
                [
                    360.30275306746404,
                    32.088020042969625
                ]
            ],
            "flags": {},
            "group_id": null,
            "label": "pickable_smartpac"
        }
    ],
    "imagePath": "1616051224-888877-por1094.png",
    "flags": {},
    "imageWidth": 640,
    "imageHeight": 360
}