{
    "shapes": [
        {
            "shape_type": "polygon",
            "points": [
                [
                    81.9625791907277,
                    89.58756432766226
                ],
                [
                    179.43907313300963,
                    142.2382632074316
                ],
                [
                    150.7253887063594,
                    202.92297008862758
                ],
                [
                    52.420369797706364,
                    150.4898162695791
                ]
            ],
            "flags": {},
            "group_id": null,
            "label": "pickable_box"
        },
        {
            "shape_type": "polygon",
            "points": [
                [
                    195.69848515295305,
                    152.7979500694671
                ],
                [
                    168.82239440251678,
                    235.52046315847235
                ],
                [
                    223.9707364618536,
                    252.099869790235
                ],
                [
                    249.45066665382566,
                    169.20283663142175
                ]
            ],
            "flags": {},
            "group_id": null,
            "label": "pickable_box"
        },
        {
            "shape_type": "polygon",
            "points": [
                [
                    263.1253128975652,
                    175.33274956151016
                ],
                [
                    212.6454664484289,
                    260.55347892811284
                ],
                [
                    254.10419965380316,
                    278.9795825749459
                ],
                [
                    355.63970829103926,
                    225.81259601064644
                ]
            ],
            "flags": {},
            "group_id": null,
            "label": "pickable_smartpac"
        },
        {
            "shape_type": "polygon",
            "points": [
                [
                    195.89516129032262,
                    157.01344256916104
                ],
                [
                    310.15135963743006,
                    154.53410372618583
                ],
                [
                    310.7711943481739,
                    32.013442569161036
                ],
                [
                    198.58111170354576,
                    34.699392982384175
                ]
            ],
            "flags": {},
            "group_id": null,
            "label": "pickable_smartpac"
        }
    ],
    "imagePath": "1616051532-309725-por1094.png",
    "flags": {},
    "imageWidth": 640,
    "imageHeight": 360
}