{
    "shapes": [
        {
            "shape_type": "polygon",
            "points": [
                [
                    286.04434962357175,
                    158.91397510599091
                ],
                [
                    406.30980577396826,
                    223.33554889016605
                ],
                [
                    355.1174369345406,
                    263.7171069187828
                ],
                [
                    262.7485975068776,
                    221.74572377092915
                ]
            ],
            "flags": {},
            "group_id": null,
            "label": "pickable_smartpac"
        },
        {
            "shape_type": "polygon",
            "points": [
                [
                    316.99226997113834,
                    102.27188401767762
                ],
                [
                    264.87688535575376,
                    217.4641917099853
                ],
                [
                    180.06919304806144,
                    179.00265324844685
                ],
                [
                    235.89656335217592,
                    67.09299314111233
                ]
            ],
            "flags": {},
            "group_id": null,
            "label": "pickable_box"
        },
        {
            "shape_type": "polygon",
            "points": [
                [
                    111.96908587640338,
                    183.76832632858847
                ],
                [
                    119.80756568637963,
                    275.4547871361894
                ],
                [
                    220.28262506880245,
                    256.6899415304887
                ],
                [
                    190.3538839761659,
                    164.7659510316763
                ]
            ],
            "flags": {},
            "group_id": null,
            "label": "pickable_polybag"
        },
        {
            "shape_type": "polygon",
            "points": [
                [
                    394.9100815156084,
                    80.18721519617561
                ],
                [
                    353.3145695748214,
                    174.37559194968262
                ],
                [
                    449.70735514596356,
                    180.588016799382
                ],
                [
                    478.1642689736189,
                    98.82448974527381
                ]
            ],
            "flags": {},
            "group_id": null,
            "label": "pickable_flat"
        }
    ],
    "imagePath": "1616051315-279383-por1094.png",
    "flags": {},
    "imageWidth": 640,
    "imageHeight": 360
}