{
    "shapes": [
        {
            "shape_type": "polygon",
            "points": [
                [
                    351.0878404811972,
                    166.68255171402035
                ],
                [
                    462.8646999853294,
                    162.5503203090616
                ],
                [
                    461.00519585309803,
                    256.3519732016236
                ],
                [
                    356.87296444813927,
                    264.4098244412929
                ]
            ],
            "flags": {},
            "group_id": null,
            "label": "pickable_smartpac"
        },
        {
            "shape_type": "polygon",
            "points": [
                [
                    11.782282143581781,
                    31.212449513038344
                ],
                [
                    136.080743465861,
                    31.627681719881593
                ],
                [
                    141.90414593588383,
                    157.33380854785358
                ],
                [
                    33.788602607135566,
                    157.88401487522634
                ]
            ],
            "flags": {},
            "group_id": null,
            "label": "pickable_smartpac"
        },
        {
            "shape_type": "polygon",
            "points": [
                [
                    339.0295492459234,
                    39.52406573412112
                ],
                [
                    356.75512431193215,
                    169.59647397870012
                ],
                [
                    475.34501525260083,
                    159.95161917830166
                ],
                [
                    463.7060603832421,
                    31.210526541722068
                ]
            ],
            "flags": {},
            "group_id": null,
            "label": "pickable_polybag"
        },
        {
            "shape_type": "polygon",
            "points": [
                [
                    119.71453363604377,
                    108.55107857761008
                ],
                [
                    217.97036013582795,
                    57.87542039893078
                ],
                [
                    279.0487625026919,
                    163.96861566520295
                ],
                [
                    176.98900222394977,
                    211.5773688876708
                ]
            ],
            "flags": {},
            "group_id": null,
            "label": "pickable_smartpac"
        }
    ],
    "imagePath": "1616051104-368785-por1094.png",
    "flags": {},
    "imageWidth": 640,
    "imageHeight": 360
}