{
    "shapes": [
        {
            "shape_type": "polygon",
            "points": [
                [
                    257.0405032030906,
                    253.44895036537267
                ],
                [
                    310.34628832705755,
                    254.48200821661234
                ],
                [
                    311.5859577485452,
                    120.80432226619912
                ],
                [
                    258.900007335322,
                    119.77126441495945
                ]
            ],
            "flags": {},
            "group_id": null,
            "label": "pickable_box"
        },
        {
            "shape_type": "polygon",
            "points": [
                [
                    311.7925693187931,
                    141.99957722768784
                ],
                [
                    368.19752799647904,
                    263.7190914796696
                ],
                [
                    452.86798019939886,
                    221.01093383644715
                ],
                [
                    398.5694288229253,
                    98.49027267942226
                ]
            ],
            "flags": {},
            "group_id": null,
            "label": "pickable_box"
        }
    ],
    "imagePath": "1616050854-804847-por1094.png",
    "flags": {},
    "imageWidth": 640,
    "imageHeight": 360
}