{
    "shapes": [
        {
            "shape_type": "polygon",
            "points": [
                [
                    81.35303867667761,
                    136.66278279232588
                ],
                [
                    116.16076068036301,
                    193.5388823931107
                ],
                [
                    194.221174034894,
                    83.68196665384203
                ],
                [
                    137.94136481390834,
                    34.55637046942231
                ]
            ],
            "flags": {},
            "group_id": null,
            "label": "pickable_smartpac"
        },
        {
            "shape_type": "polygon",
            "points": [
                [
                    343.72634176065,
                    110.15440121451188
                ],
                [
                    356.4186494529577,
                    231.30824736835802
                ],
                [
                    469.11095714526533,
                    223.42363198374264
                ],
                [
                    451.03403406834224,
                    102.07747813758881
                ]
            ],
            "flags": {},
            "group_id": null,
            "label": "pickable_smartpac"
        }
    ],
    "imagePath": "1616050804-365426-por1094.png",
    "flags": {},
    "imageWidth": 640,
    "imageHeight": 360
}