{
    "shapes": [
        {
            "shape_type": "polygon",
            "points": [
                [
                    170.51550868486348,
                    226.9414617640424
                ],
                [
                    208.63303631852017,
                    103.63707797578765
                ],
                [
                    300.837337393789,
                    127.56180915858336
                ],
                [
                    262.3978443355276,
                    264.5714271066177
                ]
            ],
            "flags": {},
            "group_id": null,
            "label": "pickable_polybag"
        },
        {
            "shape_type": "polygon",
            "points": [
                [
                    373.56890866199484,
                    213.42399135426498
                ],
                [
                    369.257032264095,
                    232.94303451665138
                ],
                [
                    463.2482443324315,
                    239.72076646887297
                ],
                [
                    463.336282275992,
                    217.51458319132342
                ]
            ],
            "flags": {},
            "group_id": null,
            "label": "pickable_polybag"
        },
        {
            "shape_type": "polygon",
            "points": [
                [
                    404.98695406102087,
                    254.50003710227028
                ],
                [
                    412.47255866754676,
                    232.8843425542777
                ],
                [
                    465.44760665219167,
                    241.44821368576356
                ],
                [
                    464.06001762282983,
                    257.17250422684
                ]
            ],
            "flags": {},
            "group_id": null,
            "label": "pickable_polybag"
        },
        {
            "shape_type": "polygon",
            "points": [
                [
                    371.6997041420118,
                    196.44415585166772
                ],
                [
                    385.3360677783755,
                    219.99787485993215
                ],
                [
                    466.94763802630945,
                    167.93175915745283
                ],
                [
                    457.44350579490447,
                    149.13010626489083
                ]
            ],
            "flags": {},
            "group_id": null,
            "label": "pickable_polybag"
        },
        {
            "shape_type": "polygon",
            "points": [
                [
                    424.57093454743375,
                    39.49676561787361
                ],
                [
                    447.4914104244663,
                    34.275404785088796
                ],
                [
                    462.2120276993877,
                    142.26987076426917
                ],
                [
                    446.5778094103021,
                    147.57960527754352
                ]
            ],
            "flags": {},
            "group_id": null,
            "label": "pickable_polybag"
        }
    ],
    "imagePath": "1616050629-771451-por1094.png",
    "flags": {},
    "imageWidth": 640,
    "imageHeight": 360
}