{
    "shapes": [
        {
            "shape_type": "polygon",
            "points": [
                [
                    463.1165139960529,
                    80.7116208398931
                ],
                [
                    344.0404717517075,
                    140.49404266752381
                ],
                [
                    394.25958191270115,
                    230.49455470684845
                ],
                [
                    479.25085590921077,
                    183.02509571906486
                ]
            ],
            "flags": {},
            "group_id": null,
            "label": "pickable_polybag"
        },
        {
            "shape_type": "polygon",
            "points": [
                [
                    233.00303741008335,
                    33.63591596339297
                ],
                [
                    346.79012292491757,
                    33.81043603320099
                ],
                [
                    345.9175225758774,
                    129.27291421819226
                ],
                [
                    233.35207754969943,
                    127.17867338049592
                ]
            ],
            "flags": {},
            "group_id": null,
            "label": "pickable_smartpac"
        },
        {
            "shape_type": "polygon",
            "points": [
                [
                    280.99605660729105,
                    125.25895261260762
                ],
                [
                    317.12171105755283,
                    148.47012189707533
                ],
                [
                    282.74125730537133,
                    200.30258263005962
                ],
                [
                    246.44108278530152,
                    176.91689327578388
                ]
            ],
            "flags": {},
            "group_id": null,
            "label": "pickable_box"
        }
    ],
    "imagePath": "1616050919-728120-por1094.png",
    "flags": {},
    "imageWidth": 640,
    "imageHeight": 360
}