{
    "shapes": [
        {
            "shape_type": "polygon",
            "points": [
                [
                    351.0878404811972,
                    166.68255171402035
                ],
                [
                    462.8646999853294,
                    162.5503203090616
                ],
                [
                    461.00519585309803,
                    256.3519732016236
                ],
                [
                    356.87296444813927,
                    264.4098244412929
                ]
            ],
            "flags": {},
            "group_id": null,
            "label": "pickable_smartpac"
        },
        {
            "shape_type": "polygon",
            "points": [
                [
                    11.782282143581781,
                    31.212449513038344
                ],
                [
                    136.080743465861,
                    31.627681719881593
                ],
                [
                    141.90414593588383,
                    157.33380854785358
                ],
                [
                    33.788602607135566,
                    157.88401487522634
                ]
            ],
            "flags": {},
            "group_id": null,
            "label": "pickable_smartpac"
        },
        {
            "shape_type": "polygon",
            "points": [
                [
                    306.1351680340441,
                    34.58359478019016
                ],
                [
                    211.16581229667574,
                    130.40776415938726
                ],
                [
                    310.974468934311,
                    222.896987349323
                ],
                [
                    377.7203121647148,
                    137.38629851321852
                ]
            ],
            "flags": {},
            "group_id": null,
            "label": "pickable_polybag"
        },
        {
            "shape_type": "polygon",
            "points": [
                [
                    340.4281506445248,
                    39.52406573412112
                ],
                [
                    357.2927587205343,
                    170.40292559160332
                ],
                [
                    475.34501525260083,
                    159.95161917830166
                ],
                [
                    463.7060603832421,
                    31.21052654172207
                ]
            ],
            "flags": {},
            "group_id": null,
            "label": "pickable_polybag"
        }
    ],
    "imagePath": "1616051101-641289-por1094.png",
    "flags": {},
    "imageWidth": 640,
    "imageHeight": 360
}