{
    "shapes": [
        {
            "shape_type": "polygon",
            "points": [
                [
                    302.76617320193907,
                    149.8251083077386
                ],
                [
                    283.48764666068746,
                    228.40469164949127
                ],
                [
                    387.77647852231325,
                    254.24831346444006
                ],
                [
                    407.8601646370129,
                    178.07703456804578
                ]
            ],
            "flags": {},
            "group_id": null,
            "label": "pickable_flat"
        }
    ],
    "imagePath": "1616050798-548481-por1094.png",
    "flags": {},
    "imageWidth": 640,
    "imageHeight": 360
}