{
    "shapes": [
        {
            "shape_type": "polygon",
            "points": [
                [
                    222.25105271073016,
                    200.52120460184977
                ],
                [
                    264.9929881946011,
                    98.37066696744117
                ],
                [
                    407.19728926986994,
                    132.24163470937665
                ],
                [
                    353.1650312053538,
                    274.7147529889467
                ]
            ],
            "flags": {},
            "group_id": null,
            "label": "pickable_polybag"
        }
    ],
    "imagePath": "1616050591-373468-por1094.png",
    "flags": {},
    "imageWidth": 640,
    "imageHeight": 360
}