{
    "shapes": [
        {
            "shape_type": "polygon",
            "points": [
                [
                    381.4234601213509,
                    36.288451416242985
                ],
                [
                    307.5773062751971,
                    155.51922064701222
                ],
                [
                    405.26961396750477,
                    212.8269129547045
                ],
                [
                    476.4234601213509,
                    94.36537449316606
                ]
            ],
            "flags": {},
            "group_id": null,
            "label": "pickable_box"
        },
        {
            "shape_type": "polygon",
            "points": [
                [
                    314.1157678136586,
                    155.1346052623968
                ],
                [
                    242.96192165981245,
                    190.1346052623968
                ],
                [
                    310.6542293521203,
                    304.74998987778184
                ],
                [
                    397.57730627519703,
                    220.90383603162758
                ]
            ],
            "flags": {},
            "group_id": null,
            "label": "pickable_smartpac"
        },
        {
            "shape_type": "polygon",
            "points": [
                [
                    374.15130297987054,
                    214.0759043896054
                ],
                [
                    515.8835466846083,
                    294.01105819998344
                ],
                [
                    488.79484825925397,
                    261.0893918655206
                ],
                [
                    367.2148867948994,
                    187.48630901388285
                ]
            ],
            "flags": {},
            "group_id": null,
            "label": "pickable_smartpac"
        }
    ],
    "imagePath": "1616051331-081880-por1094.png",
    "flags": {},
    "imageWidth": 640,
    "imageHeight": 360
}