{
    "shapes": [
        {
            "shape_type": "polygon",
            "points": [
                [
                    176.6625874125874,
                    207.59090909090907
                ],
                [
                    357.1369701165716,
                    177.29741845586247
                ],
                [
                    333.33874114756463,
                    249.5361657420481
                ],
                [
                    178.01282699812114,
                    283.5584232937174
                ]
            ],
            "flags": {},
            "group_id": null,
            "label": "pickable_smartpac"
        },
        {
            "shape_type": "polygon",
            "points": [
                [
                    368.683304272014,
                    45.631391353402734
                ],
                [
                    477.58632493974056,
                    95.71088260936457
                ],
                [
                    404.7723344786913,
                    237.04633570952353
                ],
                [
                    296.1872788348121,
                    185.21803682240113
                ]
            ],
            "flags": {},
            "group_id": null,
            "label": "pickable_smartpac"
        }
    ],
    "imagePath": "1616051080-638138-por1094.png",
    "flags": {},
    "imageWidth": 640,
    "imageHeight": 360
}