{
    "shapes": [
        {
            "shape_type": "polygon",
            "points": [
                [
                    86.08600270697045,
                    37.55669599217987
                ],
                [
                    82.86019625535755,
                    131.91153470185728
                ],
                [
                    190.38707797578766,
                    128.14809384164224
                ],
                [
                    198.18277690051883,
                    34.868523949169116
                ]
            ],
            "flags": {},
            "group_id": null,
            "label": "pickable_smartpac"
        },
        {
            "shape_type": "polygon",
            "points": [
                [
                    287.81384475739304,
                    103.19347856444628
                ],
                [
                    218.33332527687358,
                    196.6999720709398
                ],
                [
                    294.30735125089956,
                    254.49217986314758
                ],
                [
                    361.8398187833671,
                    161.95971233068005
                ]
            ],
            "flags": {},
            "group_id": null,
            "label": "pickable_smartpac"
        },
        {
            "shape_type": "polygon",
            "points": [
                [
                    461.19046813401644,
                    51.24542661639434
                ],
                [
                    466.3852733288216,
                    161.63503700600472
                ],
                [
                    377.0995590431073,
                    182.4142577852255
                ],
                [
                    359.5670915106398,
                    66.5051668761346
                ]
            ],
            "flags": {},
            "group_id": null,
            "label": "pickable_smartpac"
        }
    ],
    "imagePath": "1616051263-412147-por1094.png",
    "flags": {},
    "imageWidth": 640,
    "imageHeight": 360
}