{
    "shapes": [
        {
            "shape_type": "polygon",
            "points": [
                [
                    367.7316609661555,
                    144.91620844160622
                ],
                [
                    393.93046216495696,
                    259.3170575924553
                ],
                [
                    466.4304621649568,
                    248.16321143860918
                ],
                [
                    461.04584678034144,
                    148.74013451553228
                ]
            ],
            "flags": {},
            "group_id": null,
            "label": "pickable_smartpac"
        }
    ],
    "imagePath": "1616050609-649056-por1094.png",
    "flags": {},
    "imageWidth": 640,
    "imageHeight": 360
}