{
    "shapes": [
        {
            "shape_type": "polygon",
            "points": [
                [
                    54.13096796804216,
                    174.95254887979908
                ],
                [
                    69.04032547270758,
                    118.089934465865
                ],
                [
                    177.2647989464479,
                    150.15027393089656
                ],
                [
                    159.90942704562147,
                    205.9353978978387
                ]
            ],
            "flags": {},
            "group_id": null,
            "label": "pickable_box"
        },
        {
            "shape_type": "polygon",
            "points": [
                [
                    343.8955066672602,
                    218.8525826171151
                ],
                [
                    425.12112280580806,
                    266.3713760322831
                ],
                [
                    482.8335597646053,
                    190.2390132955812
                ],
                [
                    408.4972765787646,
                    128.58709589145144
                ]
            ],
            "flags": {},
            "group_id": null,
            "label": "pickable_polybag"
        }
    ],
    "imagePath": "1616050897-729248-por1094.png",
    "flags": {},
    "imageWidth": 640,
    "imageHeight": 360
}