{
    "shapes": [
        {
            "shape_type": "polygon",
            "points": [
                [
                    322.8290747713825,
                    149.16783216783216
                ],
                [
                    320.50991543609416,
                    257.45586134295826
                ],
                [
                    465.15831832798517,
                    255.83559212522468
                ],
                [
                    462.2037728734396,
                    152.19922848886108
                ]
            ],
            "flags": {},
            "group_id": null,
            "label": "pickable_flat"
        },
        {
            "shape_type": "polygon",
            "points": [
                [
                    349.3076689773357,
                    29.54663108626367
                ],
                [
                    458.9245520942188,
                    32.31611160574419
                ],
                [
                    450.6745520942188,
                    155.8161116057442
                ],
                [
                    338.6745520942188,
                    146.0661116057442
                ]
            ],
            "flags": {},
            "group_id": null,
            "label": "pickable_smartpac"
        }
    ],
    "imagePath": "1616051304-809419-por1094.png",
    "flags": {},
    "imageWidth": 640,
    "imageHeight": 360
}