{
    "shapes": [
        {
            "shape_type": "polygon",
            "points": [
                [
                    200.21151401046507,
                    164.69986307398898
                ],
                [
                    228.10407599393614,
                    273.1709374541542
                ],
                [
                    327.48424128319226,
                    241.97259034671623
                ],
                [
                    297.1123404567459,
                    139.49325150374105
                ]
            ],
            "flags": {},
            "group_id": null,
            "label": "pickable_smartpac"
        },
        {
            "shape_type": "polygon",
            "points": [
                [
                    230.3768032666634,
                    107.67506968555921
                ],
                [
                    323.55862144848174,
                    42.79903662770796
                ],
                [
                    419.42639004352293,
                    164.9064746442369
                ],
                [
                    328.72391070467995,
                    214.90647464423688
                ]
            ],
            "flags": {},
            "group_id": null,
            "label": "pickable_smartpac"
        }
    ],
    "imagePath": "1616050726-827071-por1094.png",
    "flags": {},
    "imageWidth": 640,
    "imageHeight": 360
}