{
    "shapes": [
        {
            "shape_type": "polygon",
            "points": [
                [
                    333.689640083209,
                    77.19714060828828
                ],
                [
                    394.73892466190534,
                    171.63275269095917
                ],
                [
                    472.95832052836005,
                    108.83466048110228
                ],
                [
                    412.86293102120584,
                    31.410177174266018
                ]
            ],
            "flags": {},
            "group_id": null,
            "label": "pickable_smartpac"
        },
        {
            "shape_type": "polygon",
            "points": [
                [
                    137.8231853932249,
                    27.435614376173817
                ],
                [
                    200.6212776030818,
                    26.79968432847906
                ],
                [
                    202.84703277001344,
                    116.46582105343931
                ],
                [
                    140.20792307208023,
                    118.21462868459989
                ]
            ],
            "flags": {},
            "group_id": null,
            "label": "pickable_box"
        }
    ],
    "imagePath": "1616050965-254100-por1094.png",
    "flags": {},
    "imageWidth": 640,
    "imageHeight": 360
}