{
    "shapes": [
        {
            "shape_type": "polygon",
            "points": [
                [
                    183.20720904405766,
                    144.4982326869311
                ],
                [
                    250.56258094488413,
                    240.9858359927162
                ],
                [
                    331.5543164820742,
                    185.82054673651788
                ],
                [
                    279.48820077959493,
                    93.67178640593932
                ]
            ],
            "flags": {},
            "group_id": null,
            "label": "pickable_smartpac"
        },
        {
            "shape_type": "polygon",
            "points": [
                [
                    353.4282929187446,
                    143.96464471799092
                ],
                [
                    362.68119762044824,
                    262.15138844202914
                ],
                [
                    471.0712202961852,
                    257.6162410497389
                ],
                [
                    460.4136239243031,
                    143.55728413363914
                ]
            ],
            "flags": {},
            "group_id": null,
            "label": "pickable_smartpac"
        },
        {
            "shape_type": "polygon",
            "points": [
                [
                    49.83525774576712,
                    141.775479975551
                ],
                [
                    169.63694727168144,
                    131.33171845148757
                ],
                [
                    180.1956509158563,
                    255.90811513852262
                ],
                [
                    69.98345644902847,
                    259.94249601416067
                ]
            ],
            "flags": {},
            "group_id": null,
            "label": "pickable_smartpac"
        }
    ],
    "imagePath": "1616051508-378303-por1094.png",
    "flags": {},
    "imageWidth": 640,
    "imageHeight": 360
}