{
    "shapes": [
        {
            "shape_type": "polygon",
            "points": [
                [
                    357.65488874235774,
                    170.5580436932794
                ],
                [
                    462.2225595856884,
                    163.2644331005486
                ],
                [
                    466.6178330162377,
                    253.26164338135126
                ],
                [
                    365.5175885174602,
                    262.55259692658353
                ]
            ],
            "flags": {},
            "group_id": null,
            "label": "pickable_flat"
        }
    ],
    "imagePath": "1616050603-909891-por1094.png",
    "flags": {},
    "imageWidth": 640,
    "imageHeight": 360
}