{
    "shapes": [
        {
            "shape_type": "polygon",
            "points": [
                [
                    387.164272433334,
                    107.75159523535342
                ],
                [
                    394.2747218303046,
                    223.21729699670257
                ],
                [
                    463.95687341954664,
                    218.0828226690742
                ],
                [
                    461.14513747822633,
                    109.03636790134804
                ]
            ],
            "flags": {},
            "group_id": null,
            "label": "pickable_smartpac"
        }
    ],
    "imagePath": "1616050859-136103-por1094.png",
    "flags": {},
    "imageWidth": 640,
    "imageHeight": 360
}