{
    "shapes": [
        {
            "shape_type": "polygon",
            "points": [
                [
                    112.51145985261444,
                    144.56616432875373
                ],
                [
                    201.3206231960196,
                    117.45584561070689
                ],
                [
                    238.2045659623153,
                    226.19988376650977
                ],
                [
                    146.94860411811817,
                    253.2269107935368
                ]
            ],
            "flags": {},
            "group_id": null,
            "label": "pickable_smartpac"
        },
        {
            "shape_type": "polygon",
            "points": [
                [
                    348.0400998918369,
                    72.9904448885951
                ],
                [
                    352.3789428670435,
                    197.99044488859508
                ],
                [
                    462.29629823894436,
                    193.85821348363643
                ],
                [
                    458.5772899744816,
                    71.7507754671075
                ]
            ],
            "flags": {},
            "group_id": null,
            "label": "pickable_smartpac"
        }
    ],
    "imagePath": "1616050851-741944-por1094.png",
    "flags": {},
    "imageWidth": 640,
    "imageHeight": 360
}