{
    "shapes": [
        {
            "shape_type": "polygon",
            "points": [
                [
                    112.52434104357182,
                    173.19338353953742
                ],
                [
                    268.7131522323831,
                    165.18639053254435
                ],
                [
                    279.2530424496926,
                    267.8677951494328
                ],
                [
                    137.69916621839698,
                    271.794782140936
                ]
            ],
            "flags": {},
            "group_id": null,
            "label": "pickable_polybag"
        },
        {
            "shape_type": "polygon",
            "points": [
                [
                    334.3143896793895,
                    35.41432712802521
                ],
                [
                    338.8558097977327,
                    150.39953422861691
                ],
                [
                    461.1930879042416,
                    144.63030345938617
                ],
                [
                    456.7552180817564,
                    32.500125944593236
                ]
            ],
            "flags": {},
            "group_id": null,
            "label": "pickable_smartpac"
        }
    ],
    "imagePath": "1616050745-692195-por1094.png",
    "flags": {},
    "imageWidth": 640,
    "imageHeight": 360
}