{
    "shapes": [
        {
            "shape_type": "polygon",
            "points": [
                [
                    126.15654011001402,
                    192.60745168809683
                ],
                [
                    126.42535731431511,
                    256.8547635160538
                ],
                [
                    246.58664763689575,
                    256.3171291074517
                ],
                [
                    246.0490132282936,
                    190.99454846229037
                ]
            ],
            "flags": {},
            "group_id": null,
            "label": "pickable_box"
        },
        {
            "shape_type": "polygon",
            "points": [
                [
                    246.16194826678694,
                    159.8944657493044
                ],
                [
                    297.3453802194497,
                    253.38559000965944
                ],
                [
                    383.144196787497,
                    215.81162551261804
                ],
                [
                    338.17378258631356,
                    108.71103379664169
                ]
            ],
            "flags": {},
            "group_id": null,
            "label": "pickable_smartpac"
        },
        {
            "shape_type": "polygon",
            "points": [
                [
                    415.2882573878393,
                    155.3871804990719
                ],
                [
                    376.3360933787277,
                    231.9247659204842
                ],
                [
                    425.08324599831764,
                    257.4372943942883
                ],
                [
                    464.9465717386366,
                    181.3552898384796
                ]
            ],
            "flags": {},
            "group_id": null,
            "label": "pickable_box"
        },
        {
            "shape_type": "polygon",
            "points": [
                [
                    113.87720538956472,
                    36.0538167975617
                ],
                [
                    103.16291967527901,
                    153.63623437997927
                ],
                [
                    228.43764495000428,
                    147.31755306129796
                ],
                [
                    228.71237022472954,
                    34.40546514921006
                ]
            ],
            "flags": {},
            "group_id": null,
            "label": "pickable_smartpac"
        }
    ],
    "imagePath": "1616051544-104888-por1094.png",
    "flags": {},
    "imageWidth": 640,
    "imageHeight": 360
}