{
    "shapes": [
        {
            "shape_type": "polygon",
            "points": [
                [
                    343.5641161804853,
                    89.35530895113463
                ],
                [
                    464.23862779055213,
                    100.88414530430346
                ],
                [
                    448.1318363976735,
                    260.79866733486637
                ],
                [
                    328.1000398952888,
                    251.89564666713989
                ]
            ],
            "flags": {},
            "group_id": null,
            "label": "pickable_smartpac"
        }
    ],
    "imagePath": "1616050605-776407-por1094.png",
    "flags": {},
    "imageWidth": 640,
    "imageHeight": 360
}