{
    "shapes": [
        {
            "shape_type": "polygon",
            "points": [
                [
                    370.6348446462929,
                    218.72764632915772
                ],
                [
                    366.70922481158215,
                    237.94252236221558
                ],
                [
                    461.5439355553838,
                    243.10781161841393
                ],
                [
                    462.99021654711936,
                    220.38053889114119
                ]
            ],
            "flags": {},
            "group_id": null,
            "label": "pickable_polybag"
        },
        {
            "shape_type": "polygon",
            "points": [
                [
                    401.626580183483,
                    236.9094645109759
                ],
                [
                    400.5935223322433,
                    256.7441752547776
                ],
                [
                    463.4034396876153,
                    257.15739839527345
                ],
                [
                    464.8497206793508,
                    242.2813653374222
                ]
            ],
            "flags": {},
            "group_id": null,
            "label": "pickable_polybag"
        }
    ],
    "imagePath": "1616050615-369646-por1094.png",
    "flags": {},
    "imageWidth": 640,
    "imageHeight": 360
}