{
    "shapes": [
        {
            "shape_type": "polygon",
            "points": [
                [
                    297.80054036872224,
                    153.76250672404518
                ],
                [
                    308.95756516211065,
                    270.49804391412783
                ],
                [
                    469.0815321042594,
                    257.2749034182601
                ],
                [
                    461.2302924348379,
                    149.21705217859065
                ]
            ],
            "flags": {},
            "group_id": null,
            "label": "pickable_smartpac"
        },
        {
            "shape_type": "polygon",
            "points": [
                [
                    336.23029243483785,
                    131.44845713726835
                ],
                [
                    418.8749205340115,
                    176.4897794513179
                ],
                [
                    464.32946598855693,
                    78.76250672404518
                ],
                [
                    392.222027972028,
                    33.10134969925179
                ]
            ],
            "flags": {},
            "group_id": null,
            "label": "pickable_smartpac"
        }
    ],
    "imagePath": "1616051226-752078-por1094.png",
    "flags": {},
    "imageWidth": 640,
    "imageHeight": 360
}