{
    "shapes": [
        {
            "shape_type": "polygon",
            "points": [
                [
                    147.05542038606555,
                    76.47180239115721
                ],
                [
                    203.49167230618843,
                    221.1394465749304
                ],
                [
                    312.9276825325212,
                    183.77688172043008
                ],
                [
                    254.63198360779006,
                    47.73655913978493
                ]
            ],
            "flags": {},
            "group_id": null,
            "label": "pickable_polybag"
        },
        {
            "shape_type": "polygon",
            "points": [
                [
                    366.6972766211387,
                    144.5318320241058
                ],
                [
                    461.67655978292004,
                    140.16764306754587
                ],
                [
                    458.01163831695146,
                    28.12575825079195
                ],
                [
                    362.7236802017682,
                    30.394519158296312
                ]
            ],
            "flags": {},
            "group_id": null,
            "label": "pickable_smartpac"
        },
        {
            "shape_type": "polygon",
            "points": [
                [
                    350.46828973971833,
                    162.18024785088997
                ],
                [
                    359.0698181642279,
                    261.6600549385066
                ],
                [
                    465.621598099503,
                    261.3655565566296
                ],
                [
                    461.1272615299237,
                    152.2304432880212
                ]
            ],
            "flags": {},
            "group_id": null,
            "label": "pickable_polybag"
        },
        {
            "shape_type": "polygon",
            "points": [
                [
                    163.932257235815,
                    154.73414835459045
                ],
                [
                    251.64681540491858,
                    228.6991833196255
                ],
                [
                    177.8750417240539,
                    295.22620175573473
                ],
                [
                    94.91254967065285,
                    245.4067484817361
                ]
            ],
            "flags": {},
            "group_id": null,
            "label": "pickable_smartpac"
        }
    ],
    "imagePath": "1616050826-737572-por1094.png",
    "flags": {},
    "imageWidth": 640,
    "imageHeight": 360
}