{
    "shapes": [
        {
            "shape_type": "polygon",
            "points": [
                [
                    126.1722143918794,
                    79.51365362166321
                ],
                [
                    95.85642491819517,
                    167.5136536216632
                ],
                [
                    0,
                    130.0399694111369
                ],
                [
                    43.435372286616236,
                    22.88207467429479
                ]
            ],
            "flags": {},
            "group_id": null,
            "label": "pickable_smartpac"
        },
        {
            "shape_type": "polygon",
            "points": [
                [
                    137.49192142645612,
                    104.17827634351639
                ],
                [
                    252.98706705752406,
                    123.33276450566933
                ],
                [
                    242.145643109304,
                    178.99619492638132
                ],
                [
                    125.96441333584121,
                    157.63697162541044
                ]
            ],
            "flags": {},
            "group_id": null,
            "label": "pickable_polybag"
        },
        {
            "shape_type": "polygon",
            "points": [
                [
                    344.1889843426773,
                    267.88526687573267
                ],
                [
                    478.1252645290721,
                    287.3533080369785
                ],
                [
                    480.33629127122225,
                    260.5159780134411
                ],
                [
                    365.3529893908333,
                    239.6049971949458
                ]
            ],
            "flags": {},
            "group_id": null,
            "label": "pickable_polybag"
        }
    ],
    "imagePath": "1616050874-065343-por1094.png",
    "flags": {},
    "imageWidth": 640,
    "imageHeight": 360
}