{
    "shapes": [
        {
            "shape_type": "polygon",
            "points": [
                [
                    350.46958780008697,
                    111.92247379450976
                ],
                [
                    358.10074837242405,
                    217.16889668799146
                ],
                [
                    466.3678389924558,
                    213.67128142567032
                ],
                [
                    461.75734614666885,
                    107.78892848449385
                ]
            ],
            "flags": {},
            "group_id": null,
            "label": "pickable_smartpac"
        }
    ],
    "imagePath": "1616051205-552275-por1094.png",
    "flags": {},
    "imageWidth": 640,
    "imageHeight": 360
}