{
    "shapes": [
        {
            "shape_type": "polygon",
            "points": [
                [
                    449.2343481580454,
                    123.49314055370901
                ],
                [
                    463.50881755585453,
                    238.80751635626837
                ],
                [
                    299.646133773385,
                    257.53197732671873
                ],
                [
                    289.37927965626324,
                    133.5167491671054
                ]
            ],
            "flags": {},
            "group_id": null,
            "label": "pickable_smartpac"
        },
        {
            "shape_type": "polygon",
            "points": [
                [
                    242.57582213517065,
                    43.412964473877246
                ],
                [
                    232.91150359037167,
                    114.58801685115276
                ],
                [
                    130.58876520406358,
                    100.52933714455128
                ],
                [
                    142.08020774685087,
                    27.301953281470595
                ]
            ],
            "flags": {},
            "group_id": null,
            "label": "pickable_box"
        }
    ],
    "imagePath": "1616051056-639391-por1094.png",
    "flags": {},
    "imageWidth": 640,
    "imageHeight": 360
}