{
    "shapes": [
        {
            "shape_type": "polygon",
            "points": [
                [
                    147.05542038606555,
                    76.47180239115721
                ],
                [
                    203.49167230618846,
                    221.1394465749304
                ],
                [
                    314.3262839311226,
                    183.42723137077974
                ],
                [
                    254.63198360779006,
                    47.73655913978493
                ]
            ],
            "flags": {},
            "group_id": null,
            "label": "pickable_polybag"
        },
        {
            "shape_type": "polygon",
            "points": [
                [
                    366.6972766211387,
                    144.5318320241058
                ],
                [
                    461.67655978292004,
                    140.16764306754587
                ],
                [
                    458.01163831695146,
                    28.12575825079195
                ],
                [
                    362.7236802017682,
                    30.394519158296312
                ]
            ],
            "flags": {},
            "group_id": null,
            "label": "pickable_smartpac"
        },
        {
            "shape_type": "polygon",
            "points": [
                [
                    163.932257235815,
                    154.73414835459045
                ],
                [
                    250.03391217911212,
                    227.62391450242117
                ],
                [
                    182.71375140147325,
                    295.49501896003585
                ],
                [
                    94.91254967065284,
                    245.4067484817361
                ]
            ],
            "flags": {},
            "group_id": null,
            "label": "pickable_smartpac"
        }
    ],
    "imagePath": "1616050828-673576-por1094.png",
    "flags": {},
    "imageWidth": 640,
    "imageHeight": 360
}