{
    "shapes": [
        {
            "shape_type": "polygon",
            "points": [
                [
                    148.27565444650782,
                    162.7835397113337
                ],
                [
                    268.081245001333,
                    161.12614413934062
                ],
                [
                    272.21347640629165,
                    261.3327557095886
                ],
                [
                    150.31264996001067,
                    264.01870612281175
                ]
            ],
            "flags": {},
            "group_id": null,
            "label": "pickable_smartpac"
        },
        {
            "shape_type": "polygon",
            "points": [
                [
                    344.13192182485454,
                    79.5335973900371
                ],
                [
                    458.8209175298466,
                    78.85813147206868
                ],
                [
                    460.82445860874975,
                    171.52932626211137
                ],
                [
                    355.1058150234942,
                    173.41082256886537
                ]
            ],
            "flags": {},
            "group_id": null,
            "label": "pickable_smartpac"
        }
    ],
    "imagePath": "1616050580-440601-por1094.png",
    "flags": {},
    "imageWidth": 640,
    "imageHeight": 360
}