{
    "shapes": [
        {
            "shape_type": "polygon",
            "points": [
                [
                    179.86538461538458,
                    138.08203335126413
                ],
                [
                    193.81643356643355,
                    263.1519634211942
                ],
                [
                    306.40384615384613,
                    254.7603550295858
                ],
                [
                    298.01223776223776,
                    132.03308230231306
                ]
            ],
            "flags": {},
            "group_id": null,
            "label": "pickable_smartpac"
        },
        {
            "shape_type": "polygon",
            "points": [
                [
                    319.1905594405594,
                    143.5715438407746
                ],
                [
                    381.57867132867136,
                    239.37573964497042
                ],
                [
                    465.84440559440566,
                    182.0330823023131
                ],
                [
                    418.9912587412588,
                    94.27084454007532
                ]
            ],
            "flags": {},
            "group_id": null,
            "label": "pickable_smartpac"
        }
    ],
    "imagePath": "1616051510-510517-por1094.png",
    "flags": {},
    "imageWidth": 640,
    "imageHeight": 360
}