{
    "shapes": [
        {
            "shape_type": "polygon",
            "points": [
                [
                    186.2985750808331,
                    105.73031806902773
                ],
                [
                    288.2492084183907,
                    140.8732377384266
                ],
                [
                    251.8364153611357,
                    267.3574050942209
                ],
                [
                    145.4112027487264,
                    226.18093450598565
                ]
            ],
            "flags": {},
            "group_id": null,
            "label": "pickable_smartpac"
        },
        {
            "shape_type": "polygon",
            "points": [
                [
                    317.6183429262447,
                    26.87300441279102
                ],
                [
                    320.1355689764781,
                    152.78734901462173
                ],
                [
                    421.914949796953,
                    154.57692303985598
                ],
                [
                    423.8709400170019,
                    31.594037954281387
                ]
            ],
            "flags": {},
            "group_id": null,
            "label": "pickable_smartpac"
        }
    ],
    "imagePath": "1616051114-704860-por1094.png",
    "flags": {},
    "imageWidth": 640,
    "imageHeight": 360
}