{
    "shapes": [
        {
            "shape_type": "polygon",
            "points": [
                [
                    112.87399139322216,
                    177.03953738569123
                ],
                [
                    268.46839698762784,
                    170.04653039268422
                ],
                [
                    277.90895642818725,
                    267.59897794513176
                ],
                [
                    137.69916621839698,
                    271.794782140936
                ]
            ],
            "flags": {},
            "group_id": null,
            "label": "pickable_polybag"
        },
        {
            "shape_type": "polygon",
            "points": [
                [
                    247.32450242065627,
                    47.06589564281873
                ],
                [
                    213.43692845615925,
                    187.46234534696075
                ],
                [
                    359.8777568585261,
                    190.74932759548145
                ],
                [
                    401.7327864443249,
                    85.72861753630986
                ]
            ],
            "flags": {},
            "group_id": null,
            "label": "pickable_smartpac"
        }
    ],
    "imagePath": "1616050741-883466-por1094.png",
    "flags": {},
    "imageWidth": 640,
    "imageHeight": 360
}