{
    "shapes": [
        {
            "shape_type": "polygon",
            "points": [
                [
                    377.6303591828847,
                    248.84420463075662
                ],
                [
                    454.9566931394502,
                    196.0746437567804
                ],
                [
                    464.2000296731649,
                    211.87183027164272
                ],
                [
                    388.1609098687639,
                    265.9060601004935
                ]
            ],
            "flags": {},
            "group_id": null,
            "label": "pickable_polybag"
        },
        {
            "shape_type": "polygon",
            "points": [
                [
                    414.1123429388237,
                    235.24087834786837
                ],
                [
                    410.4102986218202,
                    255.14811389022466
                ],
                [
                    463.3442839518936,
                    256.49285716650826
                ],
                [
                    463.8625809471854,
                    237.4247445811917
                ]
            ],
            "flags": {},
            "group_id": null,
            "label": "pickable_polybag"
        },
        {
            "shape_type": "polygon",
            "points": [
                [
                    374.5116725520116,
                    221.00899260022854
                ],
                [
                    387.3478583710825,
                    242.8916331870256
                ],
                [
                    468.52145250311185,
                    186.7791637493728
                ],
                [
                    454.7072715740165,
                    167.2192615488838
                ]
            ],
            "flags": {},
            "group_id": null,
            "label": "pickable_polybag"
        }
    ],
    "imagePath": "1616050660-362968-por1094.png",
    "flags": {},
    "imageWidth": 640,
    "imageHeight": 360
}