{
    "shapes": [
        {
            "shape_type": "polygon",
            "points": [
                [
                    152.3291788856305,
                    72.12587754376611
                ],
                [
                    241.18548387096774,
                    22.930107526881724
                ],
                [
                    278.5510752688172,
                    96.85483870967742
                ],
                [
                    207.85215053763437,
                    167.5537634408602
                ]
            ],
            "flags": {},
            "group_id": null,
            "label": "pickable_smartpac"
        },
        {
            "shape_type": "polygon",
            "points": [
                [
                    13.116157979174007,
                    91.45521194348176
                ],
                [
                    129.28740120320307,
                    183.81947036345866
                ],
                [
                    203.6231338967071,
                    107.37096774193547
                ],
                [
                    77.94109355191014,
                    8.510663822980536
                ]
            ],
            "flags": {},
            "group_id": null,
            "label": "pickable_smartpac"
        },
        {
            "shape_type": "polygon",
            "points": [
                [
                    305.1787285193479,
                    267.0069774128749
                ],
                [
                    369.2171900578094,
                    168.73774664364402
                ],
                [
                    274.7941131347324,
                    100.85313125902863
                ],
                [
                    204.21719005780935,
                    195.46851587441324
                ]
            ],
            "flags": {},
            "group_id": null,
            "label": "pickable_polybag"
        },
        {
            "shape_type": "polygon",
            "points": [
                [
                    399.8583916083916,
                    50.338952610664776
                ],
                [
                    312.46169739351564,
                    127.61167988339204
                ],
                [
                    398.2054990464082,
                    206.3306881478549
                ],
                [
                    474.13701918219596,
                    122.42062732625816
                ]
            ],
            "flags": {},
            "group_id": null,
            "label": "pickable_smartpac"
        }
    ],
    "imagePath": "1616050982-182925-por1094.png",
    "flags": {},
    "imageWidth": 640,
    "imageHeight": 360
}