{
    "shapes": [
        {
            "shape_type": "polygon",
            "points": [
                [
                    350.20125823120424,
                    176.38927397138542
                ],
                [
                    344.72654320275313,
                    255.34733286010993
                ],
                [
                    453.6300369084251,
                    254.71032261540904
                ],
                [
                    453.61134588617773,
                    180.6686163776592
                ]
            ],
            "flags": {},
            "group_id": null,
            "label": "pickable_flat"
        },
        {
            "shape_type": "polygon",
            "points": [
                [
                    261.1185682517653,
                    151.47157070520328
                ],
                [
                    218.08104959951595,
                    264.85588296698944
                ],
                [
                    122.51236422285417,
                    236.64317986506916
                ],
                [
                    160.1785385212294,
                    115.66829064793474
                ]
            ],
            "flags": {},
            "group_id": null,
            "label": "pickable_smartpac"
        },
        {
            "shape_type": "polygon",
            "points": [
                [
                    361.13342238816625,
                    31.893708185271464
                ],
                [
                    350.48159408927916,
                    131.89370818527146
                ],
                [
                    456.5229295423793,
                    146.67908179417446
                ],
                [
                    461.76935243586104,
                    39.04792122183745
                ]
            ],
            "flags": {},
            "group_id": null,
            "label": "pickable_smartpac"
        }
    ],
    "imagePath": "1616051242-085246-por1094.png",
    "flags": {},
    "imageWidth": 640,
    "imageHeight": 360
}