{
    "shapes": [
        {
            "shape_type": "polygon",
            "points": [
                [
                    320.62182511470706,
                    130.1829796383389
                ],
                [
                    385.32987254221183,
                    223.5691852303562
                ],
                [
                    457.7015106840211,
                    172.1021925653195
                ],
                [
                    396.69906569624607,
                    77.35891628170093
                ]
            ],
            "flags": {},
            "group_id": null,
            "label": "pickable_smartpac"
        }
    ],
    "imagePath": "1616051070-974467-por1094.png",
    "flags": {},
    "imageWidth": 640,
    "imageHeight": 360
}