{
    "shapes": [
        {
            "shape_type": "polygon",
            "points": [
                [
                    128.23898704688733,
                    78.40077603819739
                ],
                [
                    95.22049487050042,
                    168.9444962289764
                ],
                [
                    0,
                    129.3406687118362
                ],
                [
                    43.435372286616236,
                    22.88207467429479
                ]
            ],
            "flags": {},
            "group_id": null,
            "label": "pickable_smartpac"
        },
        {
            "shape_type": "polygon",
            "points": [
                [
                    137.49192142645612,
                    104.17827634351639
                ],
                [
                    252.98706705752406,
                    123.33276450566933
                ],
                [
                    242.145643109304,
                    178.99619492638132
                ],
                [
                    125.96441333584121,
                    157.63697162541044
                ]
            ],
            "flags": {},
            "group_id": null,
            "label": "pickable_polybag"
        },
        {
            "shape_type": "polygon",
            "points": [
                [
                    348.33099617699685,
                    266.55390592898715
                ],
                [
                    478.1252645290721,
                    287.3533080369785
                ],
                [
                    481.6819679270726,
                    258.2572772435741
                ],
                [
                    364.90920240858475,
                    243.00736405885112
                ]
            ],
            "flags": {},
            "group_id": null,
            "label": "pickable_polybag"
        }
    ],
    "imagePath": "1616050875-735388-por1094.png",
    "flags": {},
    "imageWidth": 640,
    "imageHeight": 360
}