{
    "shapes": [
        {
            "shape_type": "polygon",
            "points": [
                [
                    341.60649875352107,
                    175.37228652241058
                ],
                [
                    434.4608487046453,
                    93.86202259279183
                ],
                [
                    476.8121533140144,
                    189.29363399214517
                ],
                [
                    397.73853875652884,
                    265.13016305448065
                ]
            ],
            "flags": {},
            "group_id": null,
            "label": "pickable_smartpac"
        },
        {
            "shape_type": "polygon",
            "points": [
                [
                    216.6591342900276,
                    141.26333096184212
                ],
                [
                    262.4283650592584,
                    255.109484807996
                ],
                [
                    370.88990352079674,
                    212.0325617310729
                ],
                [
                    324.35144198233525,
                    96.26333096184213
                ]
            ],
            "flags": {},
            "group_id": null,
            "label": "pickable_polybag"
        }
    ],
    "imagePath": "1616051066-638424-por1094.png",
    "flags": {},
    "imageWidth": 640,
    "imageHeight": 360
}