{
    "shapes": [
        {
            "shape_type": "polygon",
            "points": [
                [
                    314.4655606631131,
                    102.71986405203188
                ],
                [
                    349.3829160350139,
                    165.43442222113555
                ],
                [
                    427.0052936573915,
                    121.21954618807764
                ],
                [
                    391.4839967724583,
                    57.88515330823022
                ]
            ],
            "flags": {},
            "group_id": null,
            "label": "pickable_box"
        },
        {
            "shape_type": "polygon",
            "points": [
                [
                    95.45366538539506,
                    36.10009141960101
                ],
                [
                    43.505613437343115,
                    203.63255895206854
                ],
                [
                    167.53158746331712,
                    234.4767147962244
                ],
                [
                    220.77834071007035,
                    67.5935979131075
                ]
            ],
            "flags": {},
            "group_id": null,
            "label": "pickable_flat"
        },
        {
            "shape_type": "polygon",
            "points": [
                [
                    188.6354835672132,
                    89.67151999102958
                ],
                [
                    247.7263926581223,
                    174.41177973128933
                ],
                [
                    342.8562627879924,
                    108.82736414687373
                ],
                [
                    281.81730174903134,
                    26.35983167934127
                ]
            ],
            "flags": {},
            "group_id": null,
            "label": "pickable_smartpac"
        },
        {
            "shape_type": "polygon",
            "points": [
                [
                    457.2795234441298,
                    108.98445478171018
                ],
                [
                    368.23842755371885,
                    181.31322190499785
                ],
                [
                    442.7589754989243,
                    264.8748657406142
                ],
                [
                    490.43020837563665,
                    182.40911231595675
                ]
            ],
            "flags": {},
            "group_id": null,
            "label": "pickable_smartpac"
        },
        {
            "shape_type": "polygon",
            "points": [
                [
                    330.7943786982249,
                    162.14981172673478
                ],
                [
                    393.0321409359872,
                    161.10086067778374
                ],
                [
                    392.3328402366865,
                    260.75121032813337
                ],
                [
                    330.7943786982249,
                    259.352608929532
                ]
            ],
            "flags": {},
            "group_id": null,
            "label": "pickable_polybag"
        }
    ],
    "imagePath": "1616051482-716450-por1094.png",
    "flags": {},
    "imageWidth": 640,
    "imageHeight": 360
}