{
    "shapes": [
        {
            "shape_type": "polygon",
            "points": [
                [
                    354.3973902758984,
                    253.46599637715565
                ],
                [
                    457.4330093297086,
                    258.9841741591439
                ],
                [
                    473.5699286451121,
                    141.50251156745682
                ],
                [
                    378.35931925512097,
                    130.1214545486913
                ]
            ],
            "flags": {},
            "group_id": null,
            "label": "pickable_smartpac"
        },
        {
            "shape_type": "polygon",
            "points": [
                [
                    293.1756857593457,
                    46.021024248400806
                ],
                [
                    395.63975012277757,
                    114.27324897681912
                ],
                [
                    337.0946024595168,
                    205.69010877881377
                ],
                [
                    229.60396575539696,
                    146.51407881626693
                ]
            ],
            "flags": {},
            "group_id": null,
            "label": "pickable_smartpac"
        },
        {
            "shape_type": "polygon",
            "points": [
                [
                    234.54133204159388,
                    109.76170904363386
                ],
                [
                    266.4072166325895,
                    261.7570588639678
                ],
                [
                    125.98870046264653,
                    269.4108318506514
                ],
                [
                    117.65536712931319,
                    128.18276167521284
                ]
            ],
            "flags": {},
            "group_id": null,
            "label": "pickable_polybag"
        }
    ],
    "imagePath": "1616051246-213852-por1094.png",
    "flags": {},
    "imageWidth": 640,
    "imageHeight": 360
}