{
    "shapes": [
        {
            "shape_type": "polygon",
            "points": [
                [
                    118.41834117082259,
                    145.09710099660472
                ],
                [
                    209.278556224586,
                    154.50570314714236
                ],
                [
                    204.8464047982997,
                    260.923991603554
                ],
                [
                    121.58194198838233,
                    256.99837176884324
                ]
            ],
            "flags": {},
            "group_id": null,
            "label": "pickable_box"
        },
        {
            "shape_type": "polygon",
            "points": [
                [
                    315.73676810113346,
                    6.963810265607924
                ],
                [
                    316.7434900374241,
                    119.4497078530705
                ],
                [
                    459.1400530946557,
                    114.22470359485214
                ],
                [
                    461.31274754968837,
                    17.18291640978821
                ]
            ],
            "flags": {},
            "group_id": null,
            "label": "pickable_flat"
        },
        {
            "shape_type": "polygon",
            "points": [
                [
                    367.74572523045913,
                    131.02499267972345
                ],
                [
                    359.4845542518269,
                    252.90387711318988
                ],
                [
                    466.23872055451835,
                    254.46193358272757
                ],
                [
                    464.46276427036537,
                    133.42368221660732
                ]
            ],
            "flags": {},
            "group_id": null,
            "label": "pickable_smartpac"
        },
        {
            "shape_type": "polygon",
            "points": [
                [
                    207.6955024541887,
                    192.0149041310073
                ],
                [
                    241.21505552681438,
                    76.09311642151012
                ],
                [
                    375.57259742625575,
                    165.75792089078385
                ],
                [
                    347.63963653240097,
                    267.15456893547673
                ]
            ],
            "flags": {},
            "group_id": null,
            "label": "pickable_smartpac"
        }
    ],
    "imagePath": "1616050753-026580-por1094.png",
    "flags": {},
    "imageWidth": 640,
    "imageHeight": 360
}