{
    "shapes": [
        {
            "shape_type": "polygon",
            "points": [
                [
                    336.6785780004211,
                    83.16533039428498
                ],
                [
                    461.98529592056684,
                    82.89681999556277
                ],
                [
                    465.22474791554527,
                    251.3947185818845
                ],
                [
                    342.5158346466189,
                    255.38058179895782
                ]
            ],
            "flags": {},
            "group_id": null,
            "label": "pickable_flat"
        },
        {
            "shape_type": "polygon",
            "points": [
                [
                    132.53183743495376,
                    166.3516371965503
                ],
                [
                    227.5398918142346,
                    193.09232475317717
                ],
                [
                    219.74974872997387,
                    273.21951076271614
                ],
                [
                    112.9135007172553,
                    266.8602102857686
                ]
            ],
            "flags": {},
            "group_id": null,
            "label": "pickable_smartpac"
        },
        {
            "shape_type": "polygon",
            "points": [
                [
                    76.34752297480696,
                    104.69804812360643
                ],
                [
                    158.06453410358284,
                    22.34510694713583
                ],
                [
                    273.00889022440947,
                    150.96195909339974
                ],
                [
                    187.31731629754145,
                    194.36418484856668
                ]
            ],
            "flags": {},
            "group_id": null,
            "label": "pickable_smartpac"
        },
        {
            "shape_type": "polygon",
            "points": [
                [
                    227.00205647283877,
                    30.49268276671457
                ],
                [
                    223.50424096060405,
                    150.81061489036696
                ],
                [
                    342.771475752195,
                    145.90882461173277
                ],
                [
                    352.15958978957116,
                    39.711114956749896
                ]
            ],
            "flags": {},
            "group_id": null,
            "label": "pickable_smartpac"
        }
    ],
    "imagePath": "1616050724-756118-por1094.png",
    "flags": {},
    "imageWidth": 640,
    "imageHeight": 360
}