{
    "shapes": [
        {
            "shape_type": "polygon",
            "points": [
                [
                    240.8401553142699,
                    52.42777152917014
                ],
                [
                    273.4847834134435,
                    154.70049880189742
                ],
                [
                    219.76577514898065,
                    171.84925913247594
                ],
                [
                    189.39387432253437,
                    71.43603599198005
                ]
            ],
            "flags": {},
            "group_id": null,
            "label": "pickable_box"
        },
        {
            "shape_type": "polygon",
            "points": [
                [
                    466.4835096032014,
                    110.60014046232874
                ],
                [
                    462.12565190936675,
                    222.08771549866816
                ],
                [
                    348.56860492950096,
                    212.9601987201447
                ],
                [
                    350.7162559362124,
                    117.12127254564805
                ]
            ],
            "flags": {},
            "group_id": null,
            "label": "pickable_smartpac"
        },
        {
            "shape_type": "polygon",
            "points": [
                [
                    169.40798086907904,
                    25.723609951796696
                ],
                [
                    208.48683483165397,
                    131.6395028444338
                ],
                [
                    143.37055576188652,
                    180.83449389988996
                ],
                [
                    83.08433035938205,
                    83.1600752952388
                ]
            ],
            "flags": {},
            "group_id": null,
            "label": "pickable_flat"
        }
    ],
    "imagePath": "1616050808-078346-por1094.png",
    "flags": {},
    "imageWidth": 640,
    "imageHeight": 360
}