{
    "shapes": [
        {
            "shape_type": "polygon",
            "points": [
                [
                    130.03039991439496,
                    139.76718029695698
                ],
                [
                    152.87986227998636,
                    49.71341685609676
                ],
                [
                    270.62179776385733,
                    82.77793298512901
                ],
                [
                    246.69706658106162,
                    174.1757824474946
                ]
            ],
            "flags": {},
            "group_id": null,
            "label": "pickable_smartpac"
        },
        {
            "shape_type": "polygon",
            "points": [
                [
                    406.37448593590034,
                    130.62739535072043
                ],
                [
                    406.6433031402014,
                    261.0037394367419
                ],
                [
                    462.65455534200487,
                    251.03318445080714
                ],
                [
                    460.1379267961154,
                    134.92847061953762
                ]
            ],
            "flags": {},
            "group_id": null,
            "label": "pickable_smartpac"
        }
    ],
    "imagePath": "1616050572-244092-por1094.png",
    "flags": {},
    "imageWidth": 640,
    "imageHeight": 360
}