{
    "shapes": [
        {
            "shape_type": "polygon",
            "points": [
                [
                    177.78523399677246,
                    251.40424959655726
                ],
                [
                    275.50122768050807,
                    255.17520981913043
                ],
                [
                    282.41943228717224,
                    137.73782481231297
                ],
                [
                    183.69129238256176,
                    129.31175168035747
                ]
            ],
            "flags": {},
            "group_id": null,
            "label": "pickable_smartpac"
        },
        {
            "shape_type": "polygon",
            "points": [
                [
                    312.6261095526731,
                    133.76326201422071
                ],
                [
                    365.09033848749027,
                    248.3896531112001
                ],
                [
                    462.8645833205586,
                    197.5152492956198
                ],
                [
                    413.5800046242152,
                    84.31970080595366
                ]
            ],
            "flags": {},
            "group_id": null,
            "label": "pickable_smartpac"
        }
    ],
    "imagePath": "1616050569-045786-por1094.png",
    "flags": {},
    "imageWidth": 640,
    "imageHeight": 360
}