{
    "shapes": [
        {
            "shape_type": "polygon",
            "points": [
                [
                    138.93734491315132,
                    158.77430055469756
                ],
                [
                    223.61476426799004,
                    91.0323650708266
                ],
                [
                    286.78680727874274,
                    180.01085969448252
                ],
                [
                    221.19540942928035,
                    223.82806399555778
                ]
            ],
            "flags": {},
            "group_id": null,
            "label": "pickable_polybag"
        },
        {
            "shape_type": "polygon",
            "points": [
                [
                    190.14140527521178,
                    216.03047168513442
                ],
                [
                    208.8337129675195,
                    265.06893322359593
                ],
                [
                    316.71832835213485,
                    265.26124091590367
                ],
                [
                    318.8337129675195,
                    203.53047168513442
                ]
            ],
            "flags": {},
            "group_id": null,
            "label": "pickable_smartpac"
        },
        {
            "shape_type": "polygon",
            "points": [
                [
                    241.03285103875055,
                    50.55188050886882
                ],
                [
                    256.88908782521986,
                    155.83729277102526
                ],
                [
                    332.1533584383277,
                    146.74638368011617
                ],
                [
                    314.1829567469958,
                    42.0952208894185
                ]
            ],
            "flags": {},
            "group_id": null,
            "label": "pickable_box"
        },
        {
            "shape_type": "polygon",
            "points": [
                [
                    317.01617004532534,
                    42.28514724213555
                ],
                [
                    329.6167043191438,
                    138.4633262195204
                ],
                [
                    391.01847328188836,
                    129.87067902931224
                ],
                [
                    378.72239537605435,
                    34.72348882114643
                ]
            ],
            "flags": {},
            "group_id": null,
            "label": "pickable_box"
        },
        {
            "shape_type": "polygon",
            "points": [
                [
                    399.3450046100641,
                    94.92320404631877
                ],
                [
                    392.3766788182089,
                    178.61852832987836
                ],
                [
                    475.7854269328394,
                    185.85834733440325
                ],
                [
                    483.0252459373643,
                    101.99711053198997
                ]
            ],
            "flags": {},
            "group_id": null,
            "label": "pickable_box"
        },
        {
            "shape_type": "polygon",
            "points": [
                [
                    364.0801623703854,
                    15.860068182164666
                ],
                [
                    387.75619381654303,
                    104.47404018939648
                ],
                [
                    461.1847323556916,
                    99.30682165756096
                ],
                [
                    470.9984524686377,
                    17.506860931401192
                ]
            ],
            "flags": {},
            "group_id": null,
            "label": "pickable_smartpac"
        }
    ],
    "imagePath": "1616050902-534763-por1094.png",
    "flags": {},
    "imageWidth": 640,
    "imageHeight": 360
}