{
    "shapes": [
        {
            "shape_type": "polygon",
            "points": [
                [
                    351.31534325889163,
                    114.28990901571548
                ],
                [
                    355.53569107075225,
                    210.26876263214027
                ],
                [
                    462.0539740596235,
                    206.45318234597173
                ],
                [
                    460.6231314523103,
                    111.22265770368239
                ]
            ],
            "flags": {},
            "group_id": null,
            "label": "pickable_smartpac"
        },
        {
            "shape_type": "polygon",
            "points": [
                [
                    107.63081732764326,
                    158.0787062656133
                ],
                [
                    119.72105401403378,
                    267.7858068573293
                ],
                [
                    224.01099484243616,
                    257.1349192833648
                ],
                [
                    215.57904217971426,
                    146.04024472715176
                ]
            ],
            "flags": {},
            "group_id": null,
            "label": "pickable_smartpac"
        }
    ],
    "imagePath": "1616051427-721164-por1094.png",
    "flags": {},
    "imageWidth": 640,
    "imageHeight": 360
}