{
    "shapes": [
        {
            "shape_type": "polygon",
            "points": [
                [
                    261.4807692307692,
                    123.68450779989242
                ],
                [
                    269.94945108654787,
                    265.289139727105
                ],
                [
                    405.9998895705727,
                    260.31157348767925
                ],
                [
                    369.159666995056,
                    113.86299821557454
                ]
            ],
            "flags": {},
            "group_id": null,
            "label": "pickable_polybag"
        },
        {
            "shape_type": "polygon",
            "points": [
                [
                    408.2294576971996,
                    48.06712000793163
                ],
                [
                    347.4602269279689,
                    153.451735392547
                ],
                [
                    446.3063807741227,
                    201.91327385408547
                ],
                [
                    479.5756115433535,
                    109.79788923870085
                ]
            ],
            "flags": {},
            "group_id": null,
            "label": "pickable_smartpac"
        }
    ],
    "imagePath": "1616051248-146753-por1094.png",
    "flags": {},
    "imageWidth": 640,
    "imageHeight": 360
}