{
    "shapes": [
        {
            "shape_type": "polygon",
            "points": [
                [
                    172.3252688172043,
                    115.5215053763441
                ],
                [
                    72.86290322580645,
                    202.88709677419354
                ],
                [
                    159.36997736276177,
                    288.5005659309564
                ],
                [
                    276.6263440860215,
                    217.67204301075267
                ]
            ],
            "flags": {},
            "group_id": null,
            "label": "pickable_polybag"
        },
        {
            "shape_type": "polygon",
            "points": [
                [
                    1.3981857316262989,
                    29.6363552342806
                ],
                [
                    115.8981857316263,
                    21.1363552342806
                ],
                [
                    130.8981857316263,
                    160.3863552342806
                ],
                [
                    18.6481857316263,
                    172.8863552342806
                ]
            ],
            "flags": {},
            "group_id": null,
            "label": "pickable_box"
        },
        {
            "shape_type": "polygon",
            "points": [
                [
                    368.87034739454094,
                    53.54659953926817
                ],
                [
                    317.4240664028054,
                    146.72841772108634
                ],
                [
                    387.87861185735085,
                    185.5713929276979
                ],
                [
                    439.5315044193343,
                    89.7036243326566
                ]
            ],
            "flags": {},
            "group_id": null,
            "label": "pickable_flat"
        }
    ],
    "imagePath": "1616051347-139893-por1094.png",
    "flags": {},
    "imageWidth": 640,
    "imageHeight": 360
}