{
    "shapes": [
        {
            "shape_type": "polygon",
            "points": [
                [
                    0,
                    131.7019319100781
                ],
                [
                    42.32854333920306,
                    25.271636541729706
                ],
                [
                    129.08198164131392,
                    76.50999994823471
                ],
                [
                    95.13090322120895,
                    168.92945365087428
                ]
            ],
            "flags": {},
            "group_id": null,
            "label": "pickable_smartpac"
        },
        {
            "shape_type": "polygon",
            "points": [
                [
                    137.8155560601525,
                    104.62186809277918
                ],
                [
                    126.11046861977094,
                    158.21015306893182
                ],
                [
                    241.52649356015246,
                    179.81718059277918
                ],
                [
                    252.69563604822878,
                    118.63437554508442
                ]
            ],
            "flags": {},
            "group_id": null,
            "label": "pickable_polybag"
        },
        {
            "shape_type": "polygon",
            "points": [
                [
                    339.6424426815797,
                    267.30102682618434
                ],
                [
                    478.87895184301385,
                    285.4088360385285
                ],
                [
                    482.11545256480633,
                    258.6696966279596
                ],
                [
                    367.47511597650237,
                    245.69050937651357
                ]
            ],
            "flags": {},
            "group_id": null,
            "label": "pickable_polybag"
        }
    ],
    "imagePath": "1616050870-534544-por1094.png",
    "flags": {},
    "imageWidth": 640,
    "imageHeight": 360
}