{
    "shapes": [
        {
            "shape_type": "polygon",
            "points": [
                [
                    280.20291131971914,
                    138.72209207787958
                ],
                [
                    384.7999835638503,
                    173.3735693764157
                ],
                [
                    372.25378572353475,
                    214.0798027297079
                ],
                [
                    266.21245027043454,
                    178.78568508264905
                ]
            ],
            "flags": {},
            "group_id": null,
            "label": "pickable_box"
        },
        {
            "shape_type": "polygon",
            "points": [
                [
                    372.12990421489184,
                    217.79207779963477
                ],
                [
                    463.8654414049745,
                    220.68463978310584
                ],
                [
                    461.79932570249514,
                    242.79207779963477
                ],
                [
                    365.7249455372059,
                    239.27968110541988
                ]
            ],
            "flags": {},
            "group_id": null,
            "label": "pickable_polybag"
        },
        {
            "shape_type": "polygon",
            "points": [
                [
                    402.7548915858227,
                    237.80799821695155
                ],
                [
                    399.8209062557494,
                    258.1013967499589
                ],
                [
                    465.2243292386345,
                    257.7346485836997
                ],
                [
                    464.97983046112836,
                    242.20897621206157
                ]
            ],
            "flags": {},
            "group_id": null,
            "label": "pickable_polybag"
        }
    ],
    "imagePath": "1616050611-304914-por1094.png",
    "flags": {},
    "imageWidth": 640,
    "imageHeight": 360
}