{
    "shapes": [
        {
            "shape_type": "polygon",
            "points": [
                [
                    400.5830672635884,
                    154.07186485970604
                ],
                [
                    480.95941134960987,
                    157.56648851562002
                ],
                [
                    473.4325296291798,
                    255.41595088121142
                ],
                [
                    395.475540381868,
                    258.64175733282434
                ]
            ],
            "flags": {},
            "group_id": null,
            "label": "pickable_box"
        },
        {
            "shape_type": "polygon",
            "points": [
                [
                    389.0239274786422,
                    175.308423999491
                ],
                [
                    362.27550483579137,
                    264.59350353383735
                ],
                [
                    251.53170318289884,
                    236.28771840987042
                ],
                [
                    286.03583541430385,
                    153.22986717020098
                ]
            ],
            "flags": {},
            "group_id": null,
            "label": "pickable_smartpac"
        },
        {
            "shape_type": "polygon",
            "points": [
                [
                    410.05389493437707,
                    52.880077728471406
                ],
                [
                    385.80389493437707,
                    173.1300777284714
                ],
                [
                    273.80389493437707,
                    153.8800777284714
                ],
                [
                    295.30389493437707,
                    35.630077728471406
                ]
            ],
            "flags": {},
            "group_id": null,
            "label": "pickable_flat"
        },
        {
            "shape_type": "polygon",
            "points": [
                [
                    32.75680682726983,
                    20.602831985353657
                ],
                [
                    120.6714987703978,
                    79.13363767255746
                ],
                [
                    89.15491109267269,
                    168.23316373890813
                ],
                [
                    0,
                    122.73553340715462
                ]
            ],
            "flags": {},
            "group_id": null,
            "label": "pickable_smartpac"
        },
        {
            "shape_type": "polygon",
            "points": [
                [
                    133.71772682594136,
                    103.63629571875524
                ],
                [
                    122.72871583693038,
                    157.48244956490907
                ],
                [
                    238.55289166110617,
                    179.24069132315083
                ],
                [
                    249.32212243033695,
                    123.85607593853545
                ]
            ],
            "flags": {},
            "group_id": null,
            "label": "pickable_polybag"
        }
    ],
    "imagePath": "1616050862-272281-por1094.png",
    "flags": {},
    "imageWidth": 640,
    "imageHeight": 360
}