{
    "shapes": [
        {
            "shape_type": "polygon",
            "points": [
                [
                    242.00094136632603,
                    99.01156535771922
                ],
                [
                    262.415142549758,
                    270.90505648197956
                ],
                [
                    395.5512372243142,
                    246.0529854760624
                ],
                [
                    356.2021247982787,
                    87.177245831092
                ]
            ],
            "flags": {},
            "group_id": null,
            "label": "pickable_smartpac"
        },
        {
            "shape_type": "polygon",
            "points": [
                [
                    406.79082399544006,
                    46.64637271972735
                ],
                [
                    409.0675315260881,
                    139.11572473373786
                ],
                [
                    469.1375840654926,
                    136.13849180904433
                ],
                [
                    466.5106138378219,
                    45.0701905831249
                ]
            ],
            "flags": {},
            "group_id": null,
            "label": "pickable_box"
        }
    ],
    "imagePath": "1616051292-338890-por1094.png",
    "flags": {},
    "imageWidth": 640,
    "imageHeight": 360
}