{
    "shapes": [
        {
            "shape_type": "polygon",
            "points": [
                [
                    281.110250193923,
                    144.93332520412065
                ],
                [
                    293.9701350307751,
                    255.48994708511876
                ],
                [
                    132.93698871451946,
                    275.83396007788417
                ],
                [
                    116.42694885035293,
                    162.20779737302658
                ]
            ],
            "flags": {},
            "group_id": null,
            "label": "pickable_flat"
        },
        {
            "shape_type": "polygon",
            "points": [
                [
                    165.11771455128152,
                    131.0010880038805
                ],
                [
                    225.5828308303513,
                    148.71128478384472
                ],
                [
                    252.05868056201498,
                    60.8758643902848
                ],
                [
                    192.66690954233698,
                    42.092322350928804
                ]
            ],
            "flags": {},
            "group_id": null,
            "label": "pickable_box"
        }
    ],
    "imagePath": "1616051282-749340-por1094.png",
    "flags": {},
    "imageWidth": 640,
    "imageHeight": 360
}