{
    "shapes": [
        {
            "shape_type": "polygon",
            "points": [
                [
                    113.43881118881117,
                    144.32705466576434
                ],
                [
                    200.9824242685194,
                    117.34407614890658
                ],
                [
                    237.97190260685872,
                    226.12071707841733
                ],
                [
                    148.00222000560998,
                    253.7014498782838
                ]
            ],
            "flags": {},
            "group_id": null,
            "label": "pickable_smartpac"
        },
        {
            "shape_type": "polygon",
            "points": [
                [
                    353.8512003636637,
                    84.80446581766233
                ],
                [
                    463.7843354461784,
                    86.10504228788434
                ],
                [
                    465.4958268887211,
                    194.78474888935136
                ],
                [
                    351.80389534837883,
                    192.09526233678412
                ]
            ],
            "flags": {},
            "group_id": null,
            "label": "pickable_smartpac"
        }
    ],
    "imagePath": "1616050845-402466-por1094.png",
    "flags": {},
    "imageWidth": 640,
    "imageHeight": 360
}