{
    "shapes": [
        {
            "shape_type": "polygon",
            "points": [
                [
                    75.38555675094138,
                    200.25094136632597
                ],
                [
                    161.04989241527704,
                    50.95024206562667
                ],
                [
                    262.0650063336168,
                    120.5363011678148
                ],
                [
                    186.25855472071356,
                    264.62232267319115
                ]
            ],
            "flags": {},
            "group_id": null,
            "label": "pickable_smartpac"
        },
        {
            "shape_type": "polygon",
            "points": [
                [
                    337.8423966271361,
                    118.35114637355184
                ],
                [
                    448.42902768556297,
                    77.90475560716798
                ],
                [
                    473.1609253586372,
                    187.14705940829532
                ],
                [
                    360.670681103687,
                    228.52840064257774
                ]
            ],
            "flags": {},
            "group_id": null,
            "label": "pickable_smartpac"
        }
    ],
    "imagePath": "1616051355-334026-por1094.png",
    "flags": {},
    "imageWidth": 640,
    "imageHeight": 360
}