{
    "shapes": [
        {
            "shape_type": "polygon",
            "points": [
                [
                    377.09982370847894,
                    53.31497704181241
                ],
                [
                    379.4592856393704,
                    167.17863557151693
                ],
                [
                    460.77933545257093,
                    170.91462560887683
                ],
                [
                    460.90386845381624,
                    61.823716517967746
                ]
            ],
            "flags": {},
            "group_id": null,
            "label": "pickable_smartpac"
        },
        {
            "shape_type": "polygon",
            "points": [
                [
                    119.1039065005795,
                    146.82553527965604
                ],
                [
                    235.59300338398089,
                    183.44681378209557
                ],
                [
                    270.17002208133295,
                    64.33402323134155
                ],
                [
                    167.391270833946,
                    30.384979668782833
                ]
            ],
            "flags": {},
            "group_id": null,
            "label": "pickable_smartpac"
        }
    ],
    "imagePath": "1616051277-015117-por1094.png",
    "flags": {},
    "imageWidth": 640,
    "imageHeight": 360
}