{
    "shapes": [
        {
            "shape_type": "polygon",
            "points": [
                [
                    247.6370967741935,
                    95.24193548387096
                ],
                [
                    376.6693548387097,
                    75.88709677419355
                ],
                [
                    399.25,
                    253.3064516129032
                ],
                [
                    271.8306451612903,
                    275.6182795698924
                ]
            ],
            "flags": {},
            "group_id": null,
            "label": "pickable_flat"
        },
        {
            "shape_type": "polygon",
            "points": [
                [
                    44.94892473118277,
                    103.5752688172043
                ],
                [
                    188.49731182795696,
                    85.56451612903226
                ],
                [
                    202.74462365591395,
                    186.9086021505376
                ],
                [
                    47.9059139784946,
                    199.54301075268816
                ]
            ],
            "flags": {},
            "group_id": null,
            "label": "pickable_flat"
        },
        {
            "shape_type": "polygon",
            "points": [
                [
                    150.0564516129032,
                    74.81182795698925
                ],
                [
                    238.76612903225802,
                    24.2741935483871
                ],
                [
                    278.5510752688172,
                    96.85483870967742
                ],
                [
                    210.27150537634407,
                    168.36021505376343
                ]
            ],
            "flags": {},
            "group_id": null,
            "label": "pickable_smartpac"
        }
    ],
    "imagePath": "1616050978-318011-por1094.png",
    "flags": {},
    "imageWidth": 640,
    "imageHeight": 360
}