{
    "shapes": [
        {
            "shape_type": "polygon",
            "points": [
                [
                    290.20628936820003,
                    134.79394922695172
                ],
                [
                    292.42912502821525,
                    260.3940228394869
                ],
                [
                    463.94501744875316,
                    255.6262966781177
                ],
                [
                    459.9107876199023,
                    131.0541695387534
                ]
            ],
            "flags": {},
            "group_id": null,
            "label": "pickable_flat"
        },
        {
            "shape_type": "polygon",
            "points": [
                [
                    350.1300067167268,
                    58.253826374902
                ],
                [
                    374.1174825700303,
                    126.16270028985173
                ],
                [
                    468.95367666146456,
                    91.56859535204322
                ],
                [
                    443.85596326741506,
                    24.792837276153097
                ]
            ],
            "flags": {},
            "group_id": null,
            "label": "pickable_box"
        },
        {
            "shape_type": "polygon",
            "points": [
                [
                    226.6067735089926,
                    102.12996675942459
                ],
                [
                    114.98981634705716,
                    186.54637945675023
                ],
                [
                    199.01885445957984,
                    264.4048186582021
                ],
                [
                    297.20397242691195,
                    193.26144297762136
                ]
            ],
            "flags": {},
            "group_id": null,
            "label": "pickable_smartpac"
        }
    ],
    "imagePath": "1616051059-375893-por1094.png",
    "flags": {},
    "imageWidth": 640,
    "imageHeight": 360
}