{
    "shapes": [
        {
            "shape_type": "polygon",
            "points": [
                [
                    376.0860437216742,
                    109.67854384130042
                ],
                [
                    321.9538123167155,
                    217.73639508096983
                ],
                [
                    213.68934950679815,
                    193.35622979171364
                ],
                [
                    266.16868834977333,
                    74.96780003964754
                ]
            ],
            "flags": {},
            "group_id": null,
            "label": "pickable_smartpac"
        },
        {
            "shape_type": "polygon",
            "points": [
                [
                    400.82040027421294,
                    55.236395080969814
                ],
                [
                    337.6562916555585,
                    182.81903970906905
                ],
                [
                    437.4362125584741,
                    243.92974934919042
                ],
                [
                    486.76915703847743,
                    166.98742696569172
                ]
            ],
            "flags": {},
            "group_id": null,
            "label": "pickable_smartpac"
        },
        {
            "shape_type": "polygon",
            "points": [
                [
                    110.85848907613888,
                    24.3642671366494
                ],
                [
                    250.86906309426578,
                    53.6142671366494
                ],
                [
                    227.36906309426578,
                    162.8642671366494
                ],
                [
                    89.61906309426577,
                    133.1142671366494
                ]
            ],
            "flags": {},
            "group_id": null,
            "label": "pickable_box"
        }
    ],
    "imagePath": "1616051090-837805-por1094.png",
    "flags": {},
    "imageWidth": 640,
    "imageHeight": 360
}