{
    "shapes": [
        {
            "shape_type": "polygon",
            "points": [
                [
                    287.6370967741936,
                    32.412775396646374
                ],
                [
                    285.77759264196214,
                    129.3024936939893
                ],
                [
                    458.78538409895145,
                    128.03194750365702
                ],
                [
                    451.79015357430916,
                    32.64244034944398
                ]
            ],
            "flags": {},
            "group_id": null,
            "label": "pickable_smartpac"
        }
    ],
    "imagePath": "1616051235-753049-por1094.png",
    "flags": {},
    "imageWidth": 640,
    "imageHeight": 360
}