{
    "shapes": [
        {
            "shape_type": "polygon",
            "points": [
                [
                    135.7330554061323,
                    204.84211941904252
                ],
                [
                    212.93585260892954,
                    121.87009144701453
                ],
                [
                    262.3064819795589,
                    213.58337816030124
                ],
                [
                    202.16662183969873,
                    269.1777837547068
                ]
            ],
            "flags": {},
            "group_id": null,
            "label": "pickable_polybag"
        },
        {
            "shape_type": "polygon",
            "points": [
                [
                    298.40299299542437,
                    258.770647879829
                ],
                [
                    499.867802379589,
                    133.86888834903732
                ],
                [
                    517.859982242737,
                    147.03751004991707
                ],
                [
                    352.9205883033426,
                    285.5238248104253
                ]
            ],
            "flags": {},
            "group_id": null,
            "label": "pickable_flat"
        },
        {
            "shape_type": "polygon",
            "points": [
                [
                    213.7294640607688,
                    154.84085064562186
                ],
                [
                    260.98684802701337,
                    80.57924727009441
                ],
                [
                    347.06279739410206,
                    189.86194769203536
                ],
                [
                    281.2400125839756,
                    243.02650465406066
                ]
            ],
            "flags": {},
            "group_id": null,
            "label": "pickable_smartpac"
        }
    ],
    "imagePath": "1616050882-131927-por1094.png",
    "flags": {},
    "imageWidth": 640,
    "imageHeight": 360
}