{
    "shapes": [
        {
            "shape_type": "polygon",
            "points": [
                [
                    347.3565088757396,
                    79.11538461538463
                ],
                [
                    408.5914841693947,
                    188.21313283293725
                ],
                [
                    282.43011497624065,
                    280.63367073024773
                ],
                [
                    199.42278001291547,
                    178.5554311214458
                ]
            ],
            "flags": {},
            "group_id": null,
            "label": "pickable_smartpac"
        },
        {
            "shape_type": "polygon",
            "points": [
                [
                    338.02160493742304,
                    47.56052326866201
                ],
                [
                    410.2207665353188,
                    194.4802174984828
                ],
                [
                    503.5649223794746,
                    149.67502269328787
                ],
                [
                    443.3376496522019,
                    7.142555160820473
                ]
            ],
            "flags": {},
            "group_id": null,
            "label": "pickable_smartpac"
        }
    ],
    "imagePath": "1616051299-538853-por1094.png",
    "flags": {},
    "imageWidth": 640,
    "imageHeight": 360
}