{
    "shapes": [
        {
            "shape_type": "polygon",
            "points": [
                [
                    293.9283216783217,
                    181.63159567705017
                ],
                [
                    461.2836935791482,
                    184.07914812460268
                ],
                [
                    462.06314384540184,
                    75.87859989472894
                ],
                [
                    304.62290568668874,
                    67.94293829337819
                ]
            ],
            "flags": {},
            "group_id": null,
            "label": "pickable_smartpac"
        }
    ],
    "imagePath": "1616050683-826614-por1094.png",
    "flags": {},
    "imageWidth": 640,
    "imageHeight": 360
}