{
    "shapes": [
        {
            "shape_type": "polygon",
            "points": [
                [
                    247.6370967741935,
                    95.24193548387096
                ],
                [
                    376.6693548387097,
                    75.88709677419355
                ],
                [
                    399.25,
                    253.3064516129032
                ],
                [
                    271.8306451612903,
                    275.6182795698924
                ]
            ],
            "flags": {},
            "group_id": null,
            "label": "pickable_flat"
        },
        {
            "shape_type": "polygon",
            "points": [
                [
                    152.3291788856305,
                    72.12587754376611
                ],
                [
                    241.18548387096774,
                    22.930107526881724
                ],
                [
                    278.5510752688172,
                    96.85483870967742
                ],
                [
                    207.85215053763437,
                    167.5537634408602
                ]
            ],
            "flags": {},
            "group_id": null,
            "label": "pickable_smartpac"
        },
        {
            "shape_type": "polygon",
            "points": [
                [
                    13.116157979174007,
                    91.45521194348176
                ],
                [
                    129.28740120320307,
                    183.81947036345866
                ],
                [
                    203.6231338967071,
                    107.37096774193547
                ],
                [
                    76.59700753040477,
                    6.360126188571936
                ]
            ],
            "flags": {},
            "group_id": null,
            "label": "pickable_smartpac"
        }
    ],
    "imagePath": "1616050979-456452-por1094.png",
    "flags": {},
    "imageWidth": 640,
    "imageHeight": 360
}