{
    "shapes": [
        {
            "shape_type": "polygon",
            "points": [
                [
                    283.771321722808,
                    228.09480909011262
                ],
                [
                    302.2148504418267,
                    149.76436130324353
                ],
                [
                    407.57682781667586,
                    177.84399410945107
                ],
                [
                    387.3905308424016,
                    254.07619540917761
                ]
            ],
            "flags": {},
            "group_id": null,
            "label": "pickable_flat"
        },
        {
            "shape_type": "polygon",
            "points": [
                [
                    351.66894692600357,
                    105.76435990642874
                ],
                [
                    350.9208172501931,
                    170.6022651433365
                ],
                [
                    469.12530602824796,
                    165.61473397126665
                ],
                [
                    466.13278732500606,
                    95.0411678864786
                ]
            ],
            "flags": {},
            "group_id": null,
            "label": "pickable_polybag"
        }
    ],
    "imagePath": "1616050796-815993-por1094.png",
    "flags": {},
    "imageWidth": 640,
    "imageHeight": 360
}