{
    "shapes": [
        {
            "shape_type": "polygon",
            "points": [
                [
                    0,
                    132.35128255942874
                ],
                [
                    42.32854333920306,
                    25.271636541729706
                ],
                [
                    132.00405956339185,
                    77.48402592226068
                ],
                [
                    95.13090322120895,
                    168.92945365087425
                ]
            ],
            "flags": {},
            "group_id": null,
            "label": "pickable_smartpac"
        },
        {
            "shape_type": "polygon",
            "points": [
                [
                    137.8155560601525,
                    104.62186809277918
                ],
                [
                    125.3155560601525,
                    158.52811809277918
                ],
                [
                    241.52649356015246,
                    179.81718059277918
                ],
                [
                    252.85461856015246,
                    119.27030559277918
                ]
            ],
            "flags": {},
            "group_id": null,
            "label": "pickable_polybag"
        },
        {
            "shape_type": "polygon",
            "points": [
                [
                    339.6424426815797,
                    267.30102682618434
                ],
                [
                    479.33349729755935,
                    284.95429058398304
                ],
                [
                    482.11545256480633,
                    258.6696966279596
                ],
                [
                    367.47511597650237,
                    245.6905093765136
                ]
            ],
            "flags": {},
            "group_id": null,
            "label": "pickable_polybag"
        }
    ],
    "imagePath": "1616050869-679236-por1094.png",
    "flags": {},
    "imageWidth": 640,
    "imageHeight": 360
}