{
    "shapes": [
        {
            "shape_type": "polygon",
            "points": [
                [
                    62.10923175253194,
                    178.23269245229542
                ],
                [
                    189.87560516406663,
                    69.7625067240452
                ],
                [
                    266.5546787786241,
                    165.94041483743717
                ],
                [
                    139.94177555281766,
                    276.155468600878
                ]
            ],
            "flags": {},
            "group_id": null,
            "label": "pickable_flat"
        },
        {
            "shape_type": "polygon",
            "points": [
                [
                    354.9311117298373,
                    202.10410452018846
                ],
                [
                    398.0062916818499,
                    96.58557612775975
                ],
                [
                    499.9391095970725,
                    164.62076674359557
                ],
                [
                    468.1209277788907,
                    261.9348163303725
                ]
            ],
            "flags": {},
            "group_id": null,
            "label": "pickable_polybag"
        }
    ],
    "imagePath": "1616050687-566231-por1094.png",
    "flags": {},
    "imageWidth": 640,
    "imageHeight": 360
}