{
    "shapes": [
        {
            "shape_type": "polygon",
            "points": [
                [
                    172.3252688172043,
                    115.5215053763441
                ],
                [
                    72.86290322580645,
                    202.88709677419354
                ],
                [
                    159.36997736276177,
                    288.5005659309564
                ],
                [
                    276.6263440860215,
                    217.67204301075267
                ]
            ],
            "flags": {},
            "group_id": null,
            "label": "pickable_polybag"
        },
        {
            "shape_type": "polygon",
            "points": [
                [
                    461.0373268064746,
                    130.3563023010151
                ],
                [
                    462.37225434461067,
                    252.46374031754402
                ],
                [
                    356.29398826979474,
                    262.52008353328
                ],
                [
                    351.5397005243046,
                    136.63143161823518
                ]
            ],
            "flags": {},
            "group_id": null,
            "label": "pickable_smartpac"
        },
        {
            "shape_type": "polygon",
            "points": [
                [
                    1.3981857316262989,
                    29.6363552342806
                ],
                [
                    115.8981857316263,
                    21.1363552342806
                ],
                [
                    130.8981857316263,
                    160.3863552342806
                ],
                [
                    18.6481857316263,
                    172.8863552342806
                ]
            ],
            "flags": {},
            "group_id": null,
            "label": "pickable_box"
        }
    ],
    "imagePath": "1616051345-204050-por1094.png",
    "flags": {},
    "imageWidth": 640,
    "imageHeight": 360
}