{
    "shapes": [
        {
            "shape_type": "polygon",
            "points": [
                [
                    39.08895687289349,
                    43.33809311637367
                ],
                [
                    192.061207198085,
                    77.41165866052744
                ],
                [
                    163.19757083444864,
                    185.13893138780017
                ],
                [
                    19.561207198085008,
                    173.32074956961833
                ]
            ],
            "flags": {},
            "group_id": null,
            "label": "pickable_polybag"
        },
        {
            "shape_type": "polygon",
            "points": [
                [
                    231.18321425908323,
                    45.79850716854557
                ],
                [
                    272.65689846960953,
                    163.48271769486135
                ],
                [
                    435.52819781171485,
                    101.3038525632824
                ],
                [
                    377.75741800880087,
                    0
                ]
            ],
            "flags": {},
            "group_id": null,
            "label": "pickable_flat"
        }
    ],
    "imagePath": "1616050784-878556-por1094.png",
    "flags": {},
    "imageWidth": 640,
    "imageHeight": 360
}