{
    "shapes": [
        {
            "shape_type": "polygon",
            "points": [
                [
                    81.1532662953258,
                    41.3574502420656
                ],
                [
                    165.42190576924386,
                    33.463999606679494
                ],
                [
                    191.0217458118992,
                    127.34785280138315
                ],
                [
                    92.9012446122191,
                    153.71193349097703
                ]
            ],
            "flags": {},
            "group_id": null,
            "label": "pickable_smartpac"
        },
        {
            "shape_type": "polygon",
            "points": [
                [
                    172.29360106276522,
                    149.00540796631924
                ],
                [
                    193.4778146928314,
                    281.9609609358759
                ],
                [
                    301.3766215863356,
                    251.53453583645037
                ],
                [
                    290.0921908896203,
                    135.36499687636788
                ]
            ],
            "flags": {},
            "group_id": null,
            "label": "pickable_smartpac"
        },
        {
            "shape_type": "polygon",
            "points": [
                [
                    224.39032021647262,
                    37.83590569946408
                ],
                [
                    232.64698928640772,
                    131.00101024164144
                ],
                [
                    346.7522524443025,
                    125.10627339953618
                ],
                [
                    338.12067349693405,
                    30.369431294273024
                ]
            ],
            "flags": {},
            "group_id": null,
            "label": "pickable_smartpac"
        },
        {
            "shape_type": "polygon",
            "points": [
                [
                    363.1733050758814,
                    36.053641820588815
                ],
                [
                    463.59435770746035,
                    46.15890497848355
                ],
                [
                    461.47607813756787,
                    162.98799382964364
                ],
                [
                    350.12067349693405,
                    156.47469445216777
                ]
            ],
            "flags": {},
            "group_id": null,
            "label": "pickable_polybag"
        }
    ],
    "imagePath": "1616050953-064622-por1094.png",
    "flags": {},
    "imageWidth": 640,
    "imageHeight": 360
}