{
    "shapes": [
        {
            "shape_type": "polygon",
            "points": [
                [
                    371.7749645459436,
                    217.85126412049487
                ],
                [
                    365.9898405790015,
                    238.92564428578413
                ],
                [
                    461.26930818467224,
                    242.18380035142684
                ],
                [
                    463.11337393248135,
                    221.47501426830917
                ]
            ],
            "flags": {},
            "group_id": null,
            "label": "pickable_polybag"
        },
        {
            "shape_type": "polygon",
            "points": [
                [
                    403.0981326338176,
                    237.32793573620395
                ],
                [
                    400.0774649072675,
                    255.76990711935179
                ],
                [
                    464.1474172125139,
                    257.35973223858866
                ],
                [
                    465.26029479597975,
                    241.77944607006722
                ]
            ],
            "flags": {},
            "group_id": null,
            "label": "pickable_polybag"
        }
    ],
    "imagePath": "1616050616-577199-por1094.png",
    "flags": {},
    "imageWidth": 640,
    "imageHeight": 360
}