{
    "shapes": [
        {
            "shape_type": "polygon",
            "points": [
                [
                    153.44835249313405,
                    28.88035214713841
                ],
                [
                    253.10099162732854,
                    43.43766301551608
                ],
                [
                    244.34274548124588,
                    113.57491710092569
                ],
                [
                    142.2149764541748,
                    101.54172919535493
                ]
            ],
            "flags": {},
            "group_id": null,
            "label": "pickable_box"
        },
        {
            "shape_type": "polygon",
            "points": [
                [
                    352.39832824646714,
                    122.9963356795549
                ],
                [
                    311.3107149534158,
                    236.28938703907153
                ],
                [
                    462.3681167661046,
                    261.36491573997785
                ],
                [
                    471.73367567849135,
                    142.63379791520433
                ]
            ],
            "flags": {},
            "group_id": null,
            "label": "pickable_polybag"
        }
    ],
    "imagePath": "1616051050-051047-por1094.png",
    "flags": {},
    "imageWidth": 640,
    "imageHeight": 360
}