{
    "shapes": [
        {
            "shape_type": "polygon",
            "points": [
                [
                    0,
                    39.86363636363637
                ],
                [
                    117.5804007820137,
                    25.61632453567938
                ],
                [
                    131.29007820136854,
                    157.60557184750732
                ],
                [
                    24.83846529814274,
                    162.1754643206256
                ]
            ],
            "flags": {},
            "group_id": null,
            "label": "pickable_smartpac"
        },
        {
            "shape_type": "polygon",
            "points": [
                [
                    201.9543300900498,
                    31.755473112434974
                ],
                [
                    341.9660695361434,
                    31.516050366841966
                ],
                [
                    346.33856754803156,
                    121.26548089076
                ],
                [
                    207.72943706050614,
                    137.11915586481342
                ]
            ],
            "flags": {},
            "group_id": null,
            "label": "pickable_flat"
        },
        {
            "shape_type": "polygon",
            "points": [
                [
                    127.60331465893634,
                    150.68248313036167
                ],
                [
                    137.68734886831282,
                    263.03016485741665
                ],
                [
                    213.13605904356814,
                    257.95445651358926
                ],
                [
                    204.07624380322827,
                    139.712160792414
                ]
            ],
            "flags": {},
            "group_id": null,
            "label": "pickable_box"
        },
        {
            "shape_type": "polygon",
            "points": [
                [
                    260.1180099634472,
                    244.46542590427399
                ],
                [
                    266.2835906017064,
                    117.37773531113532
                ],
                [
                    426.1080508489996,
                    125.64219812105272
                ],
                [
                    419.5415482888395,
                    252.12117721102544
                ]
            ],
            "flags": {},
            "group_id": null,
            "label": "pickable_box"
        }
    ],
    "imagePath": "1616051016-911959-por1094.png",
    "flags": {},
    "imageWidth": 640,
    "imageHeight": 360
}