{
    "shapes": [
        {
            "shape_type": "polygon",
            "points": [
                [
                    143.09888395310233,
                    86.87009144701453
                ],
                [
                    275.141202052864,
                    83.99241196505696
                ],
                [
                    276.89303558071555,
                    265.07701205983807
                ],
                [
                    145.8279468233191,
                    269.6628108764061
                ]
            ],
            "flags": {},
            "group_id": null,
            "label": "pickable_flat"
        }
    ],
    "imagePath": "1616050975-456669-por1094.png",
    "flags": {},
    "imageWidth": 640,
    "imageHeight": 360
}