{
    "shapes": [
        {
            "shape_type": "polygon",
            "points": [
                [
                    386.68356643356645,
                    253.99650349650352
                ],
                [
                    440.2754291163382,
                    176.54809657595584
                ],
                [
                    349.98617291799115,
                    108.36627839413764
                ],
                [
                    295.44071837253654,
                    187.91173293959224
                ]
            ],
            "flags": {},
            "group_id": null,
            "label": "pickable_smartpac"
        }
    ],
    "imagePath": "1616051231-617471-por1094.png",
    "flags": {},
    "imageWidth": 640,
    "imageHeight": 360
}