{
    "shapes": [
        {
            "shape_type": "polygon",
            "points": [
                [
                    296.2514890602862,
                    124.4187864428772
                ],
                [
                    390.01220572991474,
                    188.02199852034687
                ],
                [
                    345.6356776125553,
                    256.72615499956447
                ],
                [
                    249.41090155252857,
                    191.52468710163993
                ]
            ],
            "flags": {},
            "group_id": null,
            "label": "pickable_box"
        },
        {
            "shape_type": "polygon",
            "points": [
                [
                    367.3054393925646,
                    131.52898254826593
                ],
                [
                    461.2066445703655,
                    132.69137386589423
                ],
                [
                    464.73472405589183,
                    254.46240846041522
                ],
                [
                    360.25919958036735,
                    256.28059027859706
                ]
            ],
            "flags": {},
            "group_id": null,
            "label": "pickable_smartpac"
        }
    ],
    "imagePath": "1616051041-911845-por1094.png",
    "flags": {},
    "imageWidth": 640,
    "imageHeight": 360
}