{
    "shapes": [
        {
            "shape_type": "polygon",
            "points": [
                [
                    142.19072406742086,
                    100.74914500932601
                ],
                [
                    177.3477994608254,
                    260.99595120662383
                ],
                [
                    289.7484353908731,
                    217.7527079633806
                ],
                [
                    237.92013650375068,
                    74.0325171843663
                ]
            ],
            "flags": {},
            "group_id": null,
            "label": "pickable_smartpac"
        },
        {
            "shape_type": "polygon",
            "points": [
                [
                    295.6865810500024,
                    184.67206030390298
                ],
                [
                    405.79184420789716,
                    237.3036392512714
                ],
                [
                    478.2128968394761,
                    89.51416556706089
                ],
                [
                    368.52868631316034,
                    46.14574451442931
                ]
            ],
            "flags": {},
            "group_id": null,
            "label": "pickable_smartpac"
        }
    ],
    "imagePath": "1616051082-577065-por1094.png",
    "flags": {},
    "imageWidth": 640,
    "imageHeight": 360
}