{
    "shapes": [
        {
            "shape_type": "polygon",
            "points": [
                [
                    428.783082302313,
                    113.40209790209788
                ],
                [
                    348.0138515330823,
                    204.3111888111888
                ],
                [
                    418.6432221624529,
                    268.2972027972028
                ],
                [
                    485.0767885960193,
                    182.63286713286712
                ]
            ],
            "flags": {},
            "group_id": null,
            "label": "pickable_smartpac"
        },
        {
            "shape_type": "polygon",
            "points": [
                [
                    34.23636319863191,
                    77.82562795853933
                ],
                [
                    24.496103458372172,
                    156.72173185464322
                ],
                [
                    112.48311644538516,
                    225.8775760104874
                ],
                [
                    122.54805151032022,
                    155.0983552312666
                ]
            ],
            "flags": {},
            "group_id": null,
            "label": "pickable_smartpac"
        }
    ],
    "imagePath": "1616051369-666500-por1094.png",
    "flags": {},
    "imageWidth": 640,
    "imageHeight": 360
}