{
    "shapes": [
        {
            "shape_type": "polygon",
            "points": [
                [
                    197.55603095638062,
                    166.1580901796199
                ],
                [
                    297.5560309563806,
                    139.44902817644024
                ],
                [
                    324.5830579834076,
                    242.7876609268377
                ],
                [
                    223.7881454237892,
                    272.35840814464376
                ]
            ],
            "flags": {},
            "group_id": null,
            "label": "pickable_smartpac"
        },
        {
            "shape_type": "polygon",
            "points": [
                [
                    332.7580699604971,
                    38.205216801659034
                ],
                [
                    454.2076424609333,
                    31.720310153604586
                ],
                [
                    465.4778507472706,
                    137.05548573071565
                ],
                [
                    341.4187109623244,
                    156.27591583824253
                ]
            ],
            "flags": {},
            "group_id": null,
            "label": "pickable_smartpac"
        }
    ],
    "imagePath": "1616050730-226183-por1094.png",
    "flags": {},
    "imageWidth": 640,
    "imageHeight": 360
}