{
    "shapes": [
        {
            "shape_type": "polygon",
            "points": [
                [
                    416.4800824973958,
                    76.58773045136681
                ],
                [
                    301.8106610097925,
                    150.3480610298792
                ],
                [
                    366.89330563789173,
                    272.6621106166562
                ],
                [
                    487.55446266268507,
                    191.2571519389701
                ]
            ],
            "flags": {},
            "group_id": null,
            "label": "pickable_polybag"
        },
        {
            "shape_type": "polygon",
            "points": [
                [
                    149.44675142430512,
                    106.4562378586388
                ],
                [
                    325.0139416511813,
                    138.2188905636999
                ],
                [
                    307.38741460057065,
                    258.2886985916229
                ],
                [
                    142.64046870179214,
                    234.37944902792327
                ]
            ],
            "flags": {},
            "group_id": null,
            "label": "pickable_smartpac"
        }
    ],
    "imagePath": "1616051121-237855-por1094.png",
    "flags": {},
    "imageWidth": 640,
    "imageHeight": 360
}