{
    "shapes": [
        {
            "shape_type": "polygon",
            "points": [
                [
                    274.80464183909936,
                    261.2676722104875
                ],
                [
                    271.70546828538033,
                    161.68089535098335
                ],
                [
                    152.49059225232244,
                    162.30073006172714
                ],
                [
                    153.93687324405798,
                    263.1271763427189
                ]
            ],
            "flags": {},
            "group_id": null,
            "label": "pickable_smartpac"
        },
        {
            "shape_type": "polygon",
            "points": [
                [
                    256.1071159223221,
                    129.0431652533602
                ],
                [
                    310.2278203371441,
                    258.36259780808695
                ],
                [
                    412.7048901671551,
                    216.80151183523617
                ],
                [
                    358.33287108925373,
                    89.93346732013286
                ]
            ],
            "flags": {},
            "group_id": null,
            "label": "pickable_box"
        }
    ],
    "imagePath": "1616050577-916322-por1094.png",
    "flags": {},
    "imageWidth": 640,
    "imageHeight": 360
}