{
    "shapes": [
        {
            "shape_type": "polygon",
            "points": [
                [
                    57.500443781619495,
                    187.00300225289823
                ],
                [
                    139.82559217177578,
                    228.1110598286676
                ],
                [
                    167.57620341871956,
                    172.85433611228618
                ],
                [
                    84.69111784414741,
                    133.24553415629597
                ]
            ],
            "flags": {},
            "group_id": null,
            "label": "pickable_box"
        },
        {
            "shape_type": "polygon",
            "points": [
                [
                    143.409434751268,
                    272.95474900451904
                ],
                [
                    243.6181260747827,
                    268.7727854872085
                ],
                [
                    262.38742164583584,
                    188.3916844968822
                ],
                [
                    171.2165963099434,
                    177.6431240362296
                ]
            ],
            "flags": {},
            "group_id": null,
            "label": "pickable_polybag"
        },
        {
            "shape_type": "polygon",
            "points": [
                [
                    363.1724946106405,
                    103.0915208269826
                ],
                [
                    456.5318696106405,
                    102.1149583269826
                ],
                [
                    461.2193696106405,
                    214.22433332698262
                ],
                [
                    366.8834321106405,
                    215.78683332698262
                ]
            ],
            "flags": {},
            "group_id": null,
            "label": "pickable_smartpac"
        }
    ],
    "imagePath": "1616050560-314975-por1094.png",
    "flags": {},
    "imageWidth": 640,
    "imageHeight": 360
}