{
    "shapes": [
        {
            "shape_type": "polygon",
            "points": [
                [
                    115.51809418868967,
                    274.0549925673995
                ],
                [
                    226.11851527298174,
                    269.6712043126435
                ],
                [
                    218.31905666707152,
                    159.5463828974995
                ],
                [
                    126.65239000040485,
                    178.0947699942737
                ]
            ],
            "flags": {},
            "group_id": null,
            "label": "pickable_polybag"
        },
        {
            "shape_type": "polygon",
            "points": [
                [
                    362.3666207132064,
                    175.41462606035265
                ],
                [
                    491.3666207132064,
                    263.41462606035265
                ],
                [
                    516.6166207132064,
                    296.66462606035265
                ],
                [
                    375.1166207132064,
                    208.91462606035265
                ]
            ],
            "flags": {},
            "group_id": null,
            "label": "pickable_smartpac"
        }
    ],
    "imagePath": "1616051335-666864-por1094.png",
    "flags": {},
    "imageWidth": 640,
    "imageHeight": 360
}