{
    "shapes": [
        {
            "shape_type": "polygon",
            "points": [
                [
                    118.6507530930608,
                    80.37358795051101
                ],
                [
                    95.92348036578807,
                    202.40155997848305
                ],
                [
                    246.97243141473913,
                    228.9749865519096
                ],
                [
                    267.2521516944594,
                    109.39456697149004
                ]
            ],
            "flags": {},
            "group_id": null,
            "label": "pickable_polybag"
        },
        {
            "shape_type": "polygon",
            "points": [
                [
                    426.34306078536855,
                    137.71624529316833
                ],
                [
                    338.2311726734804,
                    214.6393222162453
                ],
                [
                    407.11229155459927,
                    285.2686928456158
                ],
                [
                    476.34306078536855,
                    210.09386767079073
                ]
            ],
            "flags": {},
            "group_id": null,
            "label": "pickable_smartpac"
        }
    ],
    "imagePath": "1616051405-921643-por1094.png",
    "flags": {},
    "imageWidth": 640,
    "imageHeight": 360
}