{
    "shapes": [
        {
            "shape_type": "polygon",
            "points": [
                [
                    150.90192941345032,
                    231.3977013189353
                ],
                [
                    216.2876443696923,
                    268.1247886259072
                ],
                [
                    269.955126032284,
                    178.14923850365778
                ],
                [
                    206.03725713995303,
                    141.143089764768
                ]
            ],
            "flags": {},
            "group_id": null,
            "label": "pickable_box"
        },
        {
            "shape_type": "polygon",
            "points": [
                [
                    183.3232884677575,
                    56.463910759597574
                ],
                [
                    308.01156776950313,
                    0
                ],
                [
                    372.84947300641085,
                    104.0948334528644
                ],
                [
                    243.92179220840586,
                    164.69333719351278
                ]
            ],
            "flags": {},
            "group_id": null,
            "label": "pickable_polybag"
        },
        {
            "shape_type": "polygon",
            "points": [
                [
                    382.36834015575874,
                    113.90015666259337
                ],
                [
                    467.48160876417296,
                    86.23025374997202
                ],
                [
                    474.27772526902737,
                    200.6315482483539
                ],
                [
                    387.8699582787361,
                    237.68656442958368
                ]
            ],
            "flags": {},
            "group_id": null,
            "label": "pickable_polybag"
        },
        {
            "shape_type": "polygon",
            "points": [
                [
                    163.30641918599855,
                    131.18582546764026
                ],
                [
                    198.14749498061957,
                    154.53545871947398
                ],
                [
                    162.9396710197394,
                    206.36919955076982
                ],
                [
                    127.60959767010613,
                    182.53056874392385
                ]
            ],
            "flags": {},
            "group_id": null,
            "label": "pickable_box"
        }
    ],
    "imagePath": "1616050914-329821-por1094.png",
    "flags": {},
    "imageWidth": 640,
    "imageHeight": 360
}