{
    "shapes": [
        {
            "shape_type": "polygon",
            "points": [
                [
                    266.9632867132867,
                    179.89424700421768
                ],
                [
                    280.1864272091545,
                    137.95209824388712
                ],
                [
                    385.7649396058487,
                    173.2826767562838
                ],
                [
                    372.1285759694851,
                    213.15870981413505
                ]
            ],
            "flags": {},
            "group_id": null,
            "label": "pickable_box"
        },
        {
            "shape_type": "polygon",
            "points": [
                [
                    366.55266800648025,
                    238.48463315765372
                ],
                [
                    372.3377919734225,
                    216.3771951411248
                ],
                [
                    464.07332916350515,
                    220.7160381163314
                ],
                [
                    459.3212630478027,
                    243.23669927335618
                ]
            ],
            "flags": {},
            "group_id": null,
            "label": "pickable_polybag"
        },
        {
            "shape_type": "polygon",
            "points": [
                [
                    403.12291594036463,
                    238.07141001715783
                ],
                [
                    399.8171308163977,
                    257.07967447996776
                ],
                [
                    462.6270481717696,
                    257.9061207609595
                ],
                [
                    463.0402713122655,
                    241.58380671137272
                ]
            ],
            "flags": {},
            "group_id": null,
            "label": "pickable_polybag"
        },
        {
            "shape_type": "polygon",
            "points": [
                [
                    435.6167915301798,
                    165.66278949406387
                ],
                [
                    441.09624358497433,
                    205.38881689132415
                ],
                [
                    465.2058326260702,
                    202.6490908639269
                ],
                [
                    459.45240796853597,
                    162.37511826118717
                ]
            ],
            "flags": {},
            "group_id": null,
            "label": "pickable_box"
        }
    ],
    "imagePath": "1616050612-175209-por1094.png",
    "flags": {},
    "imageWidth": 640,
    "imageHeight": 360
}