{
    "shapes": [
        {
            "shape_type": "polygon",
            "points": [
                [
                    326.05254154447704,
                    156.34113638072586
                ],
                [
                    188.0893317337599,
                    210.12235027924174
                ],
                [
                    228.69405936194792,
                    266.37845976115784
                ],
                [
                    342.3304229983115,
                    225.67598042231475
                ]
            ],
            "flags": {},
            "group_id": null,
            "label": "pickable_smartpac"
        },
        {
            "shape_type": "polygon",
            "points": [
                [
                    94.5813377477897,
                    27.120432993074626
                ],
                [
                    100.70378672738154,
                    153.19753049874356
                ],
                [
                    0,
                    176.32678219942383
                ],
                [
                    7.279750446202407,
                    35.7372130384261
                ]
            ],
            "flags": {},
            "group_id": null,
            "label": "pickable_flat"
        },
        {
            "shape_type": "polygon",
            "points": [
                [
                    120.65843525345865,
                    12.381203968131318
                ],
                [
                    109.0938094031185,
                    129.61476405883425
                ],
                [
                    265.7831518067466,
                    147.52859625838073
                ],
                [
                    270.09154182942234,
                    40.272360430716354
                ]
            ],
            "flags": {},
            "group_id": null,
            "label": "pickable_box"
        },
        {
            "shape_type": "polygon",
            "points": [
                [
                    369.6380270901934,
                    65.21567108831275
                ],
                [
                    346.9622901287421,
                    251.15671417221296
                ],
                [
                    471.2253286774949,
                    258.41294999987736
                ],
                [
                    487.32510192012523,
                    98.77576179126054
                ]
            ],
            "flags": {},
            "group_id": null,
            "label": "pickable_polybag"
        }
    ],
    "imagePath": "1616051375-797795-por1094.png",
    "flags": {},
    "imageWidth": 640,
    "imageHeight": 360
}