{
    "shapes": [
        {
            "shape_type": "polygon",
            "points": [
                [
                    136.2668086669328,
                    200.70655109985137
                ],
                [
                    102.85038637954275,
                    137.9475090666158
                ],
                [
                    182.36628018041156,
                    94.54926352545148
                ],
                [
                    216.38853773208086,
                    159.8910759260874
                ]
            ],
            "flags": {},
            "group_id": null,
            "label": "pickable_box"
        },
        {
            "shape_type": "polygon",
            "points": [
                [
                    157.17136886800242,
                    183.2853525556581
                ],
                [
                    155.33818935715797,
                    271.4671707374764
                ],
                [
                    220.90233333500757,
                    274.87626164656723
                ],
                [
                    225.86080126301866,
                    184.87626164656726
                ]
            ],
            "flags": {},
            "group_id": null,
            "label": "pickable_polybag"
        },
        {
            "shape_type": "polygon",
            "points": [
                [
                    372.0541958041957,
                    180.16164604626144
                ],
                [
                    444.23794654582133,
                    263.4555266361572
                ],
                [
                    487.51153322548004,
                    183.61681695873787
                ],
                [
                    458.7280058651026,
                    110.96095426492451
                ]
            ],
            "flags": {},
            "group_id": null,
            "label": "pickable_smartpac"
        }
    ],
    "imagePath": "1616051475-387256-por1094.png",
    "flags": {},
    "imageWidth": 640,
    "imageHeight": 360
}