{
    "shapes": [
        {
            "shape_type": "polygon",
            "points": [
                [
                    147.3372997969772,
                    75.57406571922701
                ],
                [
                    255.1329987217084,
                    48.423528084818415
                ],
                [
                    314.54160087224597,
                    184.71385066546358
                ],
                [
                    204.8641815174073,
                    220.4665388375066
                ]
            ],
            "flags": {},
            "group_id": null,
            "label": "pickable_polybag"
        },
        {
            "shape_type": "polygon",
            "points": [
                [
                    239.27278366794494,
                    258.6385818482593
                ],
                [
                    266.1545040980524,
                    171.00417324610873
                ],
                [
                    383.08998796902017,
                    204.60632378374316
                ],
                [
                    362.3910632378374,
                    267.50954959019475
                ]
            ],
            "flags": {},
            "group_id": null,
            "label": "pickable_smartpac"
        },
        {
            "shape_type": "polygon",
            "points": [
                [
                    254.05772990450407,
                    83.63858184825928
                ],
                [
                    293.03622452815995,
                    173.6923452891195
                ],
                [
                    345.45557936686964,
                    149.49879690202272
                ],
                [
                    305.13299872170836,
                    62.6708399127754
                ]
            ],
            "flags": {},
            "group_id": null,
            "label": "pickable_box"
        },
        {
            "shape_type": "polygon",
            "points": [
                [
                    366.82922613296086,
                    144.84404452862276
                ],
                [
                    461.9007682633265,
                    139.91558665898842
                ],
                [
                    458.08518797715794,
                    28.150880776635486
                ],
                [
                    363.172628358716,
                    29.422740872024995
                ]
            ],
            "flags": {},
            "group_id": null,
            "label": "pickable_smartpac"
        },
        {
            "shape_type": "polygon",
            "points": [
                [
                    350.6328986131038,
                    162.45333110849757
                ],
                [
                    365.24353797374323,
                    262.3504340056004
                ],
                [
                    467.2243072045124,
                    261.6965878517543
                ],
                [
                    461.0704610506662,
                    152.08120323636973
                ]
            ],
            "flags": {},
            "group_id": null,
            "label": "pickable_polybag"
        }
    ],
    "imagePath": "1616050821-279411-por1094.png",
    "flags": {},
    "imageWidth": 640,
    "imageHeight": 360
}