{
    "shapes": [
        {
            "shape_type": "polygon",
            "points": [
                [
                    41.018154922001116,
                    163.47959939151002
                ],
                [
                    166.28697212630217,
                    44.393577886133706
                ],
                [
                    249.35148825533443,
                    125.57637358505842
                ],
                [
                    90.48052051339896,
                    243.31830906892938
                ]
            ],
            "flags": {},
            "group_id": null,
            "label": "pickable_flat"
        },
        {
            "shape_type": "polygon",
            "points": [
                [
                    284.68428839751874,
                    63.6373351064305
                ],
                [
                    384.8908999677667,
                    64.2571698171743
                ],
                [
                    383.5076864187778,
                    135.73590426382322
                ],
                [
                    282.2358263233882,
                    136.21285179959426
                ]
            ],
            "flags": {},
            "group_id": null,
            "label": "pickable_box"
        },
        {
            "shape_type": "polygon",
            "points": [
                [
                    328.63239994055004,
                    215.12035288356591
                ],
                [
                    384.13239994055004,
                    128.62035288356591
                ],
                [
                    470.13239994055004,
                    172.62035288356591
                ],
                [
                    454.88239994055004,
                    262.87035288356594
                ]
            ],
            "flags": {},
            "group_id": null,
            "label": "pickable_smartpac"
        },
        {
            "shape_type": "polygon",
            "points": [
                [
                    371.2477845559347,
                    69.9637594769725
                ],
                [
                    443.91261972076984,
                    21.03518804840106
                ],
                [
                    490.3411911493413,
                    138.06815508136813
                ],
                [
                    404.9016307097809,
                    174.88134189455494
                ]
            ],
            "flags": {},
            "group_id": null,
            "label": "pickable_smartpac"
        },
        {
            "shape_type": "polygon",
            "points": [
                [
                    176.25262681569032,
                    271.77730963677186
                ],
                [
                    291.2228637361166,
                    259.2993679797274
                ],
                [
                    288.43098556352777,
                    142.54809894419438
                ],
                [
                    174.2177875939846,
                    141.27906341119944
                ]
            ],
            "flags": {},
            "group_id": null,
            "label": "pickable_smartpac"
        }
    ],
    "imagePath": "1616051031-580433-por1094.png",
    "flags": {},
    "imageWidth": 640,
    "imageHeight": 360
}