{
    "shapes": [
        {
            "shape_type": "polygon",
            "points": [
                [
                    192.2727316108209,
                    136.77294128534822
                ],
                [
                    205.71359182587466,
                    263.65466171545575
                ],
                [
                    315.39101118071335,
                    252.63315633911168
                ],
                [
                    302.48778537426176,
                    131.93423160792887
                ]
            ],
            "flags": {},
            "group_id": null,
            "label": "pickable_smartpac"
        },
        {
            "shape_type": "polygon",
            "points": [
                [
                    457.07100762610577,
                    53.79951197760805
                ],
                [
                    461.20323903106447,
                    173.84083429165764
                ],
                [
                    303.55861093189094,
                    185.8243053660378
                ],
                [
                    288.0627431632958,
                    61.65075164702954
                ]
            ],
            "flags": {},
            "group_id": null,
            "label": "pickable_smartpac"
        }
    ],
    "imagePath": "1616051512-308924-por1094.png",
    "flags": {},
    "imageWidth": 640,
    "imageHeight": 360
}