{
    "shapes": [
        {
            "shape_type": "polygon",
            "points": [
                [
                    202.6684688742549,
                    50.84163936578043
                ],
                [
                    327.0517974072176,
                    20.93918541587176
                ],
                [
                    370.02888063831705,
                    161.62945105855553
                ],
                [
                    272.6689709313679,
                    192.0948796159634
                ]
            ],
            "flags": {},
            "group_id": null,
            "label": "pickable_smartpac"
        },
        {
            "shape_type": "polygon",
            "points": [
                [
                    63.77005008177168,
                    110.105830622655
                ],
                [
                    166.31520147166844,
                    19.120539832086404
                ],
                [
                    197.46751747053182,
                    150.98506100287358
                ],
                [
                    140.52251525117478,
                    194.19755680488333
                ]
            ],
            "flags": {},
            "group_id": null,
            "label": "pickable_smartpac"
        },
        {
            "shape_type": "polygon",
            "points": [
                [
                    390.5325602850417,
                    139.89177245042347
                ],
                [
                    396.9375189627276,
                    259.10664848348137
                ],
                [
                    470.0780148304962,
                    258.69342534298545
                ],
                [
                    465.7391718552896,
                    135.34631790496894
                ]
            ],
            "flags": {},
            "group_id": null,
            "label": "pickable_smartpac"
        },
        {
            "shape_type": "polygon",
            "points": [
                [
                    337.49673919959275,
                    30.825669893682516
                ],
                [
                    340.30126323950327,
                    144.38866857707905
                ],
                [
                    459.9941588538969,
                    135.40049776649818
                ],
                [
                    456.23985900735397,
                    28.18778383006785
                ]
            ],
            "flags": {},
            "group_id": null,
            "label": "pickable_smartpac"
        }
    ],
    "imagePath": "1616051025-315290-por1094.png",
    "flags": {},
    "imageWidth": 640,
    "imageHeight": 360
}