{
    "shapes": [
        {
            "shape_type": "polygon",
            "points": [
                [
                    208.36511968901317,
                    188.21068466417304
                ],
                [
                    254.4112903225806,
                    261.46195202646817
                ],
                [
                    331.024193548387,
                    217.64474772539288
                ],
                [
                    285.78145773308466,
                    140.36804019474485
                ]
            ],
            "flags": {},
            "group_id": null,
            "label": "pickable_box"
        },
        {
            "shape_type": "polygon",
            "points": [
                [
                    345.24356398411555,
                    81.01628033543206
                ],
                [
                    356.4486379798872,
                    250.5723057054109
                ],
                [
                    464.05963163739256,
                    246.76680887665827
                ],
                [
                    455.391555527456,
                    79.11353192105574
                ]
            ],
            "flags": {},
            "group_id": null,
            "label": "pickable_smartpac"
        }
    ],
    "imagePath": "1616051435-253299-por1094.png",
    "flags": {},
    "imageWidth": 640,
    "imageHeight": 360
}