{
    "shapes": [
        {
            "shape_type": "polygon",
            "points": [
                [
                    130.3509833629457,
                    124.96884674606845
                ],
                [
                    229.12434013670403,
                    150.47315048767393
                ],
                [
                    255.83340213988365,
                    45.70367512996328
                ],
                [
                    157.7411922829679,
                    19.789525686402072
                ]
            ],
            "flags": {},
            "group_id": null,
            "label": "pickable_box"
        },
        {
            "shape_type": "polygon",
            "points": [
                [
                    334.1535422093288,
                    38.941624251270795
                ],
                [
                    459.78955003711746,
                    33.070782763990955
                ],
                [
                    464.68191794318403,
                    204.49935419256238
                ],
                [
                    343.9382780214619,
                    209.39172209862892
                ]
            ],
            "flags": {},
            "group_id": null,
            "label": "pickable_flat"
        }
    ],
    "imagePath": "1616050773-888579-por1094.png",
    "flags": {},
    "imageWidth": 640,
    "imageHeight": 360
}