{
    "shapes": [
        {
            "shape_type": "polygon",
            "points": [
                [
                    311.32915574913096,
                    126.20967741935485
                ],
                [
                    322.9157568561737,
                    249.89739355143874
                ],
                [
                    435.63435781006876,
                    240.51742534794113
                ],
                [
                    423.7106694157921,
                    122.0754539647933
                ]
            ],
            "flags": {},
            "group_id": null,
            "label": "pickable_smartpac"
        },
        {
            "shape_type": "polygon",
            "points": [
                [
                    252.82470323570828,
                    33.83401734100373
                ],
                [
                    253.50652141752647,
                    144.97038097736734
                ],
                [
                    123.05197596298103,
                    147.01583552282187
                ],
                [
                    123.73379414479922,
                    32.69765370464009
                ]
            ],
            "flags": {},
            "group_id": null,
            "label": "pickable_smartpac"
        }
    ],
    "imagePath": "1616051452-918608-por1094.png",
    "flags": {},
    "imageWidth": 640,
    "imageHeight": 360
}