{
    "shapes": [
        {
            "shape_type": "polygon",
            "points": [
                [
                    402.98534158149545,
                    20.38918773534156
                ],
                [
                    335.1531737493276,
                    107.80177514792899
                ],
                [
                    402.28604088219475,
                    157.1024744486283
                ],
                [
                    470.46785906401294,
                    67.41715976331369
                ]
            ],
            "flags": {},
            "group_id": null,
            "label": "pickable_box"
        },
        {
            "shape_type": "polygon",
            "points": [
                [
                    428.622607541342,
                    113.98457084685371
                ],
                [
                    346.63336022951404,
                    204.57596869631607
                ],
                [
                    420.55809141230975,
                    266.1351084812623
                ],
                [
                    485.3430376488689,
                    182.5329579436279
                ]
            ],
            "flags": {},
            "group_id": null,
            "label": "pickable_smartpac"
        },
        {
            "shape_type": "polygon",
            "points": [
                [
                    42.54542996292375,
                    72.79095883438313
                ],
                [
                    20.65193883866339,
                    154.44776356811096
                ],
                [
                    115.03063706351547,
                    223.08681682254883
                ],
                [
                    135.44483824694743,
                    144.68444995864348
                ]
            ],
            "flags": {},
            "group_id": null,
            "label": "pickable_smartpac"
        },
        {
            "shape_type": "polygon",
            "points": [
                [
                    203.73101130429862,
                    84.0589427167779
                ],
                [
                    200.02730760059492,
                    225.2626464204816
                ],
                [
                    310.2124927857801,
                    219.70709086492604
                ],
                [
                    296.3236038968912,
                    91.00338716122235
                ]
            ],
            "flags": {},
            "group_id": null,
            "label": "pickable_polybag"
        }
    ],
    "imagePath": "1616051367-666795-por1094.png",
    "flags": {},
    "imageWidth": 640,
    "imageHeight": 360
}