{
    "shapes": [
        {
            "shape_type": "polygon",
            "points": [
                [
                    268.5944667220891,
                    111.52376013339244
                ],
                [
                    207.0242187882048,
                    209.45764443091312
                ],
                [
                    297.5200865567999,
                    266.069214678847
                ],
                [
                    352.89198738324615,
                    173.9204543482685
                ]
            ],
            "flags": {},
            "group_id": null,
            "label": "pickable_smartpac"
        },
        {
            "shape_type": "polygon",
            "points": [
                [
                    355.1647146559734,
                    113.38326426562385
                ],
                [
                    360.94983862291554,
                    237.970041125128
                ],
                [
                    465.17362789727383,
                    228.8707901226475
                ],
                [
                    475.15095216031233,
                    109.82317107502844
                ]
            ],
            "flags": {},
            "group_id": null,
            "label": "pickable_smartpac"
        },
        {
            "shape_type": "polygon",
            "points": [
                [
                    147.12176407934754,
                    74.36941026348309
                ],
                [
                    212.33212006640258,
                    146.21407045765784
                ],
                [
                    117.8337381893799,
                    217.24966916315947
                ],
                [
                    57.801375729832976,
                    135.53445880717243
                ]
            ],
            "flags": {},
            "group_id": null,
            "label": "pickable_smartpac"
        }
    ],
    "imagePath": "1616051464-782738-por1094.png",
    "flags": {},
    "imageWidth": 640,
    "imageHeight": 360
}