{
    "shapes": [
        {
            "shape_type": "polygon",
            "points": [
                [
                    403.3161646046262,
                    0
                ],
                [
                    337.8616191500808,
                    42.23964497041419
                ],
                [
                    385.134346422808,
                    199.51237224314147
                ],
                [
                    486.0434373318989,
                    144.057826788596
                ]
            ],
            "flags": {},
            "group_id": null,
            "label": "pickable_flat"
        },
        {
            "shape_type": "polygon",
            "points": [
                [
                    243.2462345346961,
                    99.40747713824636
                ],
                [
                    355.13434642280794,
                    86.47041420118343
                ],
                [
                    396.74273803119956,
                    244.16272189349112
                ],
                [
                    262.47700376546527,
                    271.08579881656806
                ]
            ],
            "flags": {},
            "group_id": null,
            "label": "pickable_smartpac"
        }
    ],
    "imagePath": "1616051289-742238-por1094.png",
    "flags": {},
    "imageWidth": 640,
    "imageHeight": 360
}